square_footage,bedrooms,bathrooms,price
1056.0,2.0,2.0,39.07
2600.0,4.0,5.0,120.0
1440.0,3.0,2.0,62.0
1521.0,3.0,3.0,95.0
1200.0,2.0,2.0,51.0
1170.0,2.0,2.0,38.0
2732.0,4.0,4.0,204.0
3300.0,4.0,4.0,600.0
1310.0,3.0,3.0,63.25
1020.0,6.0,6.0,370.0
1800.0,3.0,2.0,70.0
2785.0,4.0,5.0,295.0
1000.0,2.0,2.0,38.0
1100.0,2.0,2.0,40.0
2250.0,3.0,3.0,148.0
1175.0,2.0,2.0,73.5
1180.0,3.0,3.0,48.0
1540.0,3.0,3.0,60.0
2770.0,3.0,4.0,290.0
1100.0,2.0,2.0,48.0
600.0,1.0,1.0,15.0
1755.0,3.0,3.0,122.0
2800.0,4.0,5.0,380.0
1767.0,3.0,3.0,103.0
510.0,1.0,1.0,25.25
1250.0,3.0,3.0,56.0
660.0,2.0,1.0,23.1
1610.0,3.0,3.0,81.0
1151.0,2.0,2.0,48.77
1025.0,3.0,2.0,47.0
2475.0,4.0,4.0,186.0
1075.0,3.0,2.0,35.0
1760.0,3.0,2.0,123.0
1693.0,3.0,3.0,57.39
1925.0,3.0,3.0,125.0
700.0,2.0,2.0,36.0
1070.0,2.0,2.0,45.5
1724.0,3.0,3.0,125.0
1290.0,3.0,2.0,56.12
1143.0,2.0,2.0,45.0
1296.0,2.0,2.0,81.0
1254.0,3.0,3.0,38.0
600.0,1.0,1.0,38.0
660.0,1.0,1.0,48.0
1330.74,2.0,2.0,91.79
600.0,8.0,9.0,200.0
970.0,2.0,2.0,33.0
1459.0,2.0,2.0,94.82
800.0,2.0,1.0,130.0
869.0,2.0,2.0,36.0
1270.0,2.0,2.0,50.0
1670.0,3.0,3.0,99.0
2010.0,3.0,3.0,91.0
1185.0,2.0,2.0,75.0
1600.0,3.0,2.0,75.0
1200.0,2.0,2.0,44.0
3210.0,4.0,2.0,192.0
1500.0,2.0,2.0,185.0
1407.0,6.0,4.0,150.0
840.0,2.0,2.0,45.0
4395.0,3.0,3.0,240.0
845.0,2.0,2.0,55.0
5700.0,4.0,5.0,650.0
1160.0,2.0,2.0,44.0
3000.0,8.0,8.0,140.0
1100.0,2.0,2.0,62.0
1140.0,2.0,2.0,43.0
1220.0,2.0,2.0,57.0
1350.0,8.0,7.0,85.0
1005.0,2.0,2.0,36.68
500.0,3.0,3.0,100.0
1358.0,2.0,2.0,80.58
1569.0,3.0,3.0,101.0
1240.0,2.0,2.0,70.0
2089.0,3.0,3.0,140.0
1206.0,2.0,2.0,48.23
1150.0,2.0,2.0,40.0
2511.0,3.0,3.0,205.0
460.0,2.0,1.0,22.0
4400.0,6.0,6.0,250.0
1660.0,3.0,2.0,105.0
3203.5,4.0,2.0,224.5
1326.0,2.0,2.0,78.0
1325.0,3.0,2.0,60.8
1499.0,3.0,5.0,102.0
3000.0,6.0,7.0,210.0
1665.0,3.0,3.0,88.0
708.0,2.0,2.0,37.0
1060.0,2.0,2.0,58.06
710.0,6.0,6.0,160.0
1000.0,2.0,2.0,70.0
1000.0,2.0,2.0,28.88
1450.0,3.0,2.0,70.0
1200.0,4.0,4.0,155.0
1296.0,2.0,2.0,80.0
1540.0,3.0,3.0,90.0
2894.0,4.0,4.0,245.0
1330.0,3.0,2.0,48.0
1200.0,2.0,2.0,65.0
1200.0,3.0,3.0,90.0
2502.0,3.0,3.0,138.0
650.0,2.0,1.0,17.0
2400.0,3.0,2.0,150.0
1007.0,2.0,2.0,43.0
1200.0,2.0,2.0,50.0
966.0,2.0,2.0,49.9
1630.0,3.0,2.0,98.0
1640.0,3.0,3.0,229.0
782.0,2.0,2.0,55.68
1260.0,2.0,2.0,66.78
1800.0,3.0,3.0,120.0
1413.0,3.0,2.0,75.0
1116.0,2.0,2.0,51.91
1530.0,3.0,2.0,45.9
3700.0,4.0,4.0,225.0
2497.0,3.0,3.0,140.0
1540.0,3.0,2.0,64.0
1436.0,3.0,3.0,74.75
1100.0,2.0,2.0,75.0
276.0,2.0,3.0,23.0
1427.0,3.0,3.0,120.0
2061.0,3.0,3.0,200.0
5611.5,4.0,4.0,477.0
2650.0,4.0,4.0,150.0
1282.0,3.0,2.0,68.52
1050.0,2.0,2.0,34.0
1600.0,3.0,3.0,65.0
945.0,2.0,2.0,54.0
1500.0,2.0,2.0,78.0
950.0,7.0,7.0,115.0
1870.0,3.0,3.0,110.0
1600.0,3.0,3.0,75.0
880.0,2.0,1.0,16.5
1200.0,4.0,4.0,210.0
1535.0,3.0,3.0,83.0
950.0,2.0,2.0,57.0
1360.0,2.0,2.0,65.0
1073.5,2.0,2.0,54.005
1280.0,3.0,3.0,50.4
1260.0,3.0,2.0,85.05
5000.0,8.0,8.0,250.0
3050.0,5.0,5.0,213.0
1563.05,3.0,3.0,105.0
1000.0,2.0,2.0,60.0
1167.0,2.0,2.0,43.76
4000.0,7.0,7.0,225.0
1828.0,3.0,3.0,110.0
890.0,2.0,2.0,35.0
1612.0,3.0,3.0,46.74
1034.0,6.0,5.0,185.0
1710.0,3.0,4.0,91.31
957.0,2.0,2.0,58.0
1250.0,3.0,2.0,44.0
2795.0,3.0,4.0,235.0
1125.0,2.0,2.0,50.0
1020.0,2.0,2.0,30.6
1200.0,2.0,2.0,50.0
1735.0,3.0,3.0,135.0
2050.0,3.0,3.0,145.0
3750.0,4.0,4.0,760.0
1350.0,3.0,2.0,48.0
1063.0,2.0,2.0,32.0
1904.0,3.0,3.0,150.0
4200.0,4.0,4.0,420.0
2000.0,3.0,3.0,175.0
1242.5,2.0,2.0,43.49
1425.0,3.0,2.0,75.0
1500.0,3.0,2.0,64.5
1060.0,2.0,2.0,60.0
1470.0,3.0,2.0,70.0
1300.0,6.0,6.0,99.0
450.0,1.0,1.0,11.0
1152.0,2.0,2.0,64.5
1350.0,3.0,2.0,56.0
1550.0,3.0,3.0,65.0
1500.0,3.0,3.0,100.0
600.0,5.0,3.0,85.0
400.0,1.0,1.0,14.0
705.0,1.0,1.0,67.0
770.0,2.0,1.0,36.0
1242.0,2.0,2.0,51.0
1700.0,3.0,3.0,155.0
2144.0,3.0,3.0,145.0
1704.0,3.0,3.0,110.0
1070.0,2.0,2.0,52.0
1846.0,3.0,3.0,300.0
1340.0,2.0,2.0,55.7
1025.0,2.0,2.0,46.0
1277.5,2.0,2.0,56.8
1200.0,2.0,2.0,52.0
2250.0,4.0,4.0,110.0
1550.0,3.0,2.0,80.0
1200.0,4.0,5.0,325.0
1800.0,7.0,7.0,250.0
1200.0,2.0,2.0,60.0
1327.0,2.0,2.0,98.0
1186.0,2.0,2.0,58.0
1783.0,3.0,3.0,115.0
1400.0,3.0,3.0,56.0
980.0,2.0,2.0,48.0
1285.0,2.0,2.0,82.0
912.0,3.0,2.0,70.0
1225.0,2.0,2.0,47.6
1075.0,2.0,2.0,53.0
1260.0,3.0,2.0,54.0
1282.0,3.0,2.0,48.7
1909.0,3.0,3.0,88.0
1359.0,2.0,2.0,87.0
1207.0,2.0,2.0,43.5
1736.0,4.0,6.0,190.0
2850.0,4.0,4.0,428.0
1595.0,3.0,3.0,65.0
1798.0,3.0,3.0,89.0
1475.0,3.0,3.0,78.29
1580.0,3.0,3.0,100.0
1295.0,2.0,2.0,65.0
3600.0,6.0,6.0,141.0
589.0,1.0,1.0,27.0
1415.0,3.0,3.0,78.0
1787.0,3.0,3.0,98.29
1787.0,3.0,3.0,125.0
1475.0,3.0,2.0,90.0
2000.0,4.0,4.0,75.5
984.0,2.0,2.0,44.28
1630.0,3.0,2.0,74.82
2405.0,3.0,4.0,260.0
1080.0,2.0,2.0,72.0
1500.0,2.0,2.0,115.0
1900.0,3.0,3.0,119.0
805.0,2.0,2.0,22.14
1153.0,2.0,2.0,56.4
1148.0,2.0,2.0,60.0
1110.0,2.0,2.0,55.0
1100.0,2.0,2.0,42.0
1290.0,2.0,2.0,110.0
1500.0,3.0,2.0,65.0
1080.0,2.0,2.0,39.0
1933.0,3.0,3.0,129.0
3500.0,5.0,5.0,150.0
1060.0,2.0,2.0,60.0
645.0,1.0,1.0,16.45
2600.0,8.0,8.0,180.0
645.0,1.0,1.0,16.45
1644.0,3.0,3.0,84.0
1285.0,2.0,2.0,72.5
1200.0,3.0,3.0,90.0
910.0,2.0,2.0,40.0
1577.0,3.0,3.0,70.0
4050.0,3.0,3.0,280.0
2420.0,3.0,3.0,185.0
800.0,2.0,1.0,20.0
1060.0,2.0,2.0,55.0
1270.0,2.0,2.0,93.0
900.0,2.0,2.0,22.5
1280.0,2.0,2.0,69.0
1200.0,4.0,2.0,95.0
1025.0,2.0,2.0,36.0
1108.0,2.0,2.0,63.0
1200.0,5.0,5.0,170.0
3045.0,3.0,3.0,170.0
2900.0,4.0,3.0,300.0
1500.0,3.0,3.0,75.5
1295.0,2.0,2.0,43.9
1162.0,2.0,2.0,59.9
1035.0,2.0,2.0,49.2
1600.0,4.0,4.0,52.8
1464.0,3.0,3.0,46.0
1866.0,3.0,2.0,61.58
700.0,2.0,1.0,26.0
1804.0,3.0,3.0,120.0
913.0,2.0,2.0,32.0
1868.0,3.0,3.0,131.0
883.0,2.0,2.0,45.0
900.0,2.0,2.0,110.0
1664.0,3.0,2.0,73.95
2026.0,3.0,3.0,132.0
1210.0,2.0,2.0,80.9
4111.0,4.0,4.0,250.0
1762.0,3.0,3.0,91.45
1252.0,3.0,3.0,55.0
861.0,2.0,2.0,34.5
1420.0,3.0,2.0,100.0
1450.0,6.0,6.0,250.0
1490.0,3.0,3.0,78.8
1075.0,3.0,2.0,46.0
1425.0,3.0,2.0,94.0
1200.0,2.0,2.0,40.0
1280.0,3.0,2.0,56.0
1084.0,2.0,2.0,50.0
1015.0,2.0,2.0,25.88
1017.0,2.0,2.0,51.25
1027.0,2.0,2.0,44.0
1069.0,2.0,2.0,45.0
1349.0,2.0,2.0,98.2
1005.0,2.0,2.0,50.0
1417.0,2.0,2.0,75.0
1475.0,3.0,3.0,98.0
950.0,2.0,2.0,47.0
2000.0,4.0,4.0,120.0
880.0,3.0,3.0,140.0
1863.0,4.0,3.0,104.0
1010.0,2.0,2.0,29.5
1425.0,3.0,2.0,70.0
1450.0,3.0,3.0,100.0
1847.0,3.0,3.0,105.0
1100.0,2.0,2.0,45.0
525.0,1.0,1.0,26.0
1665.0,3.0,3.0,95.0
1664.0,4.0,4.0,65.0
1850.0,3.0,3.0,150.0
1438.0,2.0,2.0,100.0
1560.0,3.0,3.0,115.0
1350.0,2.0,2.0,55.55
1550.0,3.0,3.0,67.0
1140.0,2.0,2.0,46.5
1200.0,5.0,5.0,180.0
850.0,2.0,2.0,27.0
1280.0,2.0,2.0,75.0
1170.0,2.0,2.0,52.0
1113.0,2.0,2.0,51.0
1385.0,2.0,2.0,83.09
1128.0,2.0,2.0,65.0
1200.0,2.0,2.0,128.0
1200.0,4.0,4.0,165.0
2390.0,3.0,3.0,415.0
2400.0,4.0,4.0,400.0
1464.0,3.0,3.0,56.0
1200.0,2.0,2.0,55.0
1200.0,2.0,2.0,52.0
1150.0,3.0,2.0,55.0
1645.0,3.0,3.0,95.0
1000.0,2.0,2.0,67.0
2650.0,4.0,4.0,198.0
1192.0,2.0,2.0,74.0
2135.0,3.0,3.0,215.0
1173.0,2.0,2.0,58.0
1020.0,2.0,2.0,45.0
3122.0,4.0,6.0,230.0
1600.0,3.0,3.0,64.0
1200.0,2.0,2.0,79.0
1230.0,2.0,2.0,48.0
1250.0,2.0,2.0,40.0
1325.0,2.0,2.0,76.0
1850.0,3.0,3.0,150.0
525.0,1.0,2.0,21.53
1200.0,2.0,2.0,65.0
1350.0,3.0,2.0,140.0
1260.0,3.0,3.0,49.36
1800.0,3.0,3.0,150.0
11.0,3.0,3.0,74.0
1100.0,2.0,2.0,43.25
1508.0,2.0,2.0,77.0
1592.0,3.0,3.0,75.0
1388.0,2.0,2.0,57.0
630.0,1.0,1.0,28.35
2000.0,3.0,3.0,365.0
1762.0,3.0,3.0,125.0
950.0,2.0,2.0,50.0
3252.0,4.0,5.0,335.0
1116.0,2.0,2.0,50.0
1308.0,2.0,2.0,89.04
1200.0,3.0,3.0,90.0
1500.0,4.0,4.0,230.0
500.0,1.0,1.0,18.5
1075.0,2.0,2.0,52.0
530.0,1.0,1.0,11.66
1205.0,2.0,2.0,66.0
1075.0,2.0,2.0,60.0
930.0,2.0,2.0,39.0
1380.0,2.0,2.0,60.0
2483.0,4.0,5.0,212.0
1166.0,2.0,2.0,55.0
1050.0,2.0,2.0,65.0
2023.71,3.0,3.0,275.0
1200.0,2.0,2.0,46.8
1600.0,3.0,2.0,108.0
1935.0,3.0,3.0,110.0
451.0,1.0,1.0,29.9
1800.0,3.0,3.0,95.0
1400.0,3.0,3.0,77.0
1801.0,3.0,3.0,115.0
1451.0,2.0,2.0,90.0
1200.0,2.0,1.0,36.0
1160.0,2.0,2.0,44.0
1000.0,2.0,2.0,25.0
950.0,2.0,2.0,40.0
1629.0,3.0,3.0,79.0
1580.0,3.0,2.0,134.0
1826.0,3.0,3.0,121.0
1245.0,2.0,2.0,94.0
1145.0,2.0,2.0,45.79
825.0,2.0,2.0,33.0
1693.0,3.0,3.0,108.0
1113.27,2.0,2.0,53.0
1460.0,2.0,2.0,58.0
1050.0,2.0,2.0,32.0
1260.0,2.0,2.0,55.0
700.0,6.0,3.0,120.0
1656.0,2.0,2.0,120.0
1208.0,3.0,3.0,45.0
1910.0,3.0,3.0,161.0
3252.0,4.0,4.0,230.0
1200.0,2.0,2.0,65.0
1200.0,4.0,4.0,175.0
1175.0,2.0,2.0,82.0
1000.0,2.0,2.0,165.0
1200.0,4.0,2.0,125.0
2390.0,3.0,3.0,410.0
12000.0,7.0,6.0,2200.0
550.0,2.0,1.0,62.0
1185.0,2.0,2.0,38.0
750.0,2.0,2.0,38.0
1200.0,6.0,7.0,250.0
1550.0,3.0,3.0,64.5
1760.0,3.0,3.0,88.0
1125.0,2.0,2.0,62.0
1350.0,3.0,3.0,150.0
1000.0,2.0,2.0,55.0
1090.0,2.0,2.0,31.48
1200.0,2.0,2.0,60.0
1991.0,3.0,4.0,103.0
1060.0,2.0,2.0,26.5
1105.0,2.0,2.0,75.0
985.0,2.0,2.0,67.0
1533.0,6.0,5.0,85.0
1590.0,3.0,3.0,79.0
1120.0,2.0,2.0,55.0
1069.0,2.0,2.0,55.0
1933.0,3.0,3.0,140.0
1194.0,2.0,2.0,69.0
1150.0,2.0,2.0,69.0
1240.0,2.0,2.0,47.12
1419.0,2.0,2.0,48.1
1200.0,8.0,8.0,250.0
2150.0,3.0,4.0,240.0
1450.0,3.0,3.0,55.0
1630.0,3.0,3.0,68.29
708.0,2.0,1.0,40.0
1000.0,3.0,4.0,110.0
11890.0,4.0,4.0,700.0
1250.0,2.0,2.0,76.0
1400.0,3.0,2.0,95.0
1670.0,3.0,2.0,57.0
1750.0,3.0,3.0,100.0
1404.0,2.0,2.0,71.0
1715.0,3.0,2.0,95.0
630.0,1.0,1.0,34.65
1752.12,3.0,3.0,135.0
1650.0,3.0,3.0,78.0
1295.0,2.0,2.0,55.47
1800.0,3.0,3.0,252.0
1346.0,2.0,2.0,74.03
1200.0,4.0,4.0,200.0
1150.0,2.0,2.0,55.0
3309.0,4.0,4.0,325.0
1190.0,3.0,2.0,30.35
1620.0,3.0,3.0,98.0
950.0,2.0,2.0,46.96
5000.0,11.0,9.0,360.0
2450.0,3.0,3.0,120.0
1220.0,3.0,2.0,35.23
850.0,2.0,2.0,30.0
1020.0,2.0,2.0,63.0
1100.0,2.0,2.0,50.0
1150.0,2.0,2.0,126.0
1760.0,3.0,2.0,130.0
1800.0,3.0,3.0,110.0
1070.0,2.0,2.0,54.0
1500.0,4.0,4.0,220.0
1440.0,2.0,2.0,95.0
900.0,2.0,2.0,40.0
1200.0,4.0,4.0,230.0
1130.0,2.0,2.0,42.16
1320.0,2.0,2.0,165.0
1270.0,2.0,2.0,98.0
1200.0,2.0,2.0,62.0
4800.0,4.0,4.0,235.0
1200.0,2.0,2.0,74.0
929.0,2.0,2.0,50.17
1150.0,4.0,4.0,260.0
1125.0,4.0,4.0,180.0
500.0,5.0,3.0,65.0
1200.0,5.0,5.0,190.0
1464.0,3.0,3.0,56.0
3600.0,4.0,4.0,400.0
2000.0,4.0,4.0,99.0
1208.0,2.0,2.0,49.0
1130.0,2.0,2.0,60.0
1753.0,3.0,3.0,120.0
4500.0,5.0,7.0,337.0
600.0,3.0,3.0,58.0
1196.0,2.0,2.0,94.42
1150.0,2.0,3.0,52.5
1128.0,2.0,2.0,63.0
1000.0,2.0,2.0,53.0
1035.0,2.0,2.0,45.0
950.0,2.0,2.0,32.0
1075.0,3.0,2.0,36.0
1040.0,2.0,2.0,48.5
720.0,2.0,2.0,45.0
1511.0,3.0,3.0,95.0
1300.0,3.0,3.0,58.0
1545.0,3.0,3.0,68.75
375.0,1.0,2.0,26.0
1062.0,2.0,2.0,38.0
1115.0,2.0,2.0,40.0
1000.0,2.0,2.0,35.0
883.0,2.0,2.0,45.0
1195.0,2.0,2.0,70.0
1200.0,4.0,3.0,165.0
700.0,1.0,1.0,41.0
1246.0,2.0,2.0,67.0
660.0,4.0,4.0,90.0
8500.0,4.0,4.0,145.0
1600.0,4.0,4.0,80.0
2805.0,4.0,5.0,154.0
1584.0,3.0,3.0,65.0
3000.0,4.0,5.0,275.0
1175.0,3.0,2.0,48.0
1595.0,3.0,3.0,115.0
1353.0,2.0,2.0,110.0
1599.0,3.0,3.0,125.0
1150.0,2.0,2.0,70.0
5230.0,4.0,6.0,465.0
1155.0,2.0,2.0,42.74
1200.0,1.0,2.0,85.0
1000.0,2.0,2.0,25.0
3000.0,4.0,4.0,120.0
1867.0,3.0,3.0,160.0
1251.0,2.0,2.0,47.0
1028.0,2.0,2.0,45.5
1222.0,2.0,2.0,45.0
1170.0,3.0,2.0,66.0
2400.0,3.0,4.0,245.0
1385.0,3.0,2.0,48.48
1372.0,2.0,2.0,68.0
1282.0,3.0,2.0,49.0
5000.0,9.0,9.0,210.0
3000.0,5.0,3.0,528.0
1135.0,2.0,2.0,39.73
1768.0,3.0,3.0,101.0
1325.0,3.0,2.0,90.0
1599.0,3.0,3.0,99.0
1500.0,3.0,3.0,61.95
2610.0,3.0,3.0,499.0
1286.0,2.0,2.0,63.0
2845.0,5.0,5.0,140.0
1600.0,3.0,2.0,50.0
1317.5,2.0,2.0,63.77
3450.0,3.0,5.0,260.0
1102.0,2.0,2.0,53.67
1350.0,2.0,2.0,54.0
1200.0,3.0,2.0,42.0
1300.0,6.0,6.0,145.0
1800.0,2.0,1.0,80.0
950.0,2.0,2.0,40.0
525.0,1.0,1.0,27.25
656.0,2.0,2.0,25.0
1780.0,4.0,4.0,175.0
1056.0,2.0,2.0,80.0
595.0,1.0,1.0,33.32
1080.0,2.0,2.0,50.0
2225.0,3.0,3.0,160.0
1126.0,2.0,2.0,28.15
1490.0,3.0,3.0,84.0
2000.0,4.0,4.0,300.0
1550.0,3.0,3.0,100.0
1600.0,3.0,3.0,86.0
1160.0,2.0,2.0,55.0
4144.0,4.0,4.0,315.0
2100.0,3.0,3.0,125.0
1404.0,2.0,2.0,69.3
2230.0,4.0,4.0,225.0
1544.0,3.0,3.0,120.0
1305.0,3.0,2.0,58.7
1230.0,2.0,2.0,80.0
1200.0,2.0,2.0,65.0
1460.0,3.0,3.0,73.0
967.0,2.0,2.0,45.0
540.0,1.0,1.0,36.0
715.0,1.0,1.0,46.0
2500.0,3.0,3.0,313.0
1578.0,3.0,3.0,180.0
1020.0,2.0,2.0,48.95
1020.0,2.0,2.0,40.0
1253.0,2.0,2.0,102.0
1180.0,2.0,2.0,42.0
961.0,2.0,2.0,38.0
1419.0,3.0,3.0,75.0
1709.0,3.0,3.0,150.0
1600.0,2.0,2.0,115.0
416.0,1.0,1.0,18.5
1100.0,2.0,2.0,98.0
1430.0,3.0,2.0,65.0
1260.0,2.0,2.0,45.0
1630.0,3.0,3.0,85.0
1249.0,3.0,3.0,44.71
1450.0,3.0,2.0,85.0
2791.0,3.0,3.0,223.0
600.0,1.0,1.0,90.0
834.0,1.0,1.0,60.0
1125.0,3.0,4.0,70.0
2060.0,3.0,3.0,140.0
12000.0,7.0,7.0,2200.0
891.0,2.0,2.0,25.0
1133.0,2.0,2.0,49.07
1075.0,3.0,2.0,37.0
3000.0,4.0,5.0,260.0
2440.0,4.0,5.0,425.0
1200.0,2.0,2.0,55.0
1075.0,2.0,2.0,45.8
1140.0,2.0,2.0,40.0
940.0,5.0,4.0,150.0
2160.0,6.0,5.0,250.0
1090.0,2.0,2.0,42.0
1500.0,4.0,4.0,70.0
4104.0,4.0,4.0,360.0
1790.0,3.0,3.0,100.0
1920.0,3.0,3.0,134.0
1374.0,2.0,2.0,95.0
1445.0,3.0,3.0,95.0
711.0,1.0,1.0,36.0
1500.0,3.0,3.0,95.0
1720.0,3.0,3.0,100.0
1400.0,3.0,3.0,60.0
1030.0,2.0,2.0,49.0
1200.0,2.0,2.0,85.0
1375.0,3.0,3.0,70.0
1050.0,2.0,1.0,56.0
2250.0,3.0,3.0,160.0
1000.0,2.0,2.0,50.0
469.0,1.0,1.0,25.0
3800.0,4.0,4.0,250.0
883.0,2.0,2.0,29.0
1820.0,3.0,2.0,86.0
1440.0,3.0,2.0,65.0
3600.0,6.0,4.0,160.0
2500.0,4.0,5.0,325.0
1225.0,2.0,2.0,48.0
4000.0,3.0,3.0,660.0
875.0,2.0,2.0,52.8
750.0,1.0,1.0,40.0
1180.0,2.0,2.0,80.0
1194.0,2.0,2.0,47.0
1500.0,3.0,2.0,62.0
1160.0,2.0,2.0,52.2
2378.0,3.0,3.0,262.0
1128.0,2.0,2.0,60.0
1500.0,3.0,3.0,150.0
1220.0,3.0,2.0,35.23
1210.0,2.0,2.0,58.0
1100.0,3.0,2.0,58.0
1200.0,3.0,3.0,46.0
3385.0,4.0,5.0,260.0
1641.0,3.0,3.0,66.0
1200.0,2.0,2.0,45.0
1260.0,2.0,2.0,67.39
1720.0,3.0,3.0,78.0
1132.5,2.0,2.0,48.13
1210.0,2.0,2.0,45.98
2200.0,4.0,4.0,200.0
1075.0,3.0,2.0,45.0
1702.0,3.0,3.0,130.0
1630.0,2.0,2.0,200.0
1141.0,2.0,2.0,38.55
2072.0,3.0,3.0,108.0
5520.0,5.0,2.0,375.0
1200.0,3.0,2.0,70.0
1350.0,3.0,3.0,77.0
4046.0,4.0,4.0,445.0
1180.0,3.0,2.0,78.34
35000.0,3.0,3.0,130.0
1355.0,2.0,2.0,115.0
600.0,1.0,1.0,50.0
1200.0,7.0,7.0,150.0
1640.0,3.0,2.0,120.0
1200.0,5.0,5.0,100.0
1190.0,3.0,2.0,57.0
2400.0,4.0,4.0,375.0
1019.0,2.0,2.0,49.85
1875.0,3.0,3.0,165.0
1250.0,3.0,3.0,40.0
1200.0,3.0,3.0,140.0
1140.0,2.0,2.0,56.0
1683.0,3.0,3.0,109.0
1515.0,3.0,3.0,83.3
2118.0,4.0,4.0,111.0
1380.0,4.0,3.0,58.0
1083.0,2.0,2.0,61.75
600.0,2.0,2.0,55.0
2300.0,3.0,3.0,120.0
1240.0,2.0,2.0,60.0
1750.0,3.0,3.0,120.0
1230.0,2.0,2.0,43.48
1500.0,3.0,3.0,139.0
985.0,2.0,2.0,40.39
1500.0,3.0,2.0,87.0
1125.0,2.0,2.0,32.49
950.0,2.0,2.0,44.0
5600.0,5.0,2.0,548.5
1580.0,3.0,3.0,76.0
1092.0,3.0,2.0,98.5
1090.0,2.0,2.0,28.34
2264.0,3.0,3.0,159.0
1033.0,3.0,2.0,25.53
810.0,2.0,2.0,24.5
1045.0,2.0,2.0,45.0
1337.0,2.0,2.0,82.0
1200.0,2.0,2.0,32.0
1580.0,3.0,3.0,160.0
1500.0,3.0,2.0,54.0
1640.0,3.0,4.0,91.0
1570.0,3.0,3.0,62.0
1470.0,3.0,2.0,82.0
1160.0,2.0,2.0,40.61
1050.0,2.0,2.0,71.0
1855.0,3.0,3.0,225.0
1460.0,3.0,2.0,90.0
1823.0,3.0,3.0,100.0
1094.0,2.0,2.0,42.0
1153.0,2.0,2.0,57.0
1325.0,3.0,3.0,57.0
1200.0,4.0,3.0,85.0
1590.0,3.0,2.0,125.0
1210.0,5.0,4.0,160.0
1200.0,4.0,4.0,220.0
1202.0,2.0,2.0,48.0
1202.0,2.0,2.0,53.0
1200.0,2.0,2.0,62.5
1688.0,3.0,3.0,118.0
1020.0,2.0,2.0,52.0
1185.0,2.0,2.0,47.0
1235.0,2.0,2.0,52.04
3205.0,4.0,5.0,500.0
1077.0,2.0,2.0,37.64
1415.0,3.0,2.0,66.0
2330.0,3.0,3.0,162.0
805.0,2.0,2.0,35.0
425.0,1.0,1.0,20.03
1155.0,2.0,2.0,59.95
5270.0,4.0,4.0,1250.0
656.0,2.0,2.0,22.0
1100.0,2.0,2.0,48.0
1150.0,2.0,2.0,52.0
600.0,1.0,1.0,60.0
1468.0,2.0,2.0,140.0
4300.0,4.0,5.0,550.0
2280.0,3.0,4.0,126.0
1341.0,2.0,2.0,97.0
1279.0,2.0,2.0,77.0
2225.0,4.0,4.0,98.88
1185.0,2.0,2.0,43.51
1750.0,3.0,3.0,85.0
1152.0,2.0,2.0,53.5
1000.0,5.0,4.0,160.0
1300.0,2.0,2.0,36.0
2760.0,4.0,4.0,155.0
1070.0,2.0,2.0,39.0
1101.0,2.0,2.0,45.0
775.0,2.0,2.0,55.0
667.0,1.0,1.0,36.85
1070.0,2.0,2.0,55.0
1875.0,3.0,2.0,110.0
735.0,2.0,2.0,57.99
4360.0,5.0,4.0,90.0
1750.0,3.0,3.0,130.0
1215.0,2.0,2.0,67.0
600.0,9.0,9.0,190.0
820.0,2.0,2.0,30.0
1177.5,2.0,2.0,59.935
1779.0,3.0,3.0,89.61
1105.0,2.0,2.0,58.0
1650.0,3.0,3.0,60.0
1694.0,2.0,2.0,150.0
2376.0,3.0,3.0,203.0
1975.0,3.0,3.0,150.0
674.0,2.0,2.0,33.0
1185.0,2.0,2.0,41.0
445.0,1.0,1.0,28.0
900.0,6.0,7.0,76.0
1475.0,3.0,3.0,75.0
1618.0,3.0,3.0,82.5
1120.0,2.0,2.0,65.0
2181.0,4.0,3.0,152.0
1200.0,4.0,4.0,90.0
600.0,6.0,4.0,65.0
1556.0,3.0,2.0,59.13
1179.0,2.0,2.0,66.02
1296.0,2.0,2.0,83.0
1275.0,2.0,2.0,52.0
1875.0,7.0,2.0,300.0
1400.0,3.0,2.0,77.0
1222.0,2.0,2.0,63.0
940.0,2.0,2.0,41.0
1185.0,2.0,2.0,42.6
1779.0,3.0,3.0,112.0
1615.0,3.0,3.0,59.76
4624.5,4.0,2.0,453.0
1056.0,2.0,2.0,61.0
1100.0,2.0,2.0,46.0
920.0,2.0,2.0,40.0
1602.0,3.0,2.0,75.0
1176.0,2.0,2.0,62.0
675.0,4.0,3.0,59.0
1352.0,3.0,3.0,135.0
1717.0,3.0,3.0,99.0
10961.0,4.0,4.0,80.0
2119.0,4.0,4.0,111.0
1246.0,2.0,2.0,67.3
1141.0,2.0,2.0,42.79
1157.0,2.0,2.0,84.0
1025.0,2.0,2.0,27.68
650.0,1.0,1.0,33.0
1349.0,2.0,2.0,98.0
1566.0,3.0,3.0,83.3
2830.0,4.0,3.0,195.0
1320.0,3.0,2.0,38.13
1780.0,3.0,3.0,84.83
1091.0,2.0,2.0,34.9
3670.0,4.0,4.0,300.0
918.0,2.0,2.0,50.49
1950.0,4.0,4.0,130.0
1695.0,3.0,3.0,90.0
1705.0,3.0,3.0,95.0
1375.0,3.0,3.0,75.0
525.0,1.0,1.0,30.0
1447.0,2.0,2.0,83.0
1114.0,2.0,2.0,39.0
1450.0,3.0,2.0,100.0
460.0,2.0,1.0,15.0
1022.0,2.0,2.0,40.0
1000.0,2.0,2.0,45.0
1128.0,2.0,2.0,68.75
1180.0,2.0,2.0,57.0
1000.0,6.0,6.0,69.0
1200.0,2.0,2.0,150.0
3761.0,3.0,3.0,660.0
1339.0,2.0,2.0,75.0
1400.0,3.0,2.0,55.0
1040.0,2.0,2.0,39.52
1198.0,2.0,2.0,58.0
1200.0,4.0,3.0,95.0
1691.0,3.0,3.0,113.0
1075.0,3.0,3.0,36.0
1630.0,3.0,3.0,194.0
1240.0,3.0,3.0,43.5
1122.5,2.0,2.0,58.935
1665.0,3.0,3.0,86.58
2489.0,3.0,3.0,94.0
1142.0,2.0,2.0,70.0
1976.0,3.0,3.0,184.0
5500.0,4.0,4.0,600.0
1853.0,3.0,3.0,82.0
600.0,8.0,4.0,72.0
1567.0,2.0,2.0,92.0
1090.0,2.0,2.0,27.24
1200.0,6.0,4.0,125.0
2400.0,4.0,4.0,640.0
1175.0,2.0,2.0,51.47
1200.0,2.0,2.0,52.0
995.0,2.0,2.0,41.0
884.0,2.0,2.0,41.1
900.0,5.0,3.0,80.0
1170.0,2.0,2.0,57.0
1225.0,2.0,2.0,46.55
1342.0,2.0,2.0,73.3
1345.0,2.0,2.0,67.0
1320.0,3.0,3.0,65.0
1140.0,2.0,2.0,49.39
1300.0,2.0,2.0,50.0
1652.0,3.0,3.0,85.0
2072.0,3.0,4.0,142.0
1740.0,3.0,2.0,95.0
1360.0,3.0,2.0,71.0
1145.0,3.0,2.0,60.0
1540.0,3.0,2.0,40.0
1278.0,2.0,2.0,95.0
630.0,1.0,1.0,40.0
1100.0,3.0,3.0,58.0
1200.0,3.0,3.0,95.0
2500.0,7.0,6.0,115.0
582.5,1.0,1.0,15.135
1015.0,2.0,2.0,25.88
3300.0,5.0,5.0,240.0
4500.0,5.0,5.0,415.0
1356.0,3.0,2.0,66.0
823.0,2.0,2.0,28.0
1200.0,3.0,2.0,66.0
1050.0,2.0,2.0,37.0
1180.0,2.0,2.0,69.0
1116.0,2.0,2.0,51.91
1070.0,2.0,2.0,42.79
1385.0,2.0,2.0,80.0
1000.0,1.0,1.0,70.0
1897.0,3.0,3.0,130.0
1005.0,2.0,2.0,55.78
1575.0,3.0,3.0,125.0
975.0,2.0,2.0,65.0
1904.0,3.0,3.0,120.0
930.0,1.0,1.0,30.0
525.0,1.0,1.0,26.0
686.0,1.0,1.0,17.0
2400.0,2.0,3.0,150.0
1410.0,2.0,1.0,233.0
2238.0,3.0,3.0,140.0
1174.0,2.0,2.0,69.0
3800.0,4.0,4.0,239.0
2225.0,3.0,2.0,125.0
1250.0,2.0,2.0,200.0
918.0,2.0,2.0,52.0
1250.0,2.0,2.0,52.0
1800.0,3.0,3.0,110.0
1170.0,2.0,2.0,53.0
1300.0,1.0,1.0,200.0
793.0,2.0,2.0,45.0
1710.0,3.0,3.0,107.0
1082.0,3.0,2.0,57.5
1001.0,2.0,2.0,33.03
1500.0,4.0,4.0,180.0
1590.0,3.0,2.0,54.0
2400.0,3.0,2.0,80.0
1554.0,3.0,3.0,55.0
1142.5,2.0,2.0,43.415
4239.0,5.0,5.0,423.0
884.0,2.0,1.0,58.0
1045.0,2.0,2.0,98.89
1019.0,2.0,2.0,49.86
1935.0,3.0,4.0,130.0
1135.0,3.0,2.0,39.73
1680.0,3.0,3.0,150.0
2470.0,4.0,5.0,247.0
2825.0,4.0,4.0,250.0
2480.0,3.0,3.0,330.0
1260.0,9.0,11.0,290.0
1800.0,5.0,4.0,187.0
1799.0,3.0,3.0,90.0
4348.5,4.0,2.0,304.0
400.0,1.0,1.0,11.0
1047.0,2.0,2.0,82.0
1282.0,2.0,2.0,87.0
1020.0,2.0,2.0,45.9
1080.0,4.0,3.0,155.0
1495.0,2.0,2.0,79.5
3260.0,4.0,4.0,240.0
1611.0,3.0,2.0,64.44
3500.0,4.0,5.0,425.0
1500.0,3.0,2.0,95.0
1500.0,3.0,2.0,95.0
3206.0,4.0,5.0,270.0
1540.0,3.0,3.0,50.0
1639.0,3.0,3.0,80.0
700.0,4.0,4.0,72.0
1303.0,2.0,2.0,55.79
1005.0,2.0,1.0,110.0
657.5,1.0,1.0,18.41
1305.0,3.0,3.0,33.28
600.0,3.0,4.0,95.0
1300.0,2.0,1.0,115.0
1440.0,3.0,2.0,68.0
901.0,2.0,2.0,35.14
1725.0,3.0,3.0,200.0
900.0,3.0,2.0,42.0
1060.0,2.0,2.0,55.0
1020.0,2.0,2.0,48.45
1535.0,3.0,3.0,65.99
530.0,1.0,1.0,20.0
1464.0,3.0,3.0,56.0
1350.0,2.0,2.0,80.0
1115.0,2.0,2.0,50.0
1175.0,2.0,2.0,47.0
1113.0,2.0,2.0,62.0
1200.0,6.0,4.0,225.0
1640.0,5.0,4.0,240.0
650.0,2.0,2.0,42.0
1325.0,2.0,2.0,71.55
950.0,2.0,2.0,31.0
1396.0,3.0,2.0,86.51
1050.0,2.0,2.0,52.07
1825.0,3.0,3.0,100.0
1190.0,2.0,2.0,49.98
1220.0,2.0,2.0,56.5
1565.0,3.0,2.0,75.0
1891.0,3.0,3.0,109.0
900.0,2.0,2.0,27.0
1161.0,2.0,2.0,55.15
649.5,1.0,1.0,17.535
2400.0,8.0,6.0,125.0
315.0,4.0,4.0,90.0
665.0,1.0,1.0,36.85
1175.0,2.0,2.0,73.5
1425.0,2.0,2.0,80.0
1200.0,1.0,1.0,20.0
1200.0,3.0,3.0,56.12
1255.0,2.0,2.0,67.0
2112.95,3.0,4.0,145.0
600.0,1.0,1.0,22.0
1810.0,3.0,3.0,100.0
1200.0,2.0,2.0,93.0
1033.0,2.0,2.0,49.0
1548.0,3.0,3.0,89.5
1611.0,3.0,3.0,66.0
1400.0,3.0,2.0,40.43
1485.0,3.0,2.0,67.0
2400.0,2.0,2.0,82.0
1025.0,2.0,2.0,44.5
600.0,4.0,3.0,65.0
1225.0,2.0,2.0,53.0
1256.0,2.0,2.0,62.8
2268.0,4.0,3.0,163.0
1100.0,3.0,3.0,53.0
1141.0,2.0,2.0,62.0
400.0,1.0,1.0,12.0
1400.0,2.0,2.0,60.0
4100.0,7.0,7.0,140.0
15.0,1.0,1.0,30.0
1175.0,2.0,2.0,48.27
1100.0,2.0,2.0,56.0
1843.0,3.0,3.0,95.84
1200.0,8.0,7.0,240.0
1460.0,2.0,2.0,80.5
1530.0,3.0,2.0,74.5
1467.0,2.0,2.0,55.0
950.0,1.0,1.0,40.0
1246.0,2.0,2.0,64.5
711.0,1.0,1.0,38.0
1194.0,2.0,2.0,46.0
1358.0,3.0,2.0,43.4
1500.0,6.0,5.0,130.0
1420.0,2.0,2.0,75.0
1250.0,3.0,2.0,68.75
1280.0,2.0,2.0,58.0
1209.0,2.0,2.0,50.0
4200.0,5.0,5.0,225.0
1215.0,4.0,4.0,205.0
1315.0,3.0,2.0,54.8
1800.0,3.0,3.0,90.0
1600.0,5.0,4.0,125.0
1600.0,3.0,2.0,65.0
3968.0,6.0,5.0,900.0
1563.0,3.0,3.0,52.0
1560.0,3.0,2.0,72.0
2169.0,3.0,4.0,115.0
900.0,9.0,10.0,170.0
1050.0,2.0,2.0,55.5
3235.0,3.0,3.0,235.0
1200.0,3.0,3.0,66.0
1140.0,2.0,2.0,46.0
1500.0,3.0,3.0,170.0
1560.0,3.0,3.0,75.0
1100.0,2.0,2.0,70.0
1260.0,3.0,2.0,40.32
1036.0,2.0,2.0,50.0
1662.0,3.0,3.0,85.1
1464.0,3.0,2.0,105.0
1234.0,2.0,2.0,80.0
1403.0,3.0,3.0,55.0
915.0,4.0,4.0,54.9
3000.0,6.0,8.0,451.0
1150.0,3.0,2.0,42.9
3900.0,4.0,4.0,410.0
850.0,5.0,4.0,90.0
929.0,2.0,2.0,46.0
2400.0,6.0,8.0,450.0
1350.0,3.0,2.0,75.0
1135.0,2.0,2.0,39.73
1405.0,2.0,2.0,70.0
1200.0,2.0,2.0,45.84
2805.0,4.0,4.0,154.0
1161.0,2.0,2.0,64.08
1290.0,2.0,2.0,74.0
2557.0,3.0,3.0,141.0
1480.0,3.0,3.0,90.0
3300.0,9.0,14.0,500.0
1350.0,3.0,3.0,54.54
1580.0,3.0,2.0,65.0
1470.0,3.0,2.0,88.64
500.0,1.0,1.0,14.0
1346.0,2.0,2.0,61.92
1600.0,3.0,3.0,90.0
720.0,2.0,2.0,120.0
1200.0,4.0,4.0,135.0
1200.0,2.0,2.0,35.0
1340.0,3.0,2.0,48.33
6136.0,4.0,4.0,560.0
918.0,2.0,2.0,48.0
1500.0,3.0,3.0,115.0
1315.0,2.0,2.0,85.0
2400.0,4.0,5.0,775.0
1390.0,3.0,2.0,62.55
1330.0,3.0,2.0,56.0
3100.0,5.0,4.0,265.0
1824.0,3.0,3.0,125.0
1420.0,3.0,2.0,96.0
750.0,1.0,1.0,56.25
1260.0,3.0,2.0,60.0
1561.0,3.0,3.0,95.0
812.0,9.0,6.0,165.0
1060.0,2.0,2.0,42.0
1120.0,8.0,8.0,145.0
1225.0,2.0,2.0,67.38
2144.0,3.0,3.0,135.0
1200.0,7.0,6.0,140.0
880.0,2.0,2.0,29.0
1639.0,3.0,3.0,110.0
1240.0,3.0,2.0,62.0
1500.0,2.0,2.0,69.0
1243.0,2.0,2.0,46.0
1575.0,3.0,3.0,78.0
1027.0,2.0,2.0,44.0
1082.0,3.0,2.0,56.0
1637.0,3.0,3.0,73.0
1665.0,3.0,3.0,86.58
1265.0,2.0,2.0,56.93
1691.0,3.0,2.0,102.0
1100.0,2.0,2.0,38.0
24.0,5.0,2.0,150.0
1500.0,3.0,3.0,62.0
3205.0,4.0,5.0,380.0
1666.0,5.0,4.0,150.0
1115.0,2.0,2.0,50.0
1070.0,2.0,2.0,45.0
1128.0,2.0,2.0,105.0
1162.0,2.0,2.0,57.0
1339.0,2.0,2.0,55.0
1192.0,2.0,2.0,75.0
1920.0,3.0,3.0,115.0
1255.0,2.0,2.0,52.32
1357.0,2.0,2.0,115.0
1600.0,3.0,3.0,75.0
1225.0,2.0,2.0,55.11
2400.0,4.0,4.0,200.0
1570.0,3.0,3.0,80.0
1093.0,2.0,2.0,70.0
1865.0,3.0,3.0,145.0
1200.0,6.0,7.0,165.0
1039.0,2.0,2.0,80.0
1246.0,2.0,2.0,64.5
1985.0,3.0,3.0,75.0
1590.0,3.0,3.0,49.0
4000.0,4.0,4.0,675.0
775.0,2.0,2.0,38.0
1000.0,2.0,2.0,50.0
1800.0,3.0,3.0,175.0
1035.0,2.0,2.0,41.0
1520.0,3.0,2.0,75.0
1360.0,2.0,2.0,95.0
6000.0,4.0,5.0,400.0
1117.0,2.0,2.0,56.0
1200.0,4.0,4.0,120.0
1330.0,2.0,2.0,92.5
1937.0,3.0,3.0,160.0
1128.0,2.0,2.0,65.49
1053.0,2.0,2.0,45.0
1198.0,2.0,2.0,77.0
1152.0,2.0,2.0,56.0
1200.0,6.0,6.0,125.0
1625.0,2.0,2.0,75.0
1397.0,3.0,3.0,105.0
1523.0,3.0,3.0,170.0
883.0,2.0,2.0,45.0
700.0,1.0,1.0,38.0
1170.0,2.0,2.0,62.5
1200.0,3.0,2.0,42.0
2400.0,3.0,3.0,170.0
1480.0,2.0,2.0,65.0
1897.0,3.0,3.0,120.0
996.0,2.0,2.0,67.0
1875.0,3.0,3.0,110.0
1500.0,3.0,2.0,98.0
3095.0,3.0,3.0,350.0
1390.0,3.0,2.0,175.0
1450.0,3.0,3.0,65.255
697.0,1.0,1.0,45.0
710.0,1.0,1.0,27.0
910.0,2.0,2.0,30.5
1025.0,3.0,2.0,48.0
1000.0,2.0,2.0,46.5
1200.0,4.0,4.0,244.0
1453.0,3.0,2.0,46.48
3335.0,4.0,5.0,300.0
971.5,2.0,2.0,36.435
1281.0,2.0,2.0,74.0
565.0,1.0,1.0,35.0
1024.0,2.0,2.0,42.0
1620.0,3.0,3.0,62.0
1254.0,2.0,2.0,40.0
1300.0,3.0,2.0,75.0
1233.0,2.0,2.0,43.0
1200.0,1.0,1.0,28.0
1510.0,3.0,2.0,105.0
950.0,2.0,2.0,65.0
1945.0,3.0,3.0,97.42
1008.0,2.0,2.0,45.0
1265.0,3.0,2.0,79.0
1255.0,3.0,2.0,77.68
2689.0,4.0,6.0,220.0
1200.0,2.0,2.0,46.17
1403.0,3.0,3.0,51.63
1535.0,3.0,3.0,85.0
1500.0,3.0,3.0,100.0
1475.0,3.0,2.0,120.0
1390.0,3.0,2.0,60.47
1278.0,3.0,2.0,53.76
1133.0,2.0,2.0,55.0
1560.0,5.0,5.0,145.0
2900.0,5.0,5.0,90.0
1170.0,2.0,2.0,51.99
1200.0,3.0,3.0,200.0
1697.0,3.0,3.0,94.79
1651.0,3.0,3.0,97.38
1560.0,3.0,3.0,188.0
1192.0,3.0,2.0,60.0
1078.0,2.0,2.0,65.0
800.0,7.0,7.0,105.0
1349.0,2.0,2.0,78.0
2300.0,9.0,8.0,210.0
1680.0,3.0,3.0,120.0
1314.0,3.0,2.0,63.0
1060.0,2.0,2.0,48.7
820.0,2.0,2.0,39.0
5000.0,4.0,4.0,400.0
2000.0,3.0,3.0,85.0
856.0,2.0,2.0,40.0
1621.0,3.0,4.0,130.0
1200.0,3.0,3.0,68.4
1484.0,3.0,3.0,52.5
600.0,4.0,5.0,60.0
14000.0,4.0,3.0,800.0
500.0,1.0,1.0,20.0
485.0,1.0,1.0,15.0
1050.0,2.0,2.0,42.0
1617.0,3.0,3.0,66.68
550.0,2.0,1.0,16.0
1384.0,3.0,3.0,62.28
1408.0,2.0,2.0,85.0
1150.0,2.0,2.0,49.0
1410.0,3.0,2.0,75.0
2150.0,4.0,4.0,100.0
2292.0,3.0,4.0,275.0
2006.0,3.0,3.0,297.0
1508.0,3.0,3.0,70.25
1040.0,2.0,2.0,50.0
1240.0,2.0,2.0,60.0
1535.0,3.0,3.0,78.0
1180.0,2.0,2.0,75.0
2200.0,6.0,6.0,68.0
1400.0,2.0,2.0,78.0
500.0,1.0,1.0,25.0
4800.0,4.0,4.0,525.0
1984.0,3.0,4.0,146.0
3000.0,4.0,5.0,250.0
1960.0,3.0,3.0,160.0
1035.0,2.0,2.0,45.0
2150.0,4.0,4.0,80.0
1700.0,3.0,3.0,115.0
3024.0,4.0,5.0,248.0
1586.0,3.0,3.0,100.0
2264.0,3.0,2.0,155.0
2325.0,4.0,4.0,120.0
1120.0,2.0,2.0,55.0
1662.0,3.0,2.0,67.98
1128.0,2.0,2.0,59.0
1200.0,6.0,6.0,250.0
924.0,2.0,2.0,65.0
1600.0,3.0,3.0,52.0
1006.0,2.0,2.0,35.0
1200.0,2.0,2.0,55.0
1250.0,2.0,2.0,62.0
1200.0,3.0,3.0,130.0
957.0,2.0,2.0,56.0
1140.0,2.0,2.0,41.0
1050.0,2.0,2.0,67.0
1565.0,3.0,3.0,88.5
1190.0,2.0,2.0,57.0
2842.0,3.0,3.0,162.0
1558.67,3.0,2.0,65.0
630.0,1.0,1.0,39.0
1403.0,3.0,2.0,60.81
1542.0,3.0,2.0,85.0
2750.0,4.0,4.0,220.0
3596.0,4.0,5.0,290.0
1635.0,3.0,2.0,78.0
1239.0,2.0,2.0,53.0
1194.0,2.0,2.0,47.0
1596.0,3.0,3.0,105.0
1009.0,2.0,2.0,38.34
1726.0,3.0,3.0,81.99
1535.0,3.0,3.0,86.0
1300.0,3.0,2.0,58.5
3100.0,4.0,4.0,465.0
1800.0,3.0,3.0,80.0
665.0,1.0,1.0,50.75
4050.0,9.0,7.0,1200.0
1500.0,3.0,2.0,100.0
925.0,2.0,2.0,48.0
3356.0,4.0,4.0,251.0
1395.0,2.0,2.0,63.59
1415.0,3.0,2.0,55.0
1419.0,3.0,2.0,59.0
1121.0,2.0,2.0,78.0
1082.0,3.0,2.0,45.0
1100.0,2.0,2.0,47.0
1606.0,3.0,3.0,89.55
1650.0,3.0,3.0,88.0
4634.0,3.0,4.0,1015.0
1206.0,2.0,2.0,75.0
1495.0,3.0,2.0,64.0
840.0,8.0,7.0,195.0
710.0,2.0,2.0,16.0
1210.0,2.0,2.0,72.0
1523.0,3.0,2.0,53.4
1232.0,2.0,2.0,45.0
680.0,1.0,1.0,44.0
1355.0,3.0,3.0,83.87
1430.0,3.0,2.0,51.46
1275.0,3.0,2.0,43.85
1070.0,2.0,2.0,56.1
1200.0,3.0,3.0,85.0
2000.0,4.0,4.0,120.0
1200.0,2.0,2.0,40.0
1610.0,3.0,3.0,90.0
1140.0,2.0,2.0,43.0
1143.0,2.0,2.0,38.65
3467.86,4.0,6.0,249.0
1530.0,3.0,2.0,74.4
980.0,2.0,2.0,69.0
1485.0,3.0,3.0,65.0
1500.0,3.0,3.0,130.0
1280.0,2.0,2.0,75.0
1265.0,2.0,2.0,85.0
1132.0,2.0,2.0,67.0
1262.0,2.0,2.0,63.0
940.0,2.0,2.0,49.0
1515.0,3.0,3.0,88.0
1300.0,3.0,3.0,150.0
1840.0,3.0,3.0,69.0
890.0,2.0,2.0,45.0
1655.0,3.0,3.0,86.06
2060.0,3.0,3.0,149.0
1730.0,3.0,3.0,96.0
2195.0,3.0,4.0,127.0
1650.0,3.0,3.0,125.0
1200.0,2.0,2.0,71.0
1079.0,2.0,2.0,32.37
1085.0,2.0,2.0,36.0
5000.0,7.0,7.0,299.0
1075.0,2.0,2.0,51.5
1380.0,2.0,2.0,80.0
1450.0,3.0,3.0,65.0
1200.0,2.0,2.0,78.0
3200.0,3.0,4.0,350.0
1639.0,3.0,3.0,98.32
1200.0,2.0,2.0,54.0
1739.0,3.0,3.0,116.0
4346.0,4.0,5.0,500.0
935.0,2.0,2.0,32.72
510.0,1.0,1.0,25.25
1200.0,6.0,6.0,180.0
1178.0,2.0,2.0,47.0
1375.0,3.0,2.0,50.0
1065.0,3.0,2.0,33.0
1450.0,3.0,2.0,50.75
999.0,2.0,2.0,45.0
4400.0,2.0,3.0,475.0
1350.0,5.0,4.0,135.0
1100.0,2.0,2.0,40.0
1835.0,3.0,2.0,155.0
2090.0,4.0,4.0,95.1
1519.0,3.0,3.0,93.0
1267.0,3.0,3.0,56.0
1150.0,2.0,2.0,72.2
1146.0,2.0,2.0,70.0
1200.0,8.0,7.0,235.0
1550.0,3.0,3.0,65.0
850.0,2.0,1.0,18.5
2200.0,3.0,3.0,187.0
3329.0,3.0,3.0,330.0
785.0,1.0,1.0,55.0
2900.0,3.0,4.0,300.0
1610.0,3.0,3.0,74.0
921.0,2.0,2.0,40.0
850.0,3.0,3.0,95.0
2700.0,5.0,5.0,158.0
1700.0,3.0,3.0,110.0
1020.0,2.0,2.0,35.0
1090.0,2.0,2.0,52.0
3600.0,4.0,4.0,300.0
1027.0,2.0,2.0,44.0
1185.0,2.0,2.0,42.1
850.0,2.0,2.0,25.0
1197.0,2.0,2.0,84.0
3500.0,4.0,3.0,450.0
920.0,2.0,2.0,39.55
1105.0,2.0,2.0,65.0
1850.0,3.0,3.0,100.0
1300.0,3.0,3.0,64.0
1595.0,3.0,3.0,76.0
3073.0,4.0,5.0,696.0
755.0,2.0,2.0,37.49
4050.0,5.0,5.0,140.0
1300.0,3.0,2.0,69.0
1215.0,2.0,2.0,50.0
900.0,2.0,2.0,46.0
1145.0,2.0,2.0,58.4
1093.0,2.0,2.0,65.0
1213.0,3.0,2.0,41.39
1654.0,3.0,3.0,100.0
1105.0,2.0,2.0,52.48
1611.0,3.0,2.0,66.0
1367.0,2.0,2.0,62.0
1010.0,2.0,2.0,51.0
750.0,3.0,2.0,75.0
1535.0,3.0,3.0,95.0
620.0,2.0,2.0,22.0
982.0,2.0,2.0,47.65
1700.0,2.0,2.0,150.0
1330.0,2.0,2.0,71.0
2500.0,3.0,3.0,135.0
1475.0,3.0,2.0,58.99
1410.0,3.0,3.0,65.0
440.0,1.0,1.0,16.5
1614.0,3.0,3.0,95.0
1363.0,2.0,2.0,68.0
650.0,2.0,2.0,28.0
1015.0,2.0,2.0,45.0
1156.0,2.0,2.0,46.0
1100.0,2.0,2.0,62.7
1455.0,3.0,3.0,46.0
930.0,2.0,2.0,45.0
1650.0,3.0,2.0,80.0
1200.0,2.0,2.0,90.0
700.0,1.0,1.0,150.0
2900.0,4.0,3.0,135.0
1890.0,3.0,4.0,127.0
2197.0,3.0,4.0,280.0
3522.0,3.0,3.0,380.0
1240.0,3.0,2.0,46.0
1440.0,2.0,2.0,98.0
650.0,1.0,1.0,38.0
764.0,1.0,1.0,32.0
900.0,5.0,4.0,90.0
1693.0,3.0,3.0,57.39
1445.0,3.0,3.0,65.0
900.0,2.0,1.0,45.0
1030.0,2.0,2.0,55.0
1381.0,3.0,2.0,52.48
1100.0,2.0,2.0,60.0
1575.0,3.0,3.0,66.39
1200.0,2.0,2.0,65.0
1200.0,2.0,2.0,43.2
1080.0,2.0,2.0,80.0
2280.0,5.0,5.0,200.0
1360.0,3.0,2.0,85.0
1865.0,3.0,3.0,124.0
1157.0,3.0,2.0,75.0
674.0,2.0,2.0,29.0
1405.0,3.0,2.0,78.0
1160.0,2.0,2.0,44.08
1600.0,4.0,3.0,172.0
1790.0,3.0,3.0,127.0
1128.0,2.0,2.0,65.65
1180.0,2.0,2.0,70.0
1450.0,3.0,2.0,85.0
340.0,1.0,1.0,10.0
2000.0,4.0,3.0,166.0
1050.0,2.0,2.0,53.5
1125.0,2.0,2.0,40.0
1246.0,2.0,2.0,68.0
1372.0,2.0,2.0,61.0
1330.0,3.0,2.0,56.0
2465.0,3.0,5.0,234.0
1300.0,2.0,2.0,55.0
1420.0,2.0,1.0,220.0
810.0,4.0,4.0,50.0
1065.0,2.0,2.0,35.0
700.0,2.0,2.0,27.0
687.325,2.0,2.0,42.72
1050.0,2.0,2.0,45.0
1250.0,3.0,3.0,39.5
865.0,2.0,2.0,42.0
1200.0,2.0,2.0,44.0
1756.0,3.0,3.0,100.0
750.0,9.0,8.0,150.0
628.0,1.0,1.0,24.0
1200.0,7.0,6.0,195.0
1207.0,2.0,2.0,63.0
1765.0,3.0,3.0,125.0
1130.0,2.0,2.0,32.64
1532.0,3.0,3.0,92.0
1650.0,3.0,3.0,110.0
1200.0,4.0,4.0,105.0
804.1,2.0,2.0,69.09
1200.0,2.0,2.0,75.0
1197.0,2.0,2.0,50.0
1200.0,2.0,2.0,66.0
1385.0,3.0,2.0,48.48
1010.0,2.0,2.0,148.0
2225.0,3.0,3.0,115.0
1180.0,2.0,2.0,48.0
1525.0,3.0,2.0,122.0
1100.0,2.0,2.0,31.5
1435.0,3.0,3.0,70.0
400.0,1.0,1.0,14.0
1200.0,2.0,2.0,50.0
1272.0,2.0,2.0,95.05
1205.0,2.0,2.0,39.0
980.0,2.0,2.0,40.0
1225.0,2.0,2.0,46.86
1541.0,3.0,3.0,72.0
1610.0,3.0,2.0,111.0
1694.0,2.0,2.0,125.0
600.0,3.0,3.0,75.0
950.0,2.0,2.0,39.0
1560.0,3.0,2.0,66.0
1201.0,2.0,2.0,27.0
1500.0,2.0,2.0,60.0
1785.0,3.0,3.0,75.0
1258.0,2.0,2.0,63.53
910.0,2.0,2.0,42.0
1297.0,2.0,2.0,112.0
1291.0,2.0,2.0,49.0
1070.0,2.0,2.0,42.0
1012.0,2.0,2.0,66.5
1260.0,2.0,2.0,57.6
1282.0,2.0,2.0,72.0
1843.0,3.0,3.0,92.15
2400.0,4.0,3.0,200.0
3356.0,5.0,5.0,105.0
2790.0,4.0,5.0,198.0
1330.0,2.0,2.0,86.98
1400.0,3.0,2.0,73.0
1192.0,2.0,2.0,71.0
1000.0,2.0,2.0,130.0
1297.0,2.0,2.0,103.0
615.0,1.0,1.0,17.835
1490.0,3.0,3.0,100.0
1373.0,3.0,3.0,72.0
1035.0,2.0,2.0,41.39
3750.0,4.0,4.0,210.0
1010.0,2.0,2.0,40.39
1195.0,2.0,2.0,42.0
1750.0,3.0,3.0,95.0
1052.0,2.0,2.0,50.0
1180.0,2.0,2.0,58.0
3680.0,5.0,4.0,440.0
2100.0,3.0,3.0,73.0
2863.0,4.0,4.0,140.0
1128.0,2.0,2.0,38.24
2700.0,3.0,3.0,450.0
1120.0,2.0,2.0,33.6
2424.0,3.0,3.0,90.0
1300.0,2.0,2.0,60.0
1090.0,2.0,2.0,32.69
2710.0,3.0,3.0,251.0
3040.0,2.0,1.0,180.0
1330.0,3.0,2.0,46.55
1427.0,3.0,2.0,80.63
1294.0,3.0,2.0,48.0
1580.0,3.0,3.0,75.0
400.0,5.0,5.0,200.0
1808.0,3.0,4.0,80.27
3516.0,4.0,4.0,540.0
1194.0,2.0,2.0,47.0
900.0,2.0,2.0,46.0
1310.0,3.0,2.0,50.0
900.0,2.0,2.0,46.0
3850.0,4.0,6.0,195.0
925.0,7.0,7.0,88.0
2400.0,2.0,1.0,150.0
1290.0,2.0,2.0,100.0
3770.0,6.0,6.0,110.0
1390.0,3.0,3.0,120.0
1200.0,4.0,4.0,72.0
845.0,2.0,2.0,33.0
1537.0,3.0,3.0,120.0
1135.0,2.0,2.0,68.0
1512.0,3.0,3.0,75.77
900.0,2.0,2.0,55.0
1230.0,3.0,3.0,54.0
1378.0,3.0,2.0,42.33
1277.0,2.0,2.0,61.3
1985.0,3.0,4.0,189.0
8000.0,5.0,5.0,500.0
1210.0,2.0,2.0,62.0
890.0,2.0,2.0,40.0
2550.0,9.0,9.0,360.0
1200.0,4.0,5.0,110.0
3198.0,4.0,4.0,200.0
1464.0,3.0,3.0,56.0
2483.0,4.0,5.0,215.0
1550.0,4.0,4.0,130.0
4111.0,4.0,4.0,310.0
975.0,2.0,2.0,37.5
2500.0,3.0,3.0,250.0
1690.0,3.0,3.0,125.0
1063.0,2.0,2.0,31.89
2572.0,3.0,3.0,390.0
2200.0,3.0,4.0,350.0
1600.0,3.0,3.0,80.0
1250.0,3.0,3.0,39.5
520.0,1.0,1.0,19.5
4000.0,4.0,5.0,212.0
1390.0,3.0,3.0,68.0
1185.0,2.0,2.0,40.0
1219.0,2.0,2.0,48.0
1564.0,3.0,2.0,92.0
3430.0,4.0,6.0,228.5
1100.0,2.0,2.0,37.1
1300.0,3.0,2.0,60.0
1600.0,3.0,2.0,80.0
1600.0,3.0,3.0,75.0
1482.0,3.0,2.0,92.0
1000.0,3.0,4.0,66.0
1200.0,2.0,2.0,53.0
600.0,3.0,3.0,75.0
1200.0,2.0,2.0,58.0
600.0,6.0,4.0,60.0
2400.0,3.0,3.0,160.0
1469.0,3.0,3.0,89.0
551.0,1.0,1.0,30.0
1160.0,2.0,2.0,52.0
1205.0,2.0,2.0,78.5
1550.0,3.0,2.0,52.0
1745.0,3.0,3.0,125.0
1028.0,2.0,2.0,42.0
1700.0,3.0,3.0,180.0
1200.0,3.0,2.0,34.0
2700.0,3.0,4.0,270.0
1100.0,2.0,2.0,50.0
1200.0,2.0,3.0,72.0
1269.72,2.0,2.0,68.0
1266.0,2.0,2.0,59.0
1060.0,2.0,2.0,62.0
1168.0,3.0,3.0,70.0
1552.0,2.0,2.0,51.0
2038.5,3.0,3.0,120.0
500.0,1.0,1.0,17.0
1080.0,2.0,2.0,43.2
2100.0,4.0,4.0,155.0
1300.0,2.0,2.0,65.0
920.0,2.0,2.0,33.0
817.0,4.0,2.0,120.0
1310.0,2.0,2.0,50.0
1650.0,3.0,2.0,75.0
1515.0,3.0,3.0,93.93
1157.0,2.0,2.0,53.8
2400.0,4.0,5.0,85.0
3000.0,4.0,4.0,160.0
2200.0,3.0,2.0,162.0
1243.0,2.0,2.0,58.0
1530.0,3.0,2.0,74.39
2070.0,3.0,3.0,162.0
1815.0,3.0,3.0,82.0
3900.0,4.0,4.0,300.0
1000.0,2.0,2.0,28.88
982.0,2.0,2.0,24.55
1232.0,2.0,2.0,89.0
1282.0,3.0,3.0,178.0
654.0,1.0,1.0,38.4
1181.0,2.0,2.0,55.0
1075.0,3.0,2.0,45.0
1200.0,4.0,4.0,245.0
1616.0,3.0,3.0,75.0
1800.0,5.0,6.0,44.5
1200.0,6.0,4.0,135.0
1306.0,3.0,3.0,54.65
1626.0,3.0,3.0,89.0
2700.0,6.0,4.0,214.0
1585.0,3.0,3.0,88.0
1370.0,2.0,2.0,56.17
3250.0,5.0,5.0,900.0
1495.0,2.0,2.0,90.0
2000.0,3.0,3.0,210.0
2400.0,5.0,4.0,300.0
1375.0,3.0,3.0,57.0
3715.0,4.0,6.0,224.5
1400.0,3.0,2.0,48.0
1100.0,5.0,5.0,135.0
665.0,1.0,2.0,28.585
1200.0,4.0,4.0,215.0
1150.0,2.0,2.0,46.0
1080.0,2.0,2.0,54.0
1645.0,3.0,3.0,100.0
1760.0,3.0,3.0,176.0
595.0,1.0,1.0,42.0
1200.0,3.0,3.0,125.0
4624.5,4.0,4.0,314.5
1410.0,2.0,2.0,67.0
1090.0,2.0,2.0,31.48
540.0,1.0,1.0,30.0
1300.0,2.0,2.0,60.0
1890.0,3.0,2.0,85.0
1254.0,2.0,2.0,53.0
2800.0,7.0,7.0,125.0
1275.0,2.0,2.0,120.0
1245.0,3.0,2.0,68.48
1170.0,2.0,2.0,86.0
1193.0,2.0,2.0,86.0
850.0,2.0,2.0,25.4
1678.0,3.0,3.0,70.0
1600.0,3.0,3.0,75.0
1750.0,3.0,3.0,84.0
1125.0,2.0,2.0,62.0
2200.0,4.0,4.0,235.0
2800.0,3.0,2.0,200.0
1200.0,2.0,2.0,120.0
1000.0,2.0,2.0,50.0
2780.0,4.0,5.0,480.0
1320.0,3.0,2.0,38.13
8000.0,27.0,27.0,230.0
2422.0,4.0,4.0,160.0
1100.0,2.0,2.0,50.0
882.0,2.0,2.0,30.0
845.0,2.0,2.0,37.0
883.0,2.0,2.0,39.0
776.5,1.0,2.0,48.145
1595.0,3.0,3.0,88.0
1280.0,2.0,2.0,85.0
1700.0,4.0,2.0,550.0
920.0,2.0,2.0,35.0
1300.0,2.0,2.0,57.0
1450.0,2.0,1.0,230.0
1757.0,3.0,3.0,132.0
600.0,1.0,1.0,16.5
2400.0,4.0,3.0,142.0
1240.0,2.0,2.0,44.0
750.0,10.0,10.0,90.0
1330.0,2.0,2.0,93.36
1062.0,2.0,2.0,42.47
1078.0,2.0,2.0,45.0
1460.0,3.0,2.0,72.0
1200.0,3.0,3.0,68.5
1200.0,1.0,1.0,48.0
912.0,3.0,2.0,39.0
2400.0,5.0,5.0,625.0
2028.0,4.0,4.0,162.0
980.0,2.0,2.0,45.47
1000.0,2.0,2.0,40.0
1050.0,2.0,2.0,62.0
2611.0,3.0,3.0,239.0
1875.0,3.0,2.0,150.0
1065.0,2.0,2.0,42.6
1800.0,3.0,3.0,180.0
1163.0,2.0,2.0,98.86
1098.0,2.0,2.0,72.0
1725.0,3.0,2.0,100.0
4000.0,4.0,4.0,330.0
1128.0,2.0,2.0,75.0
1320.0,8.0,6.0,200.0
1705.0,3.0,3.0,74.16
1418.0,2.0,2.0,95.0
1500.0,3.0,3.0,160.0
1100.0,2.0,2.0,50.0
1464.0,3.0,3.0,56.0
812.0,2.0,2.0,55.0
2817.5,4.0,2.0,204.0
1280.0,2.0,2.0,40.0
1420.0,2.0,2.0,136.0
1200.0,11.0,11.0,170.0
727.0,6.0,6.0,66.0
1200.0,4.0,2.0,150.0
2774.0,4.0,4.0,207.0
2000.0,3.0,3.0,85.0
1722.0,3.0,3.0,95.0
2800.0,3.0,3.0,330.0
1650.0,3.0,3.0,175.0
840.0,2.0,2.0,27.0
914.0,2.0,2.0,47.0
1482.0,3.0,2.0,83.73
1724.0,3.0,3.0,127.0
1670.0,3.0,3.0,91.86
1184.0,2.0,2.0,53.0
1200.0,2.0,2.0,55.0
1200.0,2.0,2.0,65.0
927.0,2.0,2.0,55.0
1242.0,2.0,2.0,39.7
1220.0,3.0,3.0,35.23
1360.0,3.0,2.0,75.0
2800.0,4.0,4.0,240.0
1180.0,2.0,2.0,72.0
1697.0,3.0,3.0,108.0
550.0,2.0,2.0,26.0
1225.0,2.0,2.0,57.0
1690.0,3.0,2.0,55.0
1660.0,10.0,10.0,475.0
1488.0,3.0,3.0,57.0
1250.0,3.0,2.0,80.0
1050.0,1.0,1.0,44.0
1027.0,2.0,2.0,44.0
1699.0,3.0,3.0,81.94
1205.0,2.0,2.0,58.0
712.0,4.0,2.0,67.5
950.0,2.0,2.0,39.0
1200.0,2.0,2.0,70.0
1476.0,3.0,3.0,120.0
1070.0,2.0,2.0,55.0
2160.0,3.0,4.0,172.0
1296.0,2.0,2.0,75.0
1800.0,2.0,1.0,128.0
1570.0,3.0,3.0,64.5
1300.0,2.0,2.0,110.0
1550.0,4.0,2.0,65.0
770.0,2.0,1.0,40.0
1870.0,3.0,3.0,110.0
1650.0,3.0,4.0,160.0
1429.0,3.0,3.0,86.0
1167.0,3.0,2.0,39.98
1035.0,2.0,2.0,41.73
1188.0,3.0,2.0,38.0
1200.0,5.0,4.0,285.0
884.0,1.0,2.0,36.0
1194.0,2.0,2.0,46.0
1026.0,2.0,2.0,60.87
1400.0,7.0,6.0,200.0
1115.0,2.0,2.0,50.0
1200.0,2.0,2.0,125.0
2690.0,4.0,4.0,191.0
975.0,2.0,2.0,58.0
675.0,3.0,3.0,72.5
1900.0,4.0,2.0,170.0
600.0,3.0,3.0,100.0
1101.0,2.0,2.0,65.5
1700.0,3.0,3.0,135.0
3606.0,4.0,4.0,312.0
1258.0,2.0,2.0,115.0
1560.0,3.0,3.0,92.0
3630.0,4.0,6.0,195.0
2000.0,3.0,3.0,250.0
2790.0,4.0,4.0,198.0
1494.0,3.0,2.0,94.55
1482.0,3.0,2.0,87.0
800.0,2.0,2.0,50.0
1185.0,2.0,2.0,47.39
1100.0,2.0,2.0,71.5
1300.0,2.0,2.0,120.0
1225.0,2.0,2.0,150.0
1758.0,3.0,3.0,65.0
1145.0,2.0,2.0,55.0
1180.0,2.0,2.0,50.0
1260.0,2.0,2.0,58.0
3461.0,4.0,2.0,173.0
1190.0,2.0,2.0,55.0
1691.0,3.0,3.0,119.0
3675.0,4.0,4.0,367.0
1305.0,3.0,3.0,95.45
2337.0,3.0,4.0,292.0
1200.0,2.0,2.0,150.0
1206.0,2.0,2.0,217.0
1350.0,5.0,4.0,130.0
1140.0,2.0,2.0,50.66
1250.0,2.0,2.0,65.0
600.0,3.0,2.0,60.0
1225.0,2.0,2.0,48.0
800.0,2.0,2.0,28.0
1020.0,2.0,2.0,58.0
2100.0,4.0,2.0,50.0
1350.0,2.0,2.0,80.0
925.0,2.0,2.0,40.0
1800.0,4.0,3.0,220.0
2000.0,3.0,3.0,100.0
1510.0,3.0,2.0,75.0
5800.0,5.0,7.0,1200.0
1614.0,3.0,3.0,110.0
682.0,3.0,2.0,130.0
1200.0,2.0,2.0,95.0
900.0,2.0,2.0,55.0
1632.0,4.0,3.0,145.0
1041.0,2.0,2.0,65.5
5080.0,6.0,7.0,450.0
3012.0,4.0,6.0,250.0
1530.0,3.0,3.0,74.5
1450.0,3.0,2.0,135.0
1200.0,2.0,2.0,75.0
1200.0,4.0,4.0,130.0
1508.0,3.0,2.0,110.0
600.0,7.0,7.0,106.0
1188.0,2.0,2.0,73.0
2690.0,4.0,4.0,199.0
1174.0,2.0,2.0,76.0
1350.0,3.0,3.0,58.99
1870.0,3.0,3.0,185.0
1072.0,2.0,2.0,25.0
52272.0,3.0,2.0,140.0
726.0,2.0,2.0,31.0
1345.0,2.0,2.0,106.0
1200.0,2.0,2.0,45.0
980.0,2.0,2.0,37.0
1050.0,2.0,2.0,77.0
993.0,2.0,2.0,39.71
1300.0,3.0,2.0,52.0
1743.0,3.0,3.0,85.0
1204.0,4.0,4.0,125.0
1200.0,2.0,2.0,67.0
1480.0,3.0,3.0,90.0
950.0,2.0,2.0,32.5
640.0,1.0,1.0,55.0
972.0,2.0,2.0,44.0
1840.0,3.0,3.0,98.0
1128.0,2.0,2.0,64.0
680.0,2.0,2.0,42.0
2400.0,2.0,2.0,95.0
1045.0,2.0,2.0,42.0
955.0,2.0,2.0,53.55
1360.0,3.0,2.0,54.39
1150.0,2.0,2.0,63.0
3450.0,4.0,4.0,294.0
1115.0,2.0,2.0,56.87
920.0,2.0,2.0,46.0
1030.0,2.0,2.0,41.0
1564.0,3.0,3.0,101.0
1045.0,2.0,2.0,45.0
1200.0,4.0,4.0,83.0
1277.0,2.0,2.0,55.0
2479.13,3.0,3.0,215.0
1846.0,3.0,3.0,140.0
1100.0,2.0,2.0,106.0
1690.0,3.0,3.0,75.0
1200.0,2.0,3.0,70.0
3042.0,4.0,4.0,131.0
1640.0,3.0,3.0,223.0
1068.0,2.0,2.0,40.05
1135.0,2.0,2.0,58.0
1925.0,3.0,3.0,120.0
1615.0,3.0,3.0,60.0
650.0,1.0,1.0,26.0
1200.0,9.0,9.0,120.0
1150.0,2.0,2.0,42.0
930.0,6.0,6.0,135.0
1410.0,3.0,2.0,45.12
600.0,3.0,2.0,100.0
2000.0,3.0,3.0,207.0
1354.0,3.0,3.0,90.0
1050.0,2.0,2.0,110.0
600.0,1.0,1.0,28.0
1320.0,4.0,2.0,110.0
1600.0,3.0,3.0,88.0
3500.0,4.0,6.0,225.0
1000.0,2.0,2.0,36.0
1130.0,3.0,3.0,38.0
1238.0,2.0,2.0,67.0
2204.0,3.0,2.0,305.0
1200.0,8.0,12.0,110.0
1364.0,3.0,2.0,46.38
900.0,2.0,2.0,45.0
1745.0,3.0,3.0,104.0
1200.0,2.0,2.0,53.33
1020.0,2.0,2.0,42.83
1650.0,3.0,3.0,118.0
1550.0,3.0,2.0,70.0
1440.0,2.0,2.0,60.0
1329.0,3.0,2.0,45.95
916.0,2.0,2.0,42.0
688.0,1.0,1.0,50.0
1358.0,3.0,3.0,50.0
1331.0,2.0,2.0,107.0
686.0,1.0,1.0,62.5
1050.0,2.0,2.0,50.0
2106.0,3.0,3.0,126.0
1718.0,3.0,3.0,90.2
1530.0,3.0,3.0,57.0
1206.0,2.0,2.0,56.0
1075.0,2.0,2.0,52.0
1200.0,3.0,3.0,95.0
1936.0,3.0,2.0,54.21
2172.65,4.0,3.0,120.0
1100.0,3.0,2.0,75.0
1260.0,3.0,5.0,185.0
990.0,8.0,12.0,120.0
800.0,3.0,2.0,80.0
1117.0,2.0,2.0,29.99
1685.0,3.0,2.0,110.0
740.0,2.0,2.0,37.0
1080.0,4.0,4.0,250.0
1500.0,4.0,2.0,93.0
1800.0,3.0,3.0,115.0
1700.0,3.0,3.0,130.0
850.0,2.0,2.0,37.93
1891.0,3.0,3.0,139.0
1400.0,2.0,1.0,80.0
1172.0,2.0,2.0,82.0
1400.0,3.0,2.0,40.43
896.0,2.0,2.0,43.75
1180.0,2.0,2.0,65.0
2460.0,7.0,7.0,350.0
850.0,2.0,2.0,33.0
530.0,1.0,1.0,18.0
1550.0,3.0,3.0,110.0
1699.0,3.0,3.0,97.0
2025.0,4.0,4.0,109.0
500.0,1.0,2.0,14.0
500.0,1.0,1.0,20.0
1146.0,2.0,2.0,38.5
2475.0,3.0,4.0,332.0
1455.0,2.0,2.0,145.0
800.0,2.0,1.0,50.0
765.0,1.0,2.0,30.0
1521.0,3.0,3.0,94.99
1600.0,3.0,2.0,55.0
3155.0,3.0,4.0,370.0
2900.0,3.0,4.0,240.0
1765.0,3.0,3.0,105.0
1980.0,3.0,3.0,88.0
1900.0,3.0,3.0,135.0
1265.0,2.0,2.0,70.0
1034.0,2.0,2.0,40.0
1012.0,2.0,2.0,59.0
1070.0,2.0,2.0,54.0
3555.0,4.0,4.0,230.0
1270.0,3.0,2.0,70.0
585.0,2.0,1.0,70.0
2045.0,3.0,4.0,154.0
1490.0,3.0,2.0,98.0
6150.0,7.0,6.0,830.0
883.0,2.0,2.0,40.0
671.0,1.0,1.0,36.85
1156.0,2.0,2.0,32.0
2017.0,3.0,3.0,125.0
3122.0,4.0,6.0,235.0
1635.0,3.0,3.0,62.0
4400.0,7.0,9.0,120.0
1296.0,2.0,2.0,89.0
2400.0,6.0,4.0,280.0
1139.0,2.0,2.0,62.0
1230.0,2.0,3.0,47.0
581.91,1.0,2.0,25.0
1245.0,2.0,2.0,86.28
1158.0,3.0,2.0,85.0
3951.0,4.0,4.0,220.0
550.0,2.0,1.0,15.0
360.0,1.0,1.0,26.0
1350.0,3.0,3.0,55.0
1670.0,3.0,3.0,120.0
1600.0,3.0,2.0,65.0
1307.0,2.0,2.0,51.6
1050.0,3.0,2.0,57.0
1703.0,3.0,3.0,101.0
1210.0,3.0,2.0,58.0
1025.0,2.0,2.0,29.6
1140.0,2.0,2.0,43.0
1343.0,3.0,2.0,56.41
1560.0,3.0,3.0,85.0
925.0,2.0,2.0,51.0
1420.0,3.0,2.0,75.0
1415.0,2.0,2.0,110.0
1210.0,2.0,2.0,60.0
1852.0,3.0,3.0,160.0
1250.0,3.0,3.0,50.0
1100.0,2.0,2.0,65.0
1150.0,2.0,2.0,40.25
1100.0,2.0,2.0,53.35
1350.0,2.0,1.0,100.0
1546.0,3.0,3.0,99.0
1424.0,2.0,2.0,90.0
1398.0,3.0,3.0,68.0
1650.0,3.0,3.0,200.0
1200.0,4.0,4.0,120.0
1476.0,3.0,3.0,105.0
500.0,2.0,2.0,70.0
1322.0,3.0,2.0,58.82
432.0,2.0,2.0,40.0
1100.0,2.0,2.0,55.0
4750.0,4.0,5.0,600.0
1285.0,3.0,2.0,68.0
1150.0,2.0,2.0,80.0
1430.0,3.0,2.0,56.0
1350.0,3.0,2.0,62.0
1350.0,3.0,3.0,195.0
1185.0,2.0,2.0,65.0
1760.0,3.0,3.0,67.0
2400.0,4.0,5.0,350.0
900.0,2.0,2.0,41.0
1297.0,2.0,2.0,105.0
1840.0,3.0,3.0,155.0
950.0,2.0,2.0,50.79
1200.0,5.0,4.0,70.0
950.0,2.0,2.0,52.0
1277.5,2.0,2.0,95.815
1571.0,3.0,3.0,89.0
1031.0,2.0,2.0,55.0
1485.0,2.0,2.0,90.0
1109.0,2.0,2.0,60.0
2200.0,3.0,3.0,180.0
950.0,1.0,1.0,50.0
1200.0,3.0,2.0,150.0
1161.0,2.0,2.0,55.15
2350.0,3.0,3.0,300.0
1003.0,2.0,2.0,40.6
1350.0,2.0,2.0,185.0
1080.0,2.0,2.0,37.0
1255.0,2.0,2.0,73.0
1250.0,2.0,2.0,60.0
1700.0,4.0,4.0,152.0
1200.0,3.0,2.0,66.0
824.0,2.0,2.0,60.0
1875.0,3.0,3.0,167.0
1320.0,3.0,2.0,38.12
9600.0,5.0,5.0,550.0
1330.0,3.0,2.0,47.0
1220.0,3.0,3.0,56.0
1111.0,3.0,3.0,50.0
1197.0,2.0,2.0,47.88
2519.0,4.0,5.0,185.0
1340.0,3.0,2.0,100.0
1450.0,4.0,3.0,132.0
1837.0,3.0,3.0,145.0
1200.0,4.0,4.0,245.0
1238.0,2.0,2.0,55.0
1405.0,3.0,2.0,59.01
1690.0,4.0,3.0,80.0
1620.0,3.0,2.0,110.0
1673.0,3.0,3.0,115.0
1090.0,2.0,2.0,58.0
1112.0,2.0,2.0,40.0
1385.0,3.0,2.0,66.65
545.0,2.0,1.0,27.0
985.0,2.0,2.0,58.0
825.0,1.0,1.0,36.29
1080.0,2.0,2.0,37.8
1430.0,2.0,2.0,97.52
1050.0,2.0,2.0,43.0
2000.0,4.0,4.0,139.0
4800.0,4.0,4.0,190.0
1533.0,3.0,3.0,115.0
2800.0,4.0,3.0,500.0
2610.0,3.0,3.0,399.0
1750.0,3.0,3.0,150.0
1200.0,3.0,2.0,66.0
1352.0,2.0,2.0,87.5
1754.0,3.0,3.0,125.0
1560.0,3.0,3.0,85.0
3012.0,4.0,6.0,268.0
3584.0,4.0,4.0,199.0
1470.0,3.0,2.0,90.0
1035.0,2.0,2.0,45.0
2400.0,4.0,5.0,329.0
1160.0,2.0,2.0,52.0
1100.0,2.0,2.0,52.0
1170.0,2.0,2.0,38.0
595.0,1.0,1.0,31.83
1650.0,3.0,3.0,110.0
1875.0,3.0,2.0,235.0
800.0,4.0,4.0,80.0
1375.0,3.0,2.0,48.06
1235.0,2.0,2.0,46.8
750.0,1.0,1.0,25.0
1400.0,3.0,3.0,115.0
1270.0,3.0,2.0,50.79
1105.0,2.0,2.0,51.0
1375.0,3.0,2.0,85.0
2168.0,4.0,4.0,95.0
1200.0,8.0,8.0,90.0
1065.0,2.0,2.0,40.84
3800.0,3.0,3.0,580.0
3125.0,9.0,9.0,350.0
825.0,1.0,1.0,45.0
1095.0,2.0,2.0,40.0
720.0,3.0,3.0,65.0
1440.0,3.0,2.0,60.33
870.0,2.0,2.0,39.5
1195.0,2.0,2.0,84.0
1200.0,2.0,2.0,49.5
1530.0,3.0,3.0,61.2
1708.0,3.0,2.0,90.5
975.0,2.0,2.0,43.0
750.0,2.0,2.0,25.0
1200.0,8.0,8.0,190.0
1920.0,3.0,3.0,130.0
1200.0,6.0,5.0,240.0
1183.0,2.0,2.0,58.56
1140.0,4.0,4.0,90.0
1550.0,3.0,2.0,65.0
1110.0,2.0,2.0,53.0
1500.0,8.0,10.0,165.0
1105.0,2.0,2.0,38.67
1800.0,3.0,3.0,68.0
2800.0,5.0,4.0,200.0
1000.0,2.0,2.0,29.9
1190.0,2.0,2.0,68.0
1350.0,4.0,4.0,200.0
3067.0,4.0,4.0,230.0
1929.0,3.0,4.0,103.0
1525.0,3.0,3.0,100.0
1775.0,3.0,3.0,110.0
1125.0,2.0,2.0,63.0
900.0,2.0,2.0,42.0
1155.0,2.0,2.0,58.0
1200.0,4.0,4.0,75.0
1268.0,2.0,2.0,73.0
1500.0,3.0,3.0,88.0
630.0,1.0,1.0,47.0
1525.0,3.0,3.0,65.0
1060.0,2.0,2.0,48.0
1687.0,3.0,3.0,127.0
1847.0,3.0,3.0,123.0
1410.0,3.0,2.0,53.0
1075.0,2.0,2.0,42.99
3526.0,4.0,4.0,492.0
3000.0,3.0,3.0,338.0
1500.0,3.0,2.0,143.0
1010.0,2.0,2.0,46.0
1875.0,3.0,3.0,110.0
1200.0,5.0,6.0,137.0
983.0,2.0,2.0,50.6
1101.0,2.0,2.0,65.0
1140.0,2.0,2.0,76.0
1215.0,2.0,2.0,110.0
1007.0,2.0,2.0,42.0
2039.0,3.0,3.0,168.0
1020.0,3.0,3.0,110.0
1198.0,2.0,2.0,84.0
4000.0,4.0,4.0,520.0
1470.0,4.0,4.0,34.5
1370.0,2.0,2.0,75.0
1316.0,2.0,2.0,55.5
1350.0,3.0,3.0,55.5
1050.0,2.0,2.0,43.0
1128.76,3.0,3.0,47.405
921.0,2.0,2.0,34.0
1010.0,2.0,2.0,49.27
1015.0,2.0,2.0,43.0
1200.0,3.0,2.0,66.5
1179.0,2.0,2.0,75.0
1850.0,4.0,4.0,86.0
870.0,2.0,2.0,24.0
1605.0,3.0,3.0,85.0
2800.0,4.0,4.0,89.0
2475.0,3.0,4.0,320.0
3000.0,2.0,2.0,510.0
2400.0,6.0,7.0,110.0
1000.0,2.0,1.0,55.0
1200.0,2.0,2.0,80.0
1200.0,2.0,2.0,125.0
1200.0,2.0,2.0,66.0
1200.0,2.0,2.0,50.0
1255.0,2.0,2.0,57.5
1085.0,2.0,2.0,30.38
1592.0,3.0,3.0,125.0
1313.0,2.0,2.0,58.27
1934.0,3.0,3.0,150.0
1200.0,2.0,2.0,49.5
3600.0,6.0,6.0,120.0
935.0,2.0,2.0,45.0
877.0,2.0,2.0,30.0
936.0,2.0,2.0,42.0
1470.0,3.0,2.0,110.0
1050.0,1.0,1.0,70.0
1232.0,2.0,2.0,69.61
2225.0,3.0,4.0,169.0
1200.0,3.0,2.0,80.0
1901.0,3.0,3.0,119.0
1819.0,3.0,3.0,100.0
1464.0,3.0,3.0,56.0
3715.0,4.0,6.0,200.5
5000.0,4.0,4.0,290.0
1200.0,4.0,4.0,169.0
1256.0,2.0,2.0,60.0
1100.0,2.0,2.0,44.0
4800.0,4.0,3.0,302.0
1435.0,3.0,3.0,70.0
3245.0,4.0,4.0,250.0
1845.0,3.0,4.0,110.0
2400.0,3.0,4.0,130.0
1140.0,2.0,2.0,46.0
1200.0,2.0,2.0,60.0
2254.0,3.0,3.0,170.0
1750.0,3.0,3.0,150.0
1020.0,2.0,2.0,37.0
515.0,1.0,1.0,25.0
1893.0,3.0,3.0,140.0
3025.0,3.0,3.0,500.0
830.0,2.0,2.0,34.0
600.0,2.0,2.0,36.5
1075.0,3.0,2.0,90.0
3200.0,4.0,4.0,1200.0
1200.0,2.0,2.0,78.0
1233.0,2.0,2.0,77.65
1255.0,2.0,2.0,65.26
1200.0,2.0,2.0,37.8
2145.0,3.0,3.0,175.0
1500.0,5.0,5.0,85.0
740.0,2.0,2.0,34.0
1250.0,3.0,3.0,48.0
1210.0,2.0,2.0,40.0
1525.0,3.0,2.0,60.0
540.0,1.0,1.0,36.0
1240.0,3.0,2.0,84.0
1245.0,3.0,2.0,68.0
1865.0,3.0,3.0,350.0
1104.0,2.0,2.0,36.43
1075.0,3.0,2.0,35.99
2200.0,2.0,2.0,55.0
1155.0,2.0,2.0,60.0
1520.0,2.0,2.0,62.0
3122.0,4.0,6.0,245.0
1290.0,2.0,2.0,85.0
2300.0,3.0,3.0,80.0
3000.0,4.0,4.0,200.0
400.0,1.0,1.0,14.0
1340.0,3.0,2.0,53.6
900.0,2.0,2.0,95.0
1800.0,6.0,4.0,324.0
987.0,2.0,2.0,49.0
1720.0,3.0,3.0,100.0
1040.0,2.0,2.0,50.0
900.0,2.0,2.0,64.0
1030.0,2.0,2.0,50.0
2556.0,3.0,3.0,133.0
1850.0,3.0,3.0,168.0
750.0,4.0,4.0,110.0
1028.0,2.0,2.0,31.86
1270.0,2.0,2.0,83.0
1655.0,3.0,3.0,115.0
940.0,2.0,2.0,40.0
1050.0,2.0,2.0,85.0
600.0,4.0,4.0,40.0
946.0,2.0,2.0,38.0
1726.0,3.0,3.0,145.0
2121.0,3.0,4.0,253.0
1404.0,2.0,2.0,75.0
1525.0,3.0,2.0,48.0
1025.0,2.0,2.0,57.0
1575.0,5.0,4.0,150.0
860.0,2.0,1.0,43.0
1223.0,3.0,2.0,42.81
3750.0,4.0,3.0,550.0
1197.0,2.0,2.0,47.8
1150.0,2.0,2.0,52.75
4800.0,4.0,5.0,629.0
1040.0,2.0,2.0,46.0
1310.0,2.0,2.0,80.0
1788.0,3.0,3.0,98.34
1144.0,2.0,2.0,38.55
1070.0,2.0,2.0,39.0
1200.0,2.0,2.0,70.0
1862.0,3.0,3.0,120.0
1200.0,2.0,2.0,58.5
970.0,2.0,2.0,27.0
1646.0,3.0,3.0,79.5
4395.0,4.0,4.0,242.0
1200.0,5.0,4.0,100.0
1995.0,3.0,3.0,135.0
2400.0,4.0,4.0,450.0
1085.0,2.0,2.0,47.74
1139.0,2.0,2.0,56.8
1092.0,2.0,2.0,44.0
1767.0,3.0,3.0,98.0
1700.0,3.0,3.0,80.0
1692.0,3.0,3.0,88.0
1645.0,3.0,3.0,100.0
1345.0,3.0,2.0,57.0
1100.0,2.0,2.0,60.0
1408.0,3.0,3.0,62.0
2400.0,4.0,4.0,240.0
1920.0,4.0,4.0,200.0
6040.0,5.0,4.0,170.0
2072.0,3.0,4.0,150.0
1420.0,2.0,2.0,158.0
2040.0,3.0,3.0,137.0
1220.0,3.0,3.0,56.0
1200.0,4.0,4.0,145.0
1300.0,2.0,2.0,79.0
1150.0,2.0,2.0,39.0
1470.0,2.0,2.0,86.0
1063.0,2.0,2.0,31.9
1311.0,2.0,2.0,48.0
3500.0,4.0,4.0,350.0
600.0,4.0,2.0,100.0
1400.0,3.0,2.0,55.0
2200.0,2.0,2.0,62.0
1430.0,3.0,2.0,56.0
1060.0,2.0,2.0,55.0
1000.0,3.0,2.0,110.0
1760.0,3.0,3.0,145.0
2010.0,3.0,3.0,92.0
1480.0,3.0,2.0,64.23
1230.0,3.0,2.0,43.5
1300.0,3.0,3.0,65.0
800.0,4.0,4.0,120.0
4850.0,4.0,6.0,385.0
1100.0,2.0,2.0,52.0
1752.12,3.0,3.0,116.0
957.0,2.0,2.0,46.9
790.5,1.0,1.0,41.9
1942.0,3.0,3.0,102.0
1000.0,2.0,2.0,53.0
668.0,1.0,1.0,36.85
3000.0,5.0,6.0,1000.0
600.0,3.0,2.0,80.0
1089.0,2.0,2.0,43.55
1800.0,3.0,3.0,90.0
960.0,1.0,2.0,18.0
1036.0,2.0,2.0,39.35
1583.0,3.0,3.0,105.0
3300.0,4.0,4.0,150.0
1100.0,2.0,2.0,65.0
800.0,1.0,1.0,100.0
1246.0,2.0,2.0,65.0
850.0,2.0,2.0,28.0
1196.0,2.0,2.0,51.51
1697.0,3.0,3.0,114.0
1000.0,2.0,2.0,64.0
1567.0,3.0,3.0,90.0
1200.0,2.0,1.0,36.0
3750.0,4.0,6.0,290.0
950.0,2.0,2.0,45.0
1022.0,2.0,2.0,52.0
1018.0,2.0,2.0,23.45
2000.0,4.0,3.0,25.0
1322.0,2.0,2.0,68.0
1800.0,4.0,4.0,145.0
1460.0,3.0,2.0,58.39
990.0,2.0,2.0,44.55
2400.0,3.0,3.0,260.0
1635.0,3.0,2.0,85.0
3526.0,4.0,4.0,558.0
3400.0,4.0,3.0,210.0
2770.0,3.0,3.0,460.0
3035.0,4.0,5.0,200.0
1533.0,3.0,3.0,85.0
1720.0,3.0,3.0,134.0
2000.0,3.0,3.0,200.0
1185.0,2.0,2.0,75.84
900.0,2.0,2.0,27.0
395.0,1.0,1.0,10.25
1031.0,2.0,2.0,56.35
2400.0,6.0,8.0,650.0
2650.0,4.0,4.0,240.0
2400.0,5.0,5.0,415.0
1330.0,3.0,2.0,46.55
1259.0,2.0,2.0,57.0
1570.0,3.0,3.0,88.0
1075.0,3.0,2.0,36.0
1216.0,2.0,2.0,79.0
1428.0,3.0,2.0,66.0
1160.0,2.0,2.0,40.59
600.0,3.0,2.0,110.0
1475.0,3.0,3.0,70.0
1754.0,3.0,3.0,135.0
1639.0,3.0,3.0,83.0
1804.0,3.0,3.0,102.0
1200.0,3.0,3.0,56.2
1135.0,2.0,2.0,55.0
1260.0,2.0,2.0,46.62
1440.0,5.0,5.0,110.0
2160.0,3.0,3.0,160.0
700.0,7.0,6.0,85.0
1220.0,2.0,2.0,59.5
1200.0,2.0,2.0,67.0
1300.0,2.0,2.0,65.0
605.0,1.0,1.0,29.0
1230.0,6.0,4.0,210.0
1444.0,2.0,2.0,75.97
924.0,2.0,2.0,45.0
1000.0,2.0,2.0,30.0
600.0,4.0,4.0,95.0
1200.0,3.0,3.0,225.0
845.0,2.0,2.0,29.0
700.0,2.0,2.0,35.0
1187.0,2.0,2.0,58.0
1625.0,3.0,3.0,55.0
1200.0,2.0,2.0,83.0
1452.55,2.0,2.0,110.0
2357.0,3.0,3.0,151.0
1200.0,2.0,2.0,49.5
1139.0,2.0,2.0,56.85
600.0,1.0,1.0,97.5
1660.0,3.0,3.0,75.0
1170.0,2.0,2.0,105.0
1448.0,2.0,2.0,68.0
1762.0,3.0,3.0,110.0
1105.0,2.0,2.0,38.65
1825.0,3.0,3.0,105.0
296.0,1.0,1.0,22.89
1200.0,5.0,4.0,85.0
1185.0,2.0,2.0,43.0
1320.0,3.0,2.0,38.12
1058.0,2.0,2.0,48.0
1220.0,2.0,2.0,60.0
925.0,2.0,2.0,25.0
1200.0,2.0,2.0,72.0
1160.0,3.0,2.0,40.6
600.0,3.0,4.0,72.0
1411.0,3.0,3.0,91.72
1550.0,3.0,3.0,78.0
3250.0,4.0,4.0,230.0
2475.0,3.0,4.0,130.0
3181.0,4.0,2.0,260.5
2503.0,4.0,4.0,188.0
2524.0,4.0,5.0,190.0
1063.0,2.0,2.0,42.0
1077.0,2.0,2.0,37.7
1200.0,2.0,3.0,44.0
1500.0,4.0,3.0,70.0
1045.0,2.0,2.0,76.77
1290.0,3.0,2.0,45.15
1400.0,2.0,2.0,78.0
1600.0,3.0,3.0,58.14
3095.0,3.0,3.0,375.0
1545.0,3.0,2.0,58.0
1680.0,3.0,3.0,112.0
1350.0,2.0,2.0,67.5
950.0,2.0,2.0,38.0
1050.0,2.0,2.0,45.0
1305.0,3.0,2.0,49.0
800.0,4.0,4.0,120.0
2700.0,5.0,7.0,125.0
1100.0,3.0,3.0,78.0
3500.0,6.0,5.0,160.0
1634.0,3.0,3.0,83.33
1352.0,2.0,2.0,85.0
1145.0,2.0,2.0,65.0
1240.0,2.0,2.0,43.79
2200.0,3.0,3.0,190.0
1020.0,2.0,2.0,39.0
3600.0,4.0,4.0,365.0
1168.0,2.0,2.0,61.0
1205.0,2.0,2.0,75.0
1195.0,2.0,2.0,100.0
1028.0,2.0,2.0,49.0
1175.0,2.0,2.0,48.27
1550.0,3.0,2.0,90.0
1826.0,3.0,3.0,165.0
2400.0,5.0,5.0,160.0
1603.0,3.0,3.0,96.0
1350.0,3.0,3.0,72.0
714.0,1.0,1.0,28.0
1215.0,2.0,2.0,65.0
1405.0,3.0,2.0,77.0
1142.0,2.0,2.0,51.0
4000.0,4.0,4.0,170.0
1870.0,3.0,3.0,90.0
1313.0,2.0,2.0,73.0
1945.0,3.0,3.0,120.0
1573.0,3.0,3.0,95.0
1255.0,2.0,2.0,92.0
1400.0,4.0,3.0,91.15
1235.0,2.0,2.0,43.63
1380.0,3.0,2.0,52.0
1500.0,7.0,9.0,250.0
1238.0,2.0,2.0,67.0
1465.0,3.0,2.0,74.72
1418.0,2.0,2.0,103.0
1650.0,3.0,3.0,165.0
351.0,1.0,1.0,16.0
1279.0,2.0,2.0,48.0
1870.0,3.0,3.0,200.0
1500.0,4.0,5.0,230.0
2526.0,3.0,2.0,250.0
1550.0,3.0,2.0,150.0
3539.5,4.0,2.0,424.5
1845.0,3.0,2.0,68.27
1360.0,3.0,2.0,59.27
1150.0,3.0,2.0,75.0
1260.0,2.0,2.0,49.5
1200.0,3.0,3.0,74.0
965.0,2.0,2.0,42.5
1350.0,3.0,2.0,48.0
1447.0,2.0,2.0,75.97
1229.0,3.0,3.0,86.03
1027.0,2.0,2.0,43.0
1153.0,2.0,2.0,48.5
2856.0,4.0,5.0,145.5
1065.0,2.0,2.0,50.0
1030.0,2.0,2.0,61.0
1340.0,2.0,2.0,61.0
4000.0,4.0,5.0,212.0
600.0,1.0,1.0,32.0
1410.0,3.0,2.0,44.42
1055.0,2.0,2.0,45.35
1304.0,2.0,2.0,79.0
2720.0,4.0,4.0,485.0
990.0,2.0,2.0,31.5
1035.0,2.0,2.0,39.33
700.0,1.0,1.0,30.09
1120.0,2.0,2.0,43.0
1300.0,2.0,2.0,73.0
1239.0,2.0,2.0,82.0
1403.0,3.0,3.0,51.63
1365.0,2.0,2.0,92.0
1165.0,2.0,2.0,135.0
1130.0,3.0,2.0,45.19
1776.42,3.0,3.0,105.0
900.0,4.0,4.0,175.0
1194.0,2.0,2.0,47.0
1107.0,2.0,2.0,33.0
2319.0,3.0,3.0,180.0
1520.0,3.0,3.0,80.0
1536.0,3.0,3.0,89.0
3000.0,4.0,4.0,240.0
1050.0,2.0,2.0,38.0
1850.0,3.0,3.0,146.0
1112.0,2.0,2.0,62.0
1535.0,3.0,3.0,72.5
1050.0,2.0,2.0,35.0
2400.0,4.0,3.0,370.0
1250.0,3.0,3.0,65.0
1187.0,2.0,2.0,52.0
1164.0,2.0,2.0,56.0
1395.0,3.0,2.0,62.78
2072.0,3.0,3.0,108.0
1450.0,3.0,3.0,60.91
1550.0,3.0,3.0,82.0
1315.0,2.0,2.0,90.0
3067.0,4.0,4.0,230.0
1210.0,2.0,2.0,72.0
1075.0,3.0,2.0,47.0
11338.0,6.0,9.0,1000.0
1215.0,3.0,3.0,42.2
1470.0,3.0,2.0,75.0
30000.0,4.0,4.0,2100.0
1590.0,3.0,2.0,125.0
1050.0,2.0,2.0,36.75
1306.0,2.0,2.0,55.91
2000.0,3.0,3.0,250.0
1445.0,3.0,3.0,64.0
1220.0,3.0,3.0,58.0
3190.0,4.0,3.0,160.0
1215.0,2.0,2.0,51.26
1920.0,3.0,2.0,88.0
1390.0,2.0,2.0,60.0
800.0,3.0,2.0,75.0
600.0,3.0,3.0,100.0
1196.0,2.0,2.0,71.74
1550.0,3.0,2.0,75.0
1418.0,2.0,2.0,101.0
1655.0,3.0,3.0,115.0
1115.0,2.0,2.0,33.45
1170.0,2.0,2.0,68.0
1035.0,2.0,2.0,38.3
1306.0,3.0,2.0,58.0
750.0,2.0,2.0,22.0
1917.0,3.0,3.0,122.0
1615.0,3.0,3.0,58.0
1071.0,2.0,2.0,52.25
1325.0,2.0,2.0,119.0
3000.0,7.0,4.0,900.0
1400.0,3.0,2.0,88.0
1246.0,2.0,2.0,82.0
1215.0,2.0,2.0,40.0
1200.0,2.0,2.0,49.5
450.0,4.0,3.0,53.0
1200.0,2.0,2.0,60.0
945.0,2.0,2.0,50.0
4460.0,4.0,5.0,650.0
1175.0,2.0,2.0,52.0
920.0,2.0,2.0,63.0
3024.0,4.0,5.0,350.0
1600.0,2.0,2.0,110.0
750.0,4.0,2.0,110.0
2400.0,4.0,4.0,700.0
955.0,2.0,1.0,34.01
1750.0,3.0,3.0,100.0
1425.0,3.0,2.0,64.0
2150.0,3.0,3.0,265.0
1165.0,2.0,2.0,40.5
1050.0,2.0,2.0,48.0
1370.0,3.0,2.0,75.0
1374.0,3.0,2.0,72.0
1754.0,3.0,3.0,124.0
1847.0,3.0,3.0,110.0
1850.0,3.0,4.0,139.0
3297.0,3.0,3.0,135.0
1187.0,2.0,2.0,45.0
1400.0,3.0,2.0,40.44
600.0,3.0,2.0,30.0
1350.0,2.0,2.0,180.0
3000.0,3.0,2.0,120.0
693.0,1.0,1.0,34.3
1980.0,3.0,3.0,224.0
1021.0,2.0,2.0,48.0
1165.0,2.0,2.0,95.0
1756.0,3.0,3.0,92.0
1739.0,3.0,3.0,105.0
1280.0,2.0,2.0,65.0
1215.0,2.0,2.0,58.86
950.0,2.0,2.0,46.5
1082.0,3.0,2.0,49.0
1050.0,2.0,2.0,42.0
1080.0,2.0,2.0,53.35
1100.0,2.0,2.0,55.0
3200.0,4.0,4.0,205.0
1311.0,2.0,2.0,78.0
1608.0,3.0,3.0,67.98
1160.0,2.0,2.0,36.0
1170.0,2.0,2.0,71.0
1155.0,2.0,2.0,40.6
1255.0,3.0,2.0,77.68
1065.0,2.0,2.0,44.95
674.0,1.0,1.0,21.0
1936.0,3.0,4.0,126.0
2289.0,3.0,3.0,260.0
1100.0,2.0,2.0,38.45
2257.0,3.0,4.0,157.0
1055.0,2.0,2.0,55.0
1530.0,3.0,3.0,51.87
1700.0,3.0,3.0,97.0
1575.0,3.0,2.0,78.0
3500.0,3.0,4.0,330.0
1263.0,2.0,2.0,93.32
1559.0,3.0,3.0,69.315
1043.0,2.0,2.0,65.0
1255.0,2.0,2.0,53.5
1352.5,2.0,2.0,93.865
590.0,1.0,1.0,13.57
1550.0,3.0,3.0,120.0
1220.0,3.0,3.0,56.0
1900.0,3.0,3.0,160.0
1360.0,3.0,3.0,55.0
1100.0,2.0,2.0,75.0
1455.0,3.0,3.0,73.31
1035.0,2.0,2.0,40.5
1152.0,2.0,2.0,69.0
1299.0,2.0,2.0,82.0
1157.0,3.0,2.0,75.0
1050.0,2.0,2.0,52.5
1050.0,2.0,2.0,40.0
1246.0,2.0,2.0,67.4
1929.0,3.0,3.0,115.0
1285.0,2.0,2.0,60.0
1200.0,3.0,2.0,65.0
3161.0,4.0,4.0,214.0
1850.0,3.0,3.0,170.0
1025.0,3.0,2.0,37.0
1124.0,2.0,3.0,80.0
1012.0,2.0,2.0,54.59
4500.0,7.0,5.0,250.0
871.0,2.0,2.0,55.0
1020.0,2.0,2.0,40.0
1550.0,3.0,3.0,73.5
3515.0,3.0,3.0,420.0
1410.0,3.0,2.0,80.0
3500.0,4.0,5.0,150.0
1118.0,2.0,2.0,75.0
1098.0,2.0,2.0,68.0
1130.0,2.0,2.0,45.2
1145.0,2.0,2.0,75.0
950.0,3.0,3.0,80.0
1051.0,2.0,2.0,33.0
600.0,7.0,7.0,108.0
1102.0,2.0,2.0,53.67
1478.0,2.0,2.0,125.0
645.0,1.0,1.0,16.45
823.0,2.0,2.0,50.63
880.0,2.0,2.0,35.0
600.0,4.0,5.0,75.0
1991.0,3.0,4.0,100.0
1100.0,3.0,3.0,50.0
1745.0,3.0,3.0,115.0
1226.0,2.0,3.0,135.0
680.0,3.0,4.0,68.0
1100.0,2.0,2.0,70.0
1200.0,4.0,4.0,195.0
1450.0,2.0,2.0,58.0
3366.0,4.0,4.0,120.0
1150.0,2.0,2.0,54.0
1843.0,3.0,3.0,95.84
2200.0,4.0,4.0,195.0
1090.0,2.0,3.0,44.0
1132.0,2.0,2.0,42.0
1375.0,2.0,2.0,80.0
1500.0,4.0,5.0,220.0
760.0,1.0,1.0,50.3
1180.0,2.0,2.0,65.0
918.0,2.0,2.0,45.0
600.0,5.0,5.0,50.0
1200.0,2.0,1.0,53.0
1372.0,2.0,2.0,61.0
2400.0,7.0,7.0,355.0
1728.0,3.0,3.0,95.0
2215.0,3.0,3.0,275.0
1200.0,2.0,2.0,80.0
1280.0,2.0,2.0,56.0
800.0,4.0,4.0,110.0
1455.0,3.0,2.0,56.0
440.0,1.0,1.0,28.0
1500.0,3.0,3.0,97.0
1800.0,3.0,3.0,110.0
1525.0,3.0,3.0,96.0
1204.0,2.0,2.0,38.5
1225.0,2.0,2.0,53.55
800.0,6.0,6.0,98.0
1650.0,3.0,3.0,122.0
880.0,3.0,2.0,18.0
4200.0,4.0,4.0,255.0
1200.0,2.0,2.0,55.0
1152.0,4.0,4.0,230.0
1005.0,2.0,2.0,42.0
1562.0,3.0,3.0,103.0
5000.0,4.0,5.0,395.0
810.0,6.0,5.0,95.0
1200.0,2.0,2.0,42.0
1555.0,3.0,3.0,82.5
1550.0,2.0,2.0,71.0
1190.0,2.0,2.0,67.0
1070.0,2.0,2.0,50.0
1020.0,2.0,2.0,42.48
1610.0,3.0,3.0,115.0
700.0,1.0,1.0,41.0
1300.0,3.0,2.0,49.0
1420.0,2.0,2.0,123.0
1200.0,9.0,9.0,100.0
1069.0,3.0,3.0,65.4
1900.0,3.0,3.0,123.0
1655.0,2.0,2.0,97.65
1155.0,2.0,2.0,40.42
1300.0,3.0,2.0,70.0
1100.0,2.0,2.0,45.0
1030.0,2.0,2.0,42.0
2105.0,2.0,2.0,70.2
1700.0,3.0,3.0,126.0
1760.0,3.0,3.0,139.0
6200.0,9.0,9.0,200.0
1400.0,2.0,2.0,67.0
1200.0,2.0,2.0,53.0
912.0,2.0,2.0,55.0
1102.0,2.0,2.0,48.0
1535.0,3.0,3.0,55.0
1243.0,2.0,2.0,46.0
918.0,2.0,2.0,63.2
1500.0,3.0,2.0,70.0
3000.0,3.0,3.0,250.0
1476.0,3.0,3.0,89.0
1200.0,2.0,2.0,65.0
606.0,1.0,1.0,34.78
1100.0,2.0,2.0,61.0
1295.0,3.0,2.0,59.5
527.0,1.0,1.0,26.0
1300.0,2.0,2.0,80.0
680.0,3.0,4.0,68.0
1260.0,1.0,1.0,41.0
1140.0,2.0,2.0,75.2
1500.0,1.0,1.0,37.5
2321.0,3.0,4.0,128.0
1390.0,2.0,2.0,62.0
1725.0,3.0,3.0,90.0
3067.0,4.0,4.0,310.0
1186.0,3.0,2.0,63.0
1230.0,2.0,2.0,85.0
600.0,1.0,1.0,17.0
1313.0,3.0,3.0,96.0
900.0,2.0,2.0,55.0
1250.0,2.0,2.0,66.25
1200.0,9.0,6.0,280.0
660.0,1.0,1.0,54.0
1036.0,2.0,2.0,105.0
2700.0,4.0,4.0,450.0
1100.0,2.0,2.0,70.0
1500.0,4.0,2.0,450.0
525.0,4.0,5.0,56.0
1015.0,2.0,2.0,56.0
812.0,1.0,1.0,26.0
1360.0,3.0,2.0,65.0
2167.0,3.0,3.0,170.0
1200.0,2.0,2.0,35.0
1165.0,2.0,2.0,75.0
1274.0,2.0,2.0,70.0
1151.0,2.0,2.0,39.02
1060.0,6.0,6.0,110.0
1626.0,3.0,2.0,120.0
1035.0,2.0,2.0,35.77
1272.0,3.0,4.0,75.0
965.0,2.0,2.0,45.0
1600.0,5.0,5.0,140.0
1070.0,2.0,2.0,42.79
1570.0,3.0,2.0,65.0
780.0,2.0,2.0,25.0
1000.0,3.0,2.0,65.0
1200.0,4.0,3.0,188.0
7500.0,7.0,7.0,400.0
1700.0,3.0,2.0,100.0
1850.0,3.0,3.0,110.0
904.0,2.0,2.0,30.0
1121.0,2.0,2.0,43.72
1385.0,3.0,2.0,58.17
1270.0,2.0,2.0,69.85
1450.0,3.0,3.0,56.0
2400.0,3.0,4.0,325.0
730.0,1.0,1.0,35.0
1580.0,3.0,3.0,53.56
1111.0,2.0,2.0,50.0
1125.0,4.0,2.0,88.0
977.0,2.0,2.0,36.0
674.0,2.0,1.0,19.9
600.0,3.0,3.0,83.0
2540.0,4.0,4.0,115.0
1290.0,2.0,2.0,100.0
600.0,3.0,3.0,98.0
795.0,2.0,2.0,32.54
700.0,2.0,1.0,35.0
1463.0,2.0,1.0,142.0
1000.0,3.0,3.0,140.0
1306.0,3.0,2.0,58.0
2401.0,3.0,3.0,185.0
1670.0,4.0,3.0,135.0
1875.0,3.0,2.0,235.0
1200.0,3.0,3.0,90.0
1804.0,3.0,3.0,121.0
2065.0,3.0,4.0,210.0
1225.0,3.0,3.0,40.0
1185.5,2.0,2.0,58.68
900.0,2.0,2.0,56.0
1350.0,2.0,2.0,91.0
700.0,1.0,1.0,36.0
1005.0,2.0,2.0,35.175
1160.0,2.0,2.0,46.39
1680.0,3.0,3.0,99.27
1043.0,2.0,2.0,55.0
1200.0,4.0,4.0,120.0
1040.0,2.0,2.0,46.0
1357.0,3.0,2.0,65.0
1600.0,7.0,7.0,104.0
1225.0,2.0,2.0,47.0
1500.0,9.0,6.0,80.0
1130.0,2.0,2.0,40.0
2500.0,4.0,4.0,150.0
1700.0,3.0,3.0,120.0
1549.0,3.0,3.0,65.0
1400.0,2.0,2.0,100.0
1080.0,2.0,2.0,50.0
1180.0,2.0,2.0,100.0
780.0,7.0,7.0,150.0
1800.0,3.0,3.0,150.0
1225.0,2.0,2.0,67.38
890.0,1.0,1.0,75.0
1005.0,2.0,2.0,39.59
1320.0,2.0,2.0,95.0
1475.0,4.0,2.0,50.0
1707.0,3.0,2.0,99.745
1110.0,2.0,2.0,51.0
1300.0,2.0,2.0,54.0
600.0,5.0,3.0,86.0
1128.0,2.0,2.0,65.35
1452.19,2.0,2.0,100.0
2400.0,3.0,3.0,290.0
2600.0,3.0,4.0,135.0
2500.0,3.0,4.0,325.0
630.0,2.0,1.0,35.0
1243.0,2.0,2.0,48.5
960.0,2.0,2.0,32.0
1690.0,3.0,3.0,100.0
735.0,2.0,2.0,35.0
1365.0,2.0,2.0,73.0
2849.0,5.0,5.0,300.0
1420.0,2.0,2.0,99.39
1570.0,3.0,3.0,68.0
850.0,2.0,1.0,32.0
1575.0,3.0,2.0,110.0
1418.0,2.0,2.0,104.0
1050.0,2.0,2.0,42.0
1065.0,2.0,2.0,42.6
1340.0,3.0,3.0,90.0
1610.0,3.0,3.0,92.0
1160.0,2.0,2.0,33.5
1092.0,2.0,2.0,44.0
1194.0,2.0,2.0,47.0
1455.0,3.0,3.0,61.5
734.0,1.0,1.0,19.82
799.0,2.0,2.0,38.0
1896.0,3.0,3.0,75.0
1100.0,2.0,2.0,48.0
1350.0,2.0,2.0,79.0
1355.0,3.0,3.0,61.0
1128.0,2.0,2.0,65.0
1350.0,2.0,2.0,90.0
3875.0,3.0,3.0,864.0
1493.0,3.0,3.0,82.0
1098.0,2.0,2.0,43.91
1900.0,3.0,2.0,170.0
1460.0,3.0,3.0,88.0
2350.0,3.0,4.0,285.0
1600.0,5.0,5.0,140.0
1091.0,2.0,2.0,32.0
1180.0,2.0,2.0,42.0
1366.0,2.0,3.0,76.85
1685.0,3.0,3.0,95.0
1260.0,2.0,2.0,100.0
3010.0,3.0,3.0,200.0
1330.0,3.0,4.0,140.0
1200.0,2.0,2.0,130.0
1346.0,2.0,2.0,96.17
630.0,1.0,1.0,13.86
1476.0,3.0,2.0,98.94
1850.0,3.0,3.0,140.0
2350.0,5.0,2.0,423.0
755.0,2.0,1.0,34.0
800.0,5.0,5.0,98.0
1194.0,2.0,2.0,46.0
3850.0,3.0,5.0,316.0
4235.0,4.0,4.0,365.0
800.0,1.0,1.0,52.0
2250.0,3.0,3.0,195.0
1352.0,2.0,2.0,68.0
2002.0,3.0,3.0,112.0
4000.0,4.0,5.0,280.0
1060.0,2.0,2.0,45.0
1419.59,3.0,2.0,59.0
1196.0,2.0,2.0,51.15
1220.0,3.0,2.0,35.24
1595.0,3.0,3.0,75.0
1260.0,2.0,2.0,75.0
1100.0,2.0,2.0,47.0
1550.0,2.0,2.0,140.0
1180.0,2.0,2.0,52.0
4000.0,4.0,5.0,150.0
1662.0,3.0,3.0,85.0
1285.0,2.0,2.0,60.0
1080.0,4.0,4.0,75.0
1862.0,3.0,3.0,119.0
1419.0,2.0,2.0,48.0
1410.0,3.0,3.0,43.71
1560.0,3.0,2.0,62.4
1100.0,5.0,4.0,150.0
1634.0,3.0,3.0,78.0
5530.0,5.0,5.0,627.0
1150.0,3.0,2.0,44.0
1100.0,2.0,2.0,53.0
1616.0,3.0,3.0,65.0
1392.0,2.0,2.0,99.0
1798.0,3.0,3.0,120.0
1675.0,3.0,3.0,75.0
792.0,2.0,2.0,70.0
2000.0,5.0,4.0,103.0
600.0,7.0,7.0,89.0
1700.0,3.0,3.0,124.0
1248.0,2.0,2.0,69.0
1147.0,2.0,2.0,54.0
1100.0,2.0,2.0,40.0
1527.0,3.0,3.0,115.0
2400.0,5.0,5.0,235.0
525.0,1.0,1.0,25.0
1100.0,2.0,2.0,58.0
1118.0,2.0,2.0,37.5
1476.0,3.0,3.0,75.0
2100.0,3.0,3.0,75.0
1215.0,3.0,2.0,46.5
1332.0,2.0,2.0,79.0
1350.0,2.0,2.0,49.0
600.0,4.0,4.0,81.0
1243.0,2.0,2.0,46.0
1105.0,2.0,2.0,49.73
1500.0,3.0,2.0,200.0
1200.0,2.0,2.0,50.0
1251.0,2.0,2.0,47.4
883.0,2.0,2.0,45.0
1400.0,3.0,2.0,67.0
1800.0,3.0,3.0,260.0
1703.0,3.0,3.0,113.0
2500.0,5.0,5.0,130.0
1250.0,3.0,3.0,71.0
933.0,2.0,2.0,43.0
461.82,1.0,1.0,31.7
1262.0,2.0,2.0,75.0
915.0,2.0,2.0,48.0
1370.0,3.0,2.0,61.5
1210.0,2.0,2.0,55.0
2392.0,3.0,4.0,260.0
1500.0,3.0,2.0,85.0
1065.0,2.0,2.0,50.0
3100.0,4.0,4.0,570.0
1515.0,3.0,3.0,65.0
1800.0,4.0,4.0,110.0
1445.0,3.0,2.0,40.31
1300.0,3.0,2.0,55.0
989.0,2.0,2.0,60.0
1300.0,2.0,2.0,85.0
1185.0,3.0,2.0,30.22
1350.0,5.0,3.0,110.0
1045.0,2.0,2.0,60.0
1205.0,2.0,2.0,42.18
1260.0,2.0,2.0,75.0
1320.0,5.0,5.0,199.0
1500.0,3.0,2.0,125.0
1250.0,3.0,2.0,42.5
1199.0,2.0,2.0,50.0
1385.0,2.0,2.0,83.09
1222.0,6.0,5.0,250.0
1149.0,2.0,2.0,75.0
2180.0,3.0,3.0,170.0
1200.0,8.0,7.0,110.0
12000.0,10.0,12.0,525.0
1200.0,5.0,5.0,195.0
1818.0,3.0,3.0,135.0
1070.0,2.0,2.0,33.0
1640.0,3.0,3.0,241.0
1350.0,3.0,2.0,54.6
630.0,2.0,1.0,27.0
1430.0,2.0,2.0,113.0
2430.0,3.0,4.0,180.0
1500.0,6.0,7.0,220.0
1084.0,2.0,2.0,55.0
1186.0,3.0,2.0,56.0
1255.0,2.0,2.0,50.0
3400.0,4.0,5.0,240.0
1541.0,3.0,3.0,69.84
3596.0,4.0,5.0,282.0
1295.0,2.0,2.0,70.0
1000.0,3.0,4.0,110.0
2820.0,3.0,3.0,285.0
1370.0,3.0,2.0,54.79
1100.0,2.0,2.0,40.0
4772.0,4.0,6.0,510.0
1370.0,2.0,2.0,170.0
1370.0,3.0,2.0,54.79
1200.0,2.0,2.0,62.0
2000.0,4.0,3.0,95.0
3500.0,4.0,4.0,300.0
1200.0,5.0,4.0,240.0
2400.0,4.0,5.0,253.0
1220.0,3.0,3.0,62.0
1950.0,3.0,3.0,130.0
1178.0,2.0,2.0,73.0
1286.0,3.0,3.0,61.44
1160.0,2.0,2.0,42.0
918.0,2.0,2.0,55.0
1563.0,3.0,3.0,91.84
1326.0,2.0,2.0,62.17
1350.0,3.0,2.0,140.0
3960.0,4.0,5.0,386.0
1240.0,2.0,2.0,39.06
1325.0,2.0,2.0,50.0
1100.0,2.0,2.0,44.0
3875.0,3.0,3.0,800.0
1605.0,3.0,3.0,50.0
5600.0,5.0,5.0,515.0
1260.0,2.0,2.0,60.0
1553.0,3.0,3.0,83.09
1280.0,2.0,2.0,52.0
1550.0,3.0,2.0,75.0
1445.0,3.0,2.0,125.0
1550.0,3.0,3.0,74.0
1515.0,3.0,2.0,80.91
1332.0,3.0,2.0,86.12
1652.0,3.0,3.0,70.0
1570.0,3.0,3.0,105.0
5400.0,4.0,4.0,725.0
794.0,1.0,1.0,60.0
1200.0,3.0,2.0,62.0
3600.0,4.0,3.0,410.0
1200.0,3.0,3.0,175.0
1650.0,4.0,3.0,220.0
600.0,4.0,2.0,85.0
2800.0,3.0,3.0,250.0
1750.0,3.0,3.0,110.0
1053.0,2.0,2.0,48.0
1100.0,3.0,3.0,53.0
1665.0,3.0,3.0,70.0
4051.0,4.0,4.0,345.0
5500.0,4.0,5.0,1500.0
1447.0,3.0,3.0,80.0
1012.0,2.0,2.0,75.0
1900.0,3.0,3.0,60.0
1308.0,2.0,2.0,92.66
3250.0,4.0,4.0,230.0
1351.0,1.0,2.0,53.0
1000.0,2.0,2.0,22.0
1200.0,4.0,4.0,350.0
1140.0,2.0,2.0,49.11
3181.0,4.0,4.0,260.5
1250.0,3.0,2.0,55.0
1290.0,3.0,3.0,45.15
1424.0,2.0,2.0,90.0
1320.0,3.0,2.0,60.6
1662.0,3.0,3.0,85.5
8321.0,5.0,5.0,2700.0
1200.0,2.0,2.0,45.0
1975.0,3.0,3.0,210.0
1295.0,3.0,2.0,59.5
1777.0,3.0,3.0,100.0
1900.0,3.0,3.0,108.0
1576.0,3.0,3.0,59.1
1020.0,2.0,2.0,41.0
2100.0,3.0,3.0,170.0
648.0,1.0,1.0,31.75
1167.0,3.0,2.0,38.0
1000.0,7.0,7.0,160.0
1220.0,2.0,2.0,50.89
2350.0,3.0,5.0,327.0
1259.0,2.0,2.0,67.4
2000.0,4.0,4.0,82.0
1800.0,3.0,3.0,80.0
1991.0,3.0,3.0,160.0
1665.0,3.0,3.0,110.0
1234.0,2.0,2.0,61.0
1340.0,3.0,2.0,64.31
1170.0,2.0,2.0,46.79
995.0,2.0,2.0,46.0
1075.0,2.0,2.0,60.0
1025.0,2.0,2.0,54.5
2721.0,3.0,3.0,113.0
2000.0,3.0,3.0,99.0
2500.0,4.0,4.0,155.0
1325.0,2.0,2.0,70.0
1314.0,2.0,2.0,68.2
2265.0,3.0,3.0,136.0
4800.0,7.0,7.0,170.0
1026.0,2.0,2.0,41.0
1200.0,3.0,3.0,66.0
2220.0,3.0,4.0,65.0
1192.5,2.0,2.0,51.22
1420.0,2.0,2.0,99.39
1888.0,3.0,4.0,95.0
1300.0,2.0,2.0,90.87
1216.0,2.0,2.0,97.16
3000.0,4.0,4.0,342.0
1559.0,3.0,3.0,63.0
1290.0,2.0,2.0,87.0
2400.0,6.0,6.0,245.0
905.0,1.0,1.0,55.0
1069.0,2.0,2.0,55.0
829.0,2.0,2.0,22.8
1900.0,2.0,2.0,200.0
1300.0,3.0,3.0,60.0
1115.0,2.0,2.0,33.45
2409.0,3.0,3.0,360.0
2150.0,3.0,4.0,125.0
1305.0,3.0,2.0,69.0
1252.0,2.0,2.0,56.32
2400.0,5.0,5.0,250.0
1200.0,2.0,2.0,46.13
1750.0,3.0,3.0,130.0
545.0,2.0,1.0,35.0
1375.0,2.0,2.0,105.0
1313.0,2.0,2.0,66.5
3640.0,4.0,4.0,275.0
1693.0,3.0,3.0,108.0
1160.0,2.0,2.0,41.75
1200.0,3.0,3.0,200.0
1255.0,3.0,2.0,79.0
1000.0,4.0,4.0,75.0
900.0,2.0,2.0,45.0
1700.0,3.0,3.0,90.0
1875.0,3.0,3.0,180.0
1700.0,3.0,3.0,88.0
1749.0,3.0,3.0,115.0
1500.0,2.0,3.0,65.0
1175.0,2.0,2.0,48.0
1280.0,2.0,2.0,60.0
1200.0,2.0,2.0,50.0
1610.0,3.0,2.0,115.0
1070.0,2.0,2.0,46.0
1200.0,2.0,2.0,66.0
1127.0,2.0,2.0,50.0
1210.0,2.0,2.0,102.0
600.0,2.0,2.0,23.0
4190.0,4.0,4.0,380.0
1364.0,2.0,2.0,70.0
2268.0,4.0,3.0,146.0
1150.0,3.0,2.0,77.5
1146.0,2.0,2.0,39.5
1345.0,2.0,2.0,55.0
1110.0,2.0,2.0,41.0
750.0,2.0,2.0,36.0
1156.0,2.0,2.0,49.5
1247.0,2.0,2.0,59.8
1058.0,2.0,2.0,60.0
950.0,2.0,2.0,48.0
420.0,2.0,2.0,35.0
600.0,4.0,2.0,90.0
1520.0,3.0,2.0,103.0
1215.0,2.0,2.0,58.86
900.0,1.0,1.0,30.0
2350.0,3.0,3.0,174.0
1050.0,2.0,2.0,46.0
1672.0,3.0,3.0,150.0
2800.0,5.0,5.0,125.0
1500.0,3.0,2.0,65.0
1400.0,2.0,2.0,65.0
2700.0,4.0,4.0,130.0
920.0,2.0,2.0,37.46
1200.0,3.0,3.0,70.0
1250.0,3.0,3.0,139.0
1817.0,3.0,4.0,153.0
2043.0,5.0,6.0,375.0
1140.0,2.0,2.0,46.0
4346.0,4.0,4.0,450.0
1464.0,2.0,2.0,56.0
1468.0,2.0,3.0,130.0
1555.0,3.0,2.0,82.0
1200.0,6.0,4.0,110.0
1150.0,2.0,2.0,55.0
970.0,2.0,2.0,35.0
2500.0,4.0,4.0,95.0
1166.0,2.0,2.0,53.0
2779.0,3.0,3.0,317.0
1350.0,3.0,3.0,58.0
900.0,2.0,2.0,46.0
1300.0,3.0,2.0,52.0
1190.0,3.0,3.0,55.0
1495.0,3.0,2.0,75.0
1224.0,2.0,2.0,105.0
1350.0,3.0,2.0,68.0
940.0,2.0,2.0,56.8
1100.0,2.0,2.0,55.0
1300.0,2.0,2.0,61.0
1480.0,3.0,2.0,145.0
1105.0,2.0,2.0,46.37
2600.0,3.0,3.0,200.0
1517.0,3.0,3.0,76.3
3800.0,6.0,8.0,200.0
1615.0,3.0,3.0,89.75
1500.0,3.0,3.0,65.0
1082.0,3.0,3.0,50.5
1365.0,2.0,2.0,73.0
1000.0,2.0,2.0,25.0
1392.0,2.0,2.0,98.0
1086.0,2.0,2.0,33.66
1586.0,3.0,3.0,93.94
1100.0,2.0,2.0,60.0
1065.0,2.0,2.0,30.75
1500.0,3.0,2.0,120.0
1575.0,3.0,2.0,120.0
1975.0,3.0,3.0,123.0
820.0,2.0,2.0,24.0
1745.0,3.0,3.0,110.0
1223.0,2.0,2.0,60.0
1200.0,3.0,2.0,65.0
1200.0,2.0,2.0,90.0
665.0,1.0,1.0,46.08
1351.0,2.0,2.0,70.0
1355.0,3.0,3.0,83.87
3900.0,3.0,3.0,300.0
1588.0,3.0,3.0,75.55
900.0,2.0,2.0,60.0
440.0,3.0,3.0,50.0
3385.0,4.0,4.0,260.0
1370.0,3.0,2.0,75.0
1500.0,3.0,3.0,71.8
2280.0,3.0,3.0,285.0
1100.0,3.0,3.0,53.0
1247.0,2.0,2.0,53.0
2000.0,3.0,3.0,200.0
1020.07,2.0,2.0,68.38
1033.0,3.0,2.0,32.0
1460.0,3.0,2.0,73.0
1150.0,2.0,2.0,52.8
5965.0,5.0,5.0,385.0
1141.0,2.0,2.0,46.0
2912.5,4.0,6.0,125.5
4200.0,4.0,4.0,325.0
1665.0,3.0,2.0,125.0
1295.0,2.0,2.0,64.0
1230.0,2.0,2.0,78.0
1080.0,3.0,2.0,75.0
1000.0,2.0,2.0,60.0
2400.0,3.0,2.0,50.0
630.5,1.0,1.0,32.79
1708.0,3.0,3.0,75.0
1697.0,3.0,3.0,115.0
3537.0,4.0,5.0,210.0
615.0,1.0,1.0,28.29
1350.0,3.0,2.0,83.0
1530.0,3.0,2.0,66.4
1083.0,2.0,2.0,32.49
1460.0,3.0,2.0,65.0
1084.0,2.0,2.0,58.0
1035.0,2.0,2.0,41.43
2400.0,3.0,2.0,150.0
460.0,1.0,1.0,21.0
950.0,5.0,5.0,90.0
1285.0,2.0,2.0,55.9
2000.0,19.0,16.0,490.0
1200.0,3.0,3.0,78.0
1070.0,2.0,2.0,35.0
1801.0,3.0,3.0,140.0
1697.0,3.0,3.0,115.0
1199.0,2.0,2.0,65.0
2300.0,3.0,3.0,220.0
1340.0,3.0,2.0,64.31
3800.0,4.0,4.0,205.0
600.0,5.0,5.0,50.0
1125.0,2.0,2.0,75.0
1200.0,2.0,2.0,67.0
1050.0,2.0,2.0,41.0
956.0,2.0,2.0,49.0
1000.0,2.0,2.0,30.0
1596.0,3.0,3.0,95.0
1200.0,6.0,5.0,150.0
1296.0,2.0,2.0,89.06
1200.0,6.0,7.0,170.0
1639.0,3.0,3.0,123.0
1219.0,2.0,2.0,61.25
1200.0,3.0,3.0,50.0
1218.0,2.0,2.0,73.0
920.0,2.0,2.0,37.0
2559.0,3.0,3.0,141.0
525.0,1.0,1.0,26.0
1427.0,3.0,2.0,48.51
1270.0,3.0,3.0,45.0
920.0,2.0,2.0,65.0
2700.0,4.0,3.0,68.0
1740.0,3.0,3.0,199.0
1355.0,3.0,2.0,40.0
1530.0,3.0,2.0,90.0
1372.0,3.0,2.0,90.0
2363.0,4.0,5.0,120.0
3895.0,4.0,4.0,220.0
1950.0,3.0,3.0,131.0
885.0,2.0,2.0,40.0
600.0,2.0,2.0,27.0
1270.0,5.0,4.0,128.0
1380.0,2.0,2.0,225.0
1339.0,2.0,2.0,62.0
1130.0,2.0,2.0,36.0
1085.0,2.0,2.0,43.0
1430.0,3.0,3.0,72.0
1451.5,4.0,4.0,121.0
6200.0,5.0,5.0,720.0
1490.0,3.0,2.0,59.6
1650.0,4.0,4.0,99.0
1286.0,2.0,2.0,57.0
925.0,2.0,2.0,63.0
3016.0,4.0,4.0,230.0
1000.0,2.0,2.0,44.0
1215.0,2.0,2.0,39.0
1200.0,4.0,3.0,95.0
1336.0,2.0,2.0,100.0
673.0,1.0,1.0,36.85
1200.0,2.0,2.0,58.0
600.0,6.0,7.0,63.0
1600.0,3.0,3.0,160.0
1200.0,2.0,2.0,79.0
2480.0,6.0,4.0,750.0
2500.0,3.0,3.0,270.0
2400.0,5.0,5.0,100.0
1143.0,2.0,2.0,65.0
1470.0,2.0,2.0,61.74
1584.0,4.0,3.0,145.0
1785.0,3.0,3.0,94.0
2292.0,3.0,3.0,286.0
1460.0,3.0,3.0,71.0
1500.0,3.0,2.0,80.0
1200.0,5.0,4.0,140.0
3300.0,5.0,3.0,250.0
1230.0,2.0,2.0,48.0
650.0,1.0,1.0,20.0
1480.0,2.0,2.0,120.0
1220.0,2.0,2.0,43.92
1570.0,3.0,3.0,115.0
3000.0,3.0,3.0,400.0
1665.0,3.0,3.0,86.91
1350.0,3.0,3.0,380.0
4000.0,4.0,5.0,600.0
1100.0,2.0,2.0,68.0
1350.0,3.0,2.0,87.01
1719.0,3.0,3.0,116.0
664.0,1.0,1.0,35.0
1011.0,2.0,2.0,50.53
2400.0,6.0,6.0,130.0
1680.0,3.0,3.0,85.0
717.0,2.0,2.0,49.475
700.0,4.0,4.0,110.0
1520.0,3.0,2.0,150.0
1350.0,3.0,2.0,53.0
1760.0,3.0,3.0,150.0
875.0,2.0,2.0,33.0
1231.0,2.0,2.0,48.0
1174.0,2.0,2.0,74.0
1560.0,3.0,3.0,75.0
1464.0,2.0,2.0,56.0
2200.0,3.0,3.0,130.0
850.0,2.0,2.0,55.0
1750.0,3.0,3.0,180.0
2024.0,3.0,3.0,157.0
1500.0,2.0,1.0,160.0
2100.0,6.0,6.0,275.0
2408.0,3.0,4.0,260.0
1080.0,2.0,2.0,44.0
2070.0,3.0,3.0,225.0
1020.0,2.0,2.0,29.46
1500.0,3.0,2.0,55.0
1575.0,4.0,5.0,158.0
3250.0,4.0,4.0,180.0
1175.0,2.0,2.0,47.0
1030.0,2.0,2.0,34.5
1440.0,2.0,2.0,115.0
1500.0,2.0,2.0,84.0
1380.0,1.0,1.0,62.1
1200.0,2.0,2.0,50.0
705.0,1.0,1.0,36.5
2240.0,3.0,5.0,155.0
1584.01,3.0,3.0,103.0
1340.0,3.0,3.0,77.0
1800.0,3.0,3.0,70.0
1200.0,2.0,2.0,45.0
685.0,1.0,1.0,40.0
925.0,2.0,2.0,42.0
1230.0,2.0,2.0,57.0
1200.0,5.0,5.0,185.0
1125.0,2.0,2.0,52.0
1100.0,2.0,2.0,54.0
2400.0,3.0,3.0,149.0
1400.0,3.0,2.0,41.58
1200.0,7.0,7.0,225.0
1858.0,3.0,3.0,98.3
1260.0,1.0,1.0,41.0
3530.0,4.0,4.0,290.0
1185.0,2.0,2.0,60.0
1200.0,2.0,2.0,216.0
1255.0,2.0,2.0,58.0
3436.0,4.0,6.0,475.0
1335.0,3.0,3.0,89.0
1999.0,3.0,3.0,132.0
1200.0,2.0,2.0,125.0
1397.0,3.0,3.0,110.0
1200.0,10.0,10.0,105.0
3950.0,4.0,4.0,450.0
1200.0,2.0,2.0,130.0
1616.0,3.0,3.0,95.0
1200.0,8.0,7.0,350.0
1270.0,4.0,2.0,175.0
1140.0,2.0,2.0,38.55
525.0,1.0,1.0,30.0
1200.0,3.0,2.0,98.0
700.0,1.0,1.0,162.0
1205.47,2.0,2.0,81.0
1200.0,3.0,3.0,130.0
1700.0,3.0,3.0,75.0
750.0,5.0,4.0,62.0
1090.0,2.0,2.0,54.54
3600.0,4.0,5.0,220.0
2400.0,1.0,1.0,650.0
923.0,1.0,1.0,60.84
3595.0,4.0,6.0,360.0
1050.0,2.0,2.0,48.0
1495.0,2.0,2.0,79.5
1664.0,3.0,2.0,93.865
1485.0,3.0,3.0,85.0
1033.0,3.0,2.0,31.5
1400.0,3.0,2.0,48.0
500.0,1.0,1.0,70.0
944.0,2.0,2.0,35.0
3250.0,5.0,5.0,290.0
1216.0,2.0,2.0,66.48
1100.0,2.0,2.0,39.5
1743.0,3.0,3.0,93.25
1274.0,2.0,2.0,48.42
2500.0,3.0,3.0,425.0
1512.0,3.0,2.0,110.0
3100.0,4.0,5.0,385.0
1650.0,3.0,3.0,100.0
1875.0,3.0,3.0,55.0
1350.0,3.0,3.0,54.0
1219.0,2.0,2.0,40.0
1200.0,4.0,4.0,150.0
2400.0,3.0,3.0,85.0
1141.0,2.0,2.0,44.4
1151.0,2.0,2.0,43.1
832.0,3.0,3.0,77.0
915.0,2.0,2.0,38.0
3259.0,3.0,3.0,270.0
1115.0,2.0,2.0,65.12
2072.0,3.0,4.0,139.0
1200.0,2.0,2.0,53.0
1300.0,2.0,2.0,65.0
1457.0,2.0,2.0,85.0
1262.0,2.0,2.0,55.0
1196.0,4.0,3.0,150.0
900.0,2.0,2.0,22.5
420.0,1.0,1.0,17.0
1160.0,2.0,2.0,46.39
1115.0,2.0,2.0,50.0
1315.0,3.0,2.0,85.4
1500.0,2.0,2.0,57.0
1127.0,2.0,2.0,68.0
1397.0,3.0,3.0,104.0
1173.0,2.0,2.0,60.0
1090.0,2.0,2.0,28.0
2720.0,3.0,5.0,210.0
1230.0,2.0,2.0,76.0
3200.0,4.0,3.0,190.0
858.0,2.0,2.0,31.57
1868.0,3.0,3.0,121.0
1689.28,3.0,3.0,91.2
600.0,4.0,3.0,73.0
1425.0,3.0,3.0,49.88
1200.0,6.0,6.0,170.0
1350.0,2.0,2.0,100.0
4200.0,6.0,6.0,180.0
1310.0,3.0,2.0,85.0
3185.0,4.0,2.0,175.0
970.0,2.0,2.0,40.0
1397.0,3.0,3.0,108.0
1157.0,2.0,2.0,40.0
1125.0,2.0,2.0,61.2
1157.0,2.0,2.0,42.0
1241.0,2.0,2.0,82.0
660.0,1.0,1.0,62.0
4000.0,4.0,4.0,220.0
2340.0,4.0,4.0,148.0
596.0,1.0,1.0,42.0
10000.0,16.0,16.0,550.0
1200.0,4.0,4.0,110.0
1910.0,3.0,3.0,190.0
1139.0,2.0,2.0,80.0
3122.0,4.0,5.0,225.0
1033.0,2.0,2.0,28.41
1168.0,2.0,2.0,64.08
877.0,2.0,2.0,42.0
1340.0,2.0,2.0,75.0
1405.0,3.0,2.0,70.0
1800.0,3.0,3.0,65.0
1750.0,3.0,3.0,149.0
1360.0,3.0,2.0,65.0
675.0,3.0,2.0,148.0
985.0,2.0,2.0,63.0
1300.0,2.0,2.0,129.0
1850.0,3.0,3.0,150.0
1490.0,3.0,2.0,88.0
620.0,2.0,1.0,25.0
1130.0,2.0,2.0,42.3
1080.0,2.0,2.0,55.0
3126.0,4.0,4.0,120.0
1410.0,3.0,2.0,52.17
1375.0,3.0,3.0,59.0
1290.0,3.0,2.0,94.5
1318.0,3.0,2.0,85.28
1128.0,2.0,2.0,68.0
4428.0,4.0,4.0,255.0
1051.0,2.0,2.0,56.74
3500.0,3.0,5.0,275.0
2400.0,4.0,4.0,130.0
1327.0,2.0,2.0,85.0
2912.0,4.0,6.0,210.0
1301.0,2.0,2.0,55.0
650.0,1.0,1.0,30.0
1200.0,3.0,3.0,67.75
1500.0,3.0,2.0,89.99
2700.0,4.0,6.0,675.0
1350.0,4.0,4.0,145.0
1000.0,2.0,2.0,28.88
984.0,2.0,2.0,45.91
1819.18,3.0,3.0,160.0
900.0,1.0,1.0,175.0
1355.0,3.0,3.0,83.87
2145.0,3.0,4.0,270.0
2475.0,3.0,4.0,300.0
1118.0,2.0,2.0,30.0
910.0,1.0,1.0,42.0
1250.0,3.0,3.0,39.0
1304.0,2.0,2.0,100.0
1615.0,3.0,3.0,58.0
1400.0,2.0,2.0,68.0
1070.0,2.0,2.0,47.5
3500.0,3.0,3.0,395.0
1132.0,2.0,2.0,89.37
2000.0,3.0,3.0,85.0
2400.0,7.0,5.0,550.0
794.0,1.0,1.0,65.0
1090.0,2.0,2.0,43.59
1500.0,3.0,3.0,70.0
2059.0,3.0,3.0,225.0
525.0,1.0,1.0,30.0
1447.0,2.0,2.0,75.97
1269.0,2.0,2.0,75.0
4800.0,4.0,4.0,700.0
1070.0,2.0,2.0,37.45
1150.0,2.0,2.0,28.0
1208.0,2.0,2.0,70.0
1185.0,2.0,2.0,45.5
1200.0,3.0,3.0,130.0
888.0,2.0,2.0,34.0
1015.0,2.0,2.0,25.88
532.0,1.0,1.0,22.49
1060.0,3.0,3.0,62.0
700.0,1.0,1.0,35.0
902.0,2.0,2.0,42.0
600.0,6.0,3.0,95.0
1175.0,2.0,2.0,47.0
1365.0,2.0,2.0,122.0
984.0,2.0,2.0,51.0
2700.0,4.0,2.0,100.0
1475.0,3.0,3.0,96.0
1300.0,2.0,2.0,79.0
1200.0,5.0,6.0,220.0
1453.0,3.0,2.0,43.59
1550.0,2.0,2.0,160.0
1666.0,3.0,3.0,95.0
1410.0,4.0,4.0,160.0
4025.0,4.0,5.0,800.0
1845.0,3.0,3.0,91.0
1676.0,3.0,3.0,52.0
1137.0,2.0,2.0,63.0
1360.0,3.0,2.0,70.5
1374.0,3.0,2.0,70.0
1700.0,3.0,3.0,155.0
3227.0,5.0,5.0,250.0
2145.0,4.0,4.0,125.0
2400.0,4.0,6.0,600.0
2170.0,3.0,3.0,151.0
1080.0,2.0,2.0,55.0
1790.0,3.0,3.0,100.0
550.0,1.0,1.0,17.0
1270.0,3.0,2.0,50.79
1033.0,2.0,2.0,48.0
1000.0,2.0,2.0,80.0
2940.0,4.0,6.0,280.0
1240.0,2.0,2.0,52.6
1650.0,5.0,5.0,450.0
883.0,2.0,2.0,39.0
1500.0,3.0,2.0,97.0
1730.0,3.0,3.0,139.0
1915.0,3.0,3.0,80.0
1545.0,3.0,3.0,79.0
1865.0,3.0,4.0,140.0
1150.0,2.0,2.0,40.0
1200.0,2.0,2.0,49.0
963.0,2.0,2.0,40.0
1200.0,3.0,3.0,120.0
2600.0,4.0,4.0,260.0
1700.0,4.0,4.0,108.0
1682.0,3.0,3.0,120.0
1371.0,3.0,2.0,65.0
901.0,2.0,2.0,49.5
600.0,7.0,7.0,73.0
1730.0,3.0,3.0,120.0
1200.0,4.0,4.0,125.0
1500.0,3.0,3.0,102.0
3785.0,4.0,6.0,280.0
3500.0,4.0,4.0,245.0
1203.0,2.0,2.0,59.86
1357.0,2.0,2.0,54.0
1600.0,3.0,3.0,76.0
350.0,1.0,1.0,13.5
1665.0,3.0,3.0,53.0
1400.0,3.0,3.0,200.0
835.0,1.0,1.0,46.95
815.0,2.0,3.0,160.0
1444.0,3.0,2.0,80.0
1277.0,2.0,2.0,55.0
1521.0,3.0,3.0,94.71
1134.0,2.0,2.0,40.0
995.0,2.0,2.0,34.82
2760.0,3.0,5.0,157.0
1325.0,2.0,1.0,92.0
4000.0,6.0,6.0,150.0
1525.0,3.0,3.0,90.0
1320.0,3.0,2.0,73.0
650.0,1.0,1.0,23.0
1858.0,3.0,2.0,167.0
1150.0,2.0,2.0,38.0
769.0,2.0,2.0,40.0
1571.0,3.0,3.0,105.0
1445.0,3.0,3.0,86.56
1590.0,3.0,2.0,135.0
902.0,2.0,2.0,49.0
2238.0,3.0,3.0,140.0
1090.0,2.0,2.0,31.49
1712.0,3.0,3.0,82.0
1088.0,2.0,2.0,68.0
1575.0,3.0,3.0,63.1
2150.0,6.0,6.0,205.0
1920.0,3.0,3.0,150.0
1000.0,2.0,2.0,57.0
1100.0,2.0,2.0,56.1
1089.0,2.0,2.0,45.0
1106.0,2.0,2.0,43.09
927.0,2.0,2.0,37.0
1339.0,2.0,2.0,58.0
923.0,1.0,1.0,45.69
2900.0,3.0,3.0,285.0
1175.0,2.0,2.0,75.0
975.0,2.0,2.0,55.0
2400.0,3.0,4.0,180.0
1330.0,3.0,3.0,72.0
1183.0,2.0,2.0,59.74
1758.0,3.0,3.0,133.0
1200.0,3.0,3.0,265.0
1255.0,3.0,2.0,77.68
600.0,3.0,4.0,110.0
1100.0,2.0,2.0,50.0
1170.0,2.0,2.0,46.8
2400.0,5.0,5.0,120.0
1530.0,3.0,3.0,51.77
1420.0,2.0,2.0,107.0
1200.0,4.0,4.0,300.0
1045.0,6.0,6.0,160.0
1591.0,3.0,3.0,115.0
1680.0,3.0,3.0,120.0
675.0,2.0,3.0,52.0
1055.0,2.0,2.0,57.63
1918.0,3.0,3.0,129.0
1280.0,2.0,2.0,76.0
1560.0,3.0,3.0,66.0
1145.0,2.0,2.0,49.5
2106.0,3.0,3.0,126.0
1801.0,3.0,3.0,139.0
1200.0,5.0,5.0,120.0
1718.0,2.0,3.0,288.0
1306.0,3.0,3.0,54.65
1320.0,2.0,2.0,92.0
1350.0,3.0,2.0,65.0
2990.0,4.0,4.0,324.0
3800.0,4.0,5.0,300.0
1344.0,3.0,2.0,42.0
1893.0,3.0,3.0,100.0
1107.0,3.0,2.0,43.0
1200.0,9.0,10.0,180.0
1190.0,2.0,2.0,75.0
1000.0,2.0,2.0,35.0
2400.0,2.0,2.0,160.0
1000.0,2.0,2.0,48.5
2113.0,3.0,3.0,155.0
1100.0,2.0,2.0,46.0
1200.0,5.0,4.0,160.0
1884.0,4.0,4.0,120.0
1110.0,2.0,2.0,40.0
1027.0,2.0,2.0,43.0
1250.0,3.0,3.0,40.0
1470.0,3.0,3.0,62.0
1150.0,2.0,2.0,75.0
1200.0,3.0,3.0,165.0
703.0,1.0,1.0,52.0
1400.0,3.0,2.0,62.0
1195.0,2.0,2.0,51.0
1302.0,2.0,2.0,69.1
1583.0,3.0,3.0,74.4
1488.0,3.0,2.0,60.0
600.0,4.0,5.0,85.0
1385.0,3.0,2.0,34.63
3262.0,4.0,4.0,260.0
1600.0,3.0,3.0,104.0
1150.0,2.0,2.0,90.0
4500.0,9.0,9.0,166.0
1263.0,2.0,2.0,78.0
1200.0,7.0,8.0,110.0
1299.0,2.0,2.0,85.0
1330.0,2.0,2.0,78.0
1282.0,3.0,2.0,52.43
1853.0,3.0,3.0,82.0
861.0,2.0,2.0,35.0
1600.0,3.0,3.0,95.0
1256.0,2.0,2.0,62.8
1390.0,3.0,2.0,80.0
1550.0,3.0,2.0,90.0
1200.0,11.0,6.0,150.0
919.0,2.0,2.0,49.0
1625.0,3.0,3.0,80.0
1195.0,2.0,2.0,44.0
2400.0,6.0,4.0,600.0
1159.0,2.0,2.0,60.0
1386.0,3.0,3.0,57.46
1197.0,2.0,2.0,79.0
2690.0,4.0,4.0,191.0
4303.5,4.0,2.0,226.0
1295.0,3.0,2.0,50.28
1310.0,3.0,2.0,37.83
1132.0,2.0,2.0,79.28
2350.0,3.0,3.0,400.0
2400.0,4.0,4.0,500.0
1645.0,3.0,3.0,135.0
1200.0,2.0,2.0,45.84
3000.0,4.0,4.0,330.0
1937.0,3.0,3.0,140.0
1015.0,2.0,2.0,33.5
1080.0,2.0,2.0,39.0
1350.0,3.0,2.0,80.99
1149.0,3.0,2.0,29.0
1185.0,2.0,2.0,59.0
1720.0,3.0,3.0,135.0
2080.0,3.0,3.0,175.0
1500.0,3.0,3.0,87.0
1566.0,3.0,3.0,97.0
2386.0,3.0,3.0,334.0
1500.0,4.0,4.0,110.0
1290.0,2.0,2.0,49.02
1531.0,3.0,3.0,72.0
1839.0,3.0,3.0,165.0
4200.0,4.0,4.0,760.0
1400.0,3.0,2.0,40.43
550.0,2.0,1.0,15.0
1140.0,2.0,2.0,39.0
1343.5,3.0,3.0,57.76
2000.0,4.0,4.0,100.0
1100.0,2.0,2.0,46.0
1200.0,2.0,2.0,55.0
1618.0,3.0,3.0,68.0
2830.0,4.0,5.0,160.0
1315.0,3.0,2.0,74.0
1141.0,2.0,2.0,42.75
1080.0,2.0,2.0,55.0
1200.0,2.0,2.0,60.0
1111.0,2.0,2.0,41.88
1022.0,2.0,2.0,45.9
1275.0,2.0,2.0,65.0
900.0,2.0,2.0,70.0
1224.0,2.0,2.0,39.2
1135.0,2.0,2.0,43.0
1050.0,2.0,2.0,52.1
1535.0,3.0,3.0,86.0
1392.0,2.0,2.0,130.0
1050.0,2.0,2.0,72.0
1513.0,3.0,3.0,103.0
1621.0,3.0,3.0,72.0
892.0,2.0,2.0,39.0
1205.0,2.0,2.0,40.0
1355.0,3.0,3.0,83.87
1250.0,5.0,5.0,300.0
1650.0,7.0,9.0,345.0
1200.0,4.0,6.0,70.0
1400.0,2.0,2.0,168.0
726.0,2.0,2.0,35.0
1500.0,3.0,3.0,149.0
3895.0,4.0,4.0,405.0
1079.0,2.0,2.0,41.0
1170.0,2.0,2.0,46.0
1104.0,2.0,2.0,39.0
950.0,2.0,2.0,45.0
4818.0,4.0,4.0,390.0
1650.0,3.0,2.0,52.0
1559.0,3.0,3.0,127.0
1100.0,2.0,2.0,38.0
1750.0,3.0,3.0,150.0
1215.0,2.0,2.0,45.5
1868.0,3.0,3.0,135.0
1130.0,2.0,2.0,32.63
1570.0,3.0,3.0,64.5
1691.0,3.0,3.0,98.0
4355.0,5.0,3.0,350.0
1225.0,2.0,2.0,55.0
1690.0,3.0,3.0,112.0
1418.0,2.0,2.0,103.0
1896.0,4.0,3.0,125.0
605.0,1.0,1.0,40.0
800.0,5.0,5.0,95.0
900.0,2.0,2.0,32.5
750.0,1.0,2.0,50.0
780.0,3.0,3.0,62.0
908.0,2.0,2.0,26.0
3416.5,4.0,6.0,143.0
3216.0,4.0,4.0,226.0
2400.0,5.0,4.0,225.0
1400.0,2.0,2.0,68.0
1092.0,2.0,2.0,44.0
1255.0,2.0,2.0,74.0
1500.0,3.0,2.0,100.0
1296.0,2.0,2.0,72.0
925.0,2.0,2.0,38.0
1023.0,2.0,2.0,42.0
600.0,2.0,3.0,75.0
1020.0,2.0,2.0,44.5
1530.0,3.0,3.0,77.0
1650.0,3.0,3.0,71.0
1605.0,3.0,2.0,85.0
1925.0,2.0,2.0,50.0
1190.0,2.0,2.0,50.66
1374.0,3.0,3.0,68.0
1140.0,2.0,2.0,65.0
1725.0,3.0,3.0,130.0
1075.0,3.0,2.0,50.0
1574.0,3.0,3.0,93.34
965.0,1.0,1.0,32.0
1550.0,3.0,3.0,83.0
1205.0,2.0,2.0,60.0
1082.0,3.0,2.0,55.0
1215.0,3.0,2.0,52.85
2483.0,4.0,5.0,230.0
1200.0,2.0,3.0,46.14
1500.0,1.0,1.0,19.5
2360.0,4.0,4.0,600.0
3198.0,4.0,4.0,250.0
1452.0,3.0,3.0,60.98
1329.0,3.0,2.0,41.0
1125.0,2.0,2.0,44.0
1200.0,2.0,2.0,70.0
1350.0,3.0,3.0,39.97
1312.5,3.0,3.0,51.19
2600.0,3.0,3.0,195.0
1200.0,2.0,2.0,160.0
1220.0,3.0,3.0,35.23
1255.0,2.0,2.0,80.0
1904.0,3.0,3.0,155.0
1329.0,2.0,2.0,70.0
1200.0,2.0,2.0,60.0
2135.0,3.0,3.0,160.0
2770.0,3.0,4.0,315.0
813.0,1.0,1.0,39.0
3884.0,4.0,4.0,240.0
3876.0,3.0,3.0,300.0
800.0,2.0,2.0,30.0
4750.0,4.0,2.0,120.0
1500.0,3.0,3.0,70.0
1880.0,3.0,3.0,95.0
1440.0,3.0,2.0,55.0
1575.0,3.0,3.0,90.0
1630.0,3.0,2.0,97.78
1180.0,3.0,3.0,55.0
1090.0,2.0,2.0,36.0
1020.0,2.0,2.0,48.45
2425.0,4.0,4.0,173.0
1097.0,2.0,2.0,33.82
1070.0,2.0,2.0,50.0
1000.0,2.0,2.0,58.0
1120.0,8.0,8.0,150.0
1150.0,2.0,2.0,56.0
1900.0,3.0,4.0,145.0
1141.0,2.0,2.0,49.0
937.0,2.0,2.0,44.0
1075.0,2.0,2.0,60.0
1000.0,2.0,2.0,65.3
1450.0,3.0,3.0,77.41
897.0,5.0,2.0,85.0
936.0,2.0,2.0,43.0
1280.0,2.0,2.0,75.0
1050.0,2.0,2.0,45.0
1350.0,2.0,2.0,86.0
1325.0,2.0,2.0,70.0
1174.0,2.0,2.0,59.0
1890.0,3.0,3.0,162.0
735.0,1.0,1.0,75.0
500.0,1.0,1.0,24.0
1304.0,3.0,3.0,80.0
1653.0,3.0,3.0,120.0
1075.0,3.0,2.0,52.0
1212.0,2.0,3.0,42.0
1100.0,2.0,2.0,50.0
3436.0,4.0,6.0,500.0
1200.0,3.0,4.0,145.0
1140.0,2.0,2.0,50.0
1200.0,2.0,2.0,100.0
1532.0,3.0,3.0,83.0
2776.0,3.0,4.0,195.0
1531.0,3.0,2.0,75.0
1270.0,3.0,2.0,50.79
1325.0,2.0,2.0,53.0
1200.0,3.0,3.0,160.0
1156.0,3.0,2.0,44.0
2000.0,4.0,4.0,320.0
1260.0,2.0,2.0,70.0
1934.0,2.0,2.0,90.0
1060.0,2.0,2.0,40.0
1476.0,3.0,3.0,95.0
1185.0,2.0,2.0,85.0
1265.0,3.0,2.0,82.0
3200.0,4.0,5.0,150.0
1196.0,2.0,2.0,56.81
1280.0,2.0,2.0,69.0
800.0,4.0,4.0,86.0
1175.0,2.0,2.0,45.0
1850.0,3.0,3.0,98.0
2400.0,4.0,4.0,525.0
1195.0,2.0,2.0,70.0
2000.0,3.0,3.0,185.0
600.0,7.0,4.0,100.0
800.0,4.0,5.0,155.0
1180.0,2.0,2.0,36.5
1050.0,2.0,2.0,49.87
1400.0,3.0,2.0,40.44
2360.0,4.0,4.0,150.0
1030.0,2.0,2.0,77.25
1512.0,2.0,1.0,65.01
929.0,2.0,2.0,48.0
1252.0,3.0,3.0,61.0
1485.0,3.0,3.0,115.0
1124.0,3.0,2.0,55.0
2400.0,6.0,6.0,370.0
1407.0,3.0,3.0,120.0
1482.0,3.0,2.0,97.0
1163.0,2.0,2.0,98.86
1570.0,3.0,3.0,140.0
3480.0,3.0,4.0,284.0
520.0,1.0,1.0,14.04
2000.0,3.0,3.0,160.0
1352.0,2.0,2.0,75.0
1152.0,2.0,2.0,65.0
1575.0,3.0,3.0,93.0
1965.0,3.0,4.0,125.0
1300.0,3.0,2.0,70.0
1.0,4.0,4.0,120.0
957.0,2.0,2.0,47.0
1740.0,3.0,3.0,60.0
1080.0,5.0,6.0,65.0
1060.0,2.0,2.0,35.0
975.0,2.0,2.0,50.0
1150.0,2.0,2.0,51.0
1738.0,3.0,2.0,79.0
1250.0,3.0,3.0,55.0
1788.0,3.0,3.0,90.0
1151.0,2.0,2.0,59.0
1300.0,3.0,2.0,60.0
1150.0,2.0,2.0,52.8
1380.0,2.0,2.0,75.0
1645.0,3.0,3.0,117.0
1141.0,2.0,2.0,45.9
1175.0,2.0,2.0,82.5
1355.0,3.0,2.0,61.0
1150.0,2.0,2.0,70.0
5800.0,5.0,5.0,80.0
1000.0,2.0,2.0,45.0
1007.0,2.0,2.0,65.0
3000.0,4.0,5.0,100.0
1436.0,3.0,3.0,70.0
4000.0,4.0,4.0,220.0
2372.0,3.0,3.0,140.0
1500.0,6.0,6.0,240.0
1200.0,2.0,2.0,150.0
1016.0,2.0,2.0,58.0
1100.0,2.0,2.0,48.0
1080.0,2.0,2.0,45.0
1070.0,2.0,2.0,60.0
1532.0,3.0,3.0,115.0
1040.0,2.0,2.0,42.12
3100.0,3.0,3.0,250.0
1137.5,2.0,2.0,48.905
1430.0,3.0,2.0,51.6
1160.0,2.0,1.0,163.0
3262.0,4.0,5.0,205.0
2100.0,7.0,7.0,410.0
1190.0,2.0,2.0,100.0
1827.0,3.0,3.0,100.0
1210.0,2.0,2.0,75.0
1500.0,3.0,3.0,95.0
1050.0,2.0,2.0,53.5
1251.0,2.0,2.0,88.73
1600.0,3.0,2.0,115.0
1128.0,2.0,2.0,65.5
1820.0,3.0,3.0,93.0
2072.0,3.0,4.0,159.0
1510.0,3.0,2.0,59.0
1925.0,3.0,2.0,114.0
2651.0,3.0,2.0,225.0
2072.0,3.0,4.0,147.0
1000.0,2.0,2.0,36.0
1752.0,3.0,3.0,145.0
960.0,2.0,2.0,56.0
1180.0,2.0,2.0,63.0
2270.0,3.0,3.0,180.0
650.0,2.0,2.0,59.0
1200.0,2.0,2.0,75.0
1180.0,3.0,2.0,46.0
1300.0,3.0,3.0,47.0
1157.0,2.0,2.0,40.0
1300.0,3.0,3.0,69.0
1305.0,3.0,2.0,59.0
2006.0,3.0,4.0,196.0
1290.0,2.0,2.0,80.0
1170.0,2.0,2.0,45.0
971.0,4.0,2.0,135.0
1400.0,2.0,2.0,78.0
1200.0,2.0,2.0,75.0
1155.0,3.0,2.0,60.0
1725.0,3.0,3.0,85.0
700.0,2.0,2.0,40.0
7000.0,4.0,5.0,2050.0
1112.0,2.0,2.0,88.0
1178.0,2.0,2.0,78.0
1274.0,2.0,2.0,81.0
915.0,2.0,2.0,32.0
1650.0,8.0,6.0,135.0
760.0,1.0,1.0,21.28
1540.0,3.0,3.0,68.0
1206.0,2.0,2.0,38.5
1645.0,3.0,3.0,95.0
1200.0,4.0,4.0,170.0
1200.0,4.0,4.0,140.0
2342.0,4.0,3.0,115.0
1200.0,3.0,2.0,55.0
1056.0,2.0,2.0,33.0
4800.0,8.0,8.0,225.0
1450.0,3.0,3.0,54.3
1161.0,2.0,2.0,36.69
1097.0,2.0,2.0,65.0
850.0,2.0,2.0,35.0
1715.0,3.0,3.0,115.0
2300.0,3.0,3.0,317.0
1200.0,2.0,2.0,59.0
1080.0,2.0,2.0,38.0
1200.0,2.0,2.0,50.3
2400.0,4.0,4.0,550.0
1400.0,3.0,2.0,78.0
1500.0,4.0,4.0,200.0
458.0,1.0,1.0,19.695
1230.0,2.0,2.0,57.0
1640.0,3.0,3.0,88.0
1700.0,3.0,3.0,125.0
1478.0,3.0,2.0,44.0
6600.0,4.0,4.0,986.0
1020.0,2.0,2.0,40.79
1200.0,2.0,2.0,150.0
1275.0,3.0,2.0,95.0
1600.0,4.0,3.0,165.0
1110.0,2.0,2.0,38.85
1627.86,3.0,3.0,88.0
620.0,2.0,2.0,22.0
3004.0,4.0,4.0,285.0
1133.0,2.0,2.0,52.0
1182.0,2.0,2.0,82.5
1500.0,3.0,3.0,100.0
3900.0,4.0,5.0,360.0
1200.0,2.0,2.0,58.0
1128.0,2.0,2.0,48.79
2345.0,3.0,2.0,293.0
900.0,2.0,2.0,110.0
1100.0,2.0,2.0,45.0
635.0,2.0,1.0,22.0
2062.0,4.0,3.0,140.0
1874.0,3.0,4.0,130.0
600.0,4.0,3.0,78.0
1171.0,2.0,2.0,75.0
2020.0,3.0,3.0,85.0
1059.0,2.0,2.0,34.5
1315.0,3.0,2.0,59.1
1760.0,3.0,3.0,110.0
1200.0,2.0,2.0,125.0
1192.0,3.0,2.0,62.0
1645.0,3.0,3.0,121.0
1250.0,2.0,2.0,72.0
709.0,1.0,1.0,34.385
1340.0,2.0,2.0,77.0
2388.0,3.0,4.0,239.0
1369.1,2.0,2.0,104.0
1355.0,2.0,2.0,75.0
1150.0,2.0,2.0,65.0
1938.0,3.0,3.0,113.0
2462.0,4.0,4.0,124.0
1636.0,3.0,3.0,85.0
1430.0,3.0,2.0,75.0
2000.0,3.0,3.0,85.0
993.0,3.0,2.0,50.0
1260.0,4.0,4.0,150.0
1700.0,3.0,3.0,88.0
1270.0,2.0,2.0,78.0
1500.0,3.0,3.0,121.0
2300.0,3.0,3.0,290.0
7500.0,4.0,4.0,900.0
1650.0,3.0,3.0,86.45
1109.0,2.0,2.0,63.0
1280.0,2.0,2.0,49.75
2885.0,4.0,3.0,185.0
1200.0,9.0,9.0,145.0
1600.0,3.0,3.0,180.0
1462.0,3.0,3.0,71.0
607.0,1.0,1.0,35.0
930.0,2.0,2.0,25.0
4500.0,4.0,5.0,300.0
1200.0,5.0,5.0,160.0
2600.0,3.0,3.0,237.0
3000.0,4.0,4.0,140.0
1418.0,3.0,3.0,52.47
4200.0,2.0,1.0,160.0
1125.0,2.0,2.0,65.0
1825.0,3.0,3.0,126.0
1320.0,2.0,2.0,79.5
3000.0,4.0,4.0,140.0
1490.0,3.0,2.0,300.0
1650.0,4.0,3.0,300.0
750.0,2.0,2.0,52.7
1400.0,3.0,2.0,80.54
4104.0,4.0,4.0,360.0
5000.0,4.0,4.0,375.0
3295.0,5.0,4.0,260.0
1150.0,4.0,3.0,110.0
1200.0,3.0,3.0,61.96
965.0,2.0,2.0,48.0
812.0,1.0,1.0,26.0
1100.0,2.0,2.0,43.0
1180.0,2.0,2.0,41.0
1145.0,2.0,2.0,48.0
1027.0,2.0,2.0,44.0
1215.0,2.0,2.0,49.85
1200.0,2.0,2.0,75.0
1015.0,2.0,2.0,58.0
2400.0,3.0,3.0,165.0
3000.0,4.0,4.0,306.0
3300.0,3.0,4.0,160.0
1076.0,2.0,2.0,52.0
1300.0,2.0,2.0,109.0
1300.0,2.0,2.0,102.0
1512.0,3.0,3.0,123.0
1053.4,3.0,3.0,88.91
605.0,1.0,1.0,41.745
1153.0,2.0,2.0,65.0
2080.0,2.0,2.0,150.0
1255.0,2.0,2.0,69.0
1583.0,3.0,3.0,109.0
1505.0,2.0,2.0,90.0
1365.0,3.0,2.0,75.08
1200.0,3.0,3.0,95.75
1810.0,3.0,4.0,148.0
440.0,1.0,1.0,35.0
975.0,2.0,2.0,63.0
1250.0,2.0,2.0,39.0
1530.0,3.0,2.0,97.0
1300.0,3.0,2.0,39.0
1115.0,2.0,2.0,40.0
1308.0,2.0,2.0,83.0
1194.0,2.0,2.0,47.0
1490.0,3.0,2.0,59.6
10000.0,4.0,4.0,450.0
1592.0,3.0,3.0,91.0
1222.0,2.0,2.0,112.0
1267.0,2.0,2.0,42.85
656.0,1.0,1.0,53.0
3400.0,4.0,4.0,530.0
4500.0,4.0,5.0,400.0
1200.0,2.0,1.0,36.0
1698.0,3.0,3.0,102.0
1500.0,3.0,3.0,70.0
2000.0,4.0,5.0,80.0
1152.0,2.0,2.0,65.75
550.0,1.0,1.0,21.0
900.0,2.0,2.0,42.0
1410.0,3.0,2.0,45.12
1419.0,3.0,2.0,73.0
1200.0,2.0,2.0,55.0
1800.0,3.0,3.0,65.0
990.0,2.0,2.0,40.0
1016.0,2.0,2.0,45.0
1100.0,2.0,2.0,39.0
850.0,4.0,2.0,65.0
1095.0,2.0,2.0,35.0
2000.0,3.0,3.0,85.0
1444.0,2.0,2.0,70.0
1415.0,2.0,2.0,67.0
1500.0,3.0,2.0,130.0
1600.0,3.0,3.0,72.0
1105.0,2.0,2.0,41.36
1225.0,3.0,3.0,45.03
2560.0,3.0,3.0,265.0
1080.0,2.0,2.0,37.8
2400.0,7.0,3.0,150.0
1856.0,3.0,3.0,135.0
1464.0,3.0,3.0,56.0
2100.0,6.0,6.0,71.0
1150.0,2.0,2.0,77.0
1200.0,5.0,4.0,98.0
2094.0,3.0,2.0,113.19
1485.0,3.0,2.0,67.0
2500.0,3.0,3.0,75.0
1200.0,2.0,2.0,45.0
1036.0,2.0,2.0,59.46
3445.0,4.0,5.0,270.0
1400.0,2.0,2.0,80.0
1110.0,2.0,2.0,33.0
1150.0,2.0,2.0,48.0
715.0,1.0,1.0,45.0
1200.0,4.0,4.0,130.0
1200.0,5.0,3.0,260.0
2283.0,4.0,4.0,130.0
1790.0,6.0,5.0,250.0
1453.0,3.0,2.0,43.58
1400.0,3.0,2.0,85.0
1400.0,3.0,3.0,65.0
1700.0,3.0,3.0,140.0
1591.0,3.0,3.0,120.0
1515.0,3.0,2.0,79.0
2500.0,5.0,3.0,200.0
975.0,2.0,2.0,24.86
1382.0,3.0,2.0,76.18
1750.0,7.0,5.0,350.0
1533.0,3.0,3.0,150.0
3815.0,3.0,3.0,763.0
1100.0,2.0,2.0,38.0
3730.0,4.0,6.0,450.0
1500.0,3.0,2.0,120.0
1391.0,3.0,2.0,64.5
1160.0,2.0,2.0,42.92
620.0,1.0,1.0,27.0
2400.0,8.0,9.0,350.0
1200.0,8.0,7.0,130.0
4827.0,4.0,4.0,400.0
1482.0,3.0,3.0,60.98
1405.0,2.0,2.0,84.5
1190.0,2.0,2.0,40.0
1174.0,2.0,2.0,78.0
1155.0,2.0,2.0,72.0
1411.0,3.0,3.0,93.04
745.0,2.0,2.0,50.0
1000.0,2.0,2.0,30.0
923.0,2.0,2.0,50.0
1000.0,2.0,2.0,32.0
1276.0,2.0,2.0,45.0
1460.0,3.0,3.0,70.0
1355.0,2.0,2.0,95.0
833.0,1.0,1.0,49.0
1200.0,8.0,8.0,275.0
1750.0,5.0,5.0,450.0
1200.0,2.0,2.0,48.0
669.0,1.0,1.0,36.85
2200.0,3.0,4.0,105.0
1594.0,3.0,3.0,125.0
1790.0,3.0,3.0,105.0
1020.0,2.0,2.0,45.0
3250.0,4.0,5.0,850.0
1037.0,2.0,2.0,36.28
1345.0,3.0,2.0,57.0
1070.0,2.0,2.0,43.0
3000.0,4.0,5.0,270.0
1385.0,3.0,2.0,76.18
1207.0,2.0,2.0,79.9
1140.0,2.0,2.0,55.5
1220.0,2.0,2.0,68.0
3811.0,4.0,3.0,475.0
3596.0,4.0,5.0,252.0
1965.0,3.0,3.0,120.0
1760.0,3.0,2.0,115.0
1225.0,2.0,2.0,70.0
1075.0,2.0,2.0,52.43
1000.0,2.0,2.0,68.0
1891.0,3.0,3.0,109.0
1322.0,2.0,2.0,86.0
1095.0,3.0,3.0,215.0
3600.0,4.0,4.0,260.0
1045.0,2.0,2.0,36.58
1545.0,3.0,3.0,85.0
1996.0,3.0,3.0,135.0
1125.0,2.0,2.0,70.0
1560.0,3.0,3.0,115.0
2000.0,3.0,2.0,85.0
3100.0,4.0,4.0,310.0
780.0,2.0,2.0,35.0
1350.0,2.0,2.0,110.0
2275.0,3.0,4.0,180.0
1350.0,2.0,2.0,41.0
1464.0,3.0,3.0,56.0
1570.0,3.0,3.0,64.5
708.0,1.0,1.0,28.32
1680.0,3.0,3.0,160.0
1400.0,2.0,2.0,82.0
1310.0,2.0,2.0,72.0
3300.0,6.0,6.0,165.0
1175.0,2.0,2.0,57.0
1428.0,3.0,2.0,80.0
750.0,4.0,4.0,62.0
3252.0,4.0,4.0,280.0
1194.0,2.0,2.0,46.0
750.0,8.0,8.0,200.0
1080.0,2.0,2.0,35.0
1200.0,3.0,2.0,68.0
1200.0,2.0,2.0,45.0
1200.0,5.0,4.0,120.0
1320.0,3.0,2.0,38.13
1842.0,3.0,3.0,115.0
1146.0,2.0,2.0,55.0
440.0,1.0,1.0,28.0
1048.0,2.0,2.0,50.0
1801.0,3.0,3.0,115.0
1232.0,2.0,2.0,69.61
1150.0,2.0,2.0,90.0
1868.0,3.0,3.0,120.0
1445.0,3.0,2.0,47.1
1466.0,3.0,2.0,140.0
1730.0,3.0,3.0,100.0
3860.0,3.0,3.0,402.0
1185.0,2.0,2.0,70.0
3027.0,3.0,4.0,260.0
2400.0,4.0,4.0,147.0
1185.0,2.0,2.0,49.0
1150.0,2.0,2.0,49.0
2000.0,5.0,4.0,180.0
875.0,6.0,3.0,98.0
1075.0,2.0,2.0,35.0
1760.0,3.0,3.0,123.0
1600.0,2.0,2.0,63.98
910.0,4.0,4.0,140.0
1000.0,2.0,2.0,78.0
1215.0,2.0,2.0,90.0
1734.0,3.0,3.0,125.0
1280.0,2.0,2.0,60.0
1113.0,2.0,2.0,55.0
1272.0,2.0,2.0,48.0
1240.0,3.0,3.0,41.0
704.0,8.0,8.0,92.0
1100.0,2.0,2.0,70.0
896.0,2.0,2.0,30.13
3657.0,4.0,5.0,220.0
1200.0,2.0,2.0,35.0
2800.0,4.0,4.0,155.0
2790.0,4.0,4.0,198.0
3500.0,3.0,3.0,198.0
3600.0,3.0,3.0,150.0
1500.0,2.0,2.0,30.0
1200.0,8.0,7.0,220.0
1096.0,2.0,2.0,48.0
580.0,2.0,2.0,95.0
1094.0,2.0,2.0,44.0
1100.0,2.0,2.0,49.0
2987.5,4.0,5.0,191.0
2503.0,4.0,6.0,325.0
1145.0,2.0,2.0,40.0
1550.0,3.0,3.0,74.5
1830.0,3.0,4.0,82.0
1746.0,3.0,3.0,84.95
1280.0,4.0,4.0,115.0
918.0,2.0,2.0,27.54
645.0,1.0,1.0,16.45
1305.0,3.0,2.0,60.0
1207.0,2.0,2.0,62.0
1678.0,3.0,3.0,125.0
950.0,2.0,2.0,50.0
1200.0,10.0,7.0,240.0
1070.0,2.0,2.0,55.0
1732.46,3.0,3.0,92.0
1639.0,3.0,2.0,40.98
1360.0,2.0,2.0,103.0
2592.0,4.0,4.0,250.0
4470.0,3.0,3.0,700.0
720.0,5.0,4.0,62.0
1656.0,3.0,3.0,150.0
985.0,2.0,2.0,49.0
1999.0,3.0,3.0,135.0
1050.0,2.0,2.0,75.0
1440.0,3.0,2.0,64.0
1600.0,3.0,2.0,160.0
1253.0,2.0,2.0,52.66
1200.0,3.0,3.0,85.0
1360.0,3.0,2.0,75.0
1086.0,2.0,2.0,47.5
1655.0,3.0,3.0,155.0
2600.0,4.0,4.0,260.0
1418.0,2.0,2.0,78.0
1270.0,2.0,2.0,100.0
1410.0,3.0,2.0,52.17
1150.0,2.0,2.0,74.0
600.0,2.0,3.0,45.0
1440.0,3.0,3.0,65.8
1200.0,3.0,2.0,108.0
1200.0,2.0,2.0,75.0
1410.0,3.0,2.0,50.06
1200.0,4.0,5.0,92.0
600.0,3.0,3.0,60.0
624.0,1.0,1.0,35.0
1060.0,2.0,2.0,58.0
3960.0,4.0,5.0,386.0
1200.0,2.0,2.0,45.0
1200.0,4.0,4.0,175.0
1917.0,4.0,3.0,60.0
950.0,2.0,2.0,40.0
3040.0,2.0,2.0,48.0
1250.0,3.0,3.0,50.0
1235.0,2.0,2.0,60.0
722.0,1.0,1.0,46.0
2775.0,4.0,3.0,165.0
1200.0,2.0,2.0,93.0
1400.0,3.0,3.0,68.0
1225.0,3.0,3.0,60.0
1220.0,2.0,2.0,58.5
705.0,1.0,1.0,52.5
1880.0,3.0,3.0,94.36
1200.0,2.0,2.0,70.0
1550.0,3.0,2.0,60.0
1893.0,3.0,3.0,130.0
1650.0,3.0,3.0,75.0
1113.0,2.0,2.0,46.0
1500.0,2.0,2.0,203.0
1800.0,9.0,9.0,180.0
1586.0,3.0,3.0,70.0
4000.0,3.0,3.0,235.0
1541.0,3.0,3.0,80.0
1830.0,3.0,3.0,101.0
1200.0,2.0,2.0,48.0
1800.0,3.0,2.0,72.0
1015.0,2.0,2.0,40.0
1120.0,2.0,2.0,37.95
706.0,1.0,1.0,48.24
1350.0,4.0,4.0,85.0
610.0,6.0,4.0,95.0
1900.0,3.0,3.0,99.0
1200.0,4.0,4.0,243.0
3000.0,4.0,5.0,150.0
1075.0,3.0,2.0,42.0
1290.0,2.0,2.0,80.0
1200.0,2.0,2.0,50.0
1150.0,2.0,2.0,53.11
1360.0,3.0,2.0,61.2
4500.0,9.0,9.0,500.0
935.0,2.0,2.0,32.73
1730.0,3.0,3.0,140.0
1260.0,2.0,2.0,53.0
675.0,6.0,6.0,125.0
4000.0,4.0,4.0,650.0
950.0,2.0,2.0,45.68
600.0,2.0,3.0,85.0
2500.0,5.0,5.0,120.0
3216.0,4.0,5.0,300.0
800.0,6.0,3.0,120.0
1991.0,3.0,4.0,88.0
1115.0,2.0,2.0,60.0
1900.0,3.0,3.0,150.0
1109.0,2.0,2.0,41.49
2340.0,4.0,5.0,129.0
1200.0,6.0,6.0,300.0
4356.0,4.0,5.0,850.0
1005.0,2.0,2.0,43.0
416.0,1.0,1.0,19.5
1394.0,2.0,2.0,100.0
2138.0,3.0,3.0,110.0
1550.0,3.0,3.0,160.0
1300.0,3.0,3.0,80.0
1265.0,2.0,2.0,82.0
1140.0,2.0,2.0,52.0
1050.0,2.0,2.0,40.0
1100.0,2.0,2.0,48.0
1012.0,2.0,2.0,59.0
1600.0,4.0,4.0,112.0
1326.0,2.0,2.0,57.0
1654.0,3.0,2.0,85.0
1705.0,3.0,2.0,290.0
1070.0,2.0,2.0,42.8
1700.0,3.0,3.0,95.0
910.2,2.0,2.0,80.64
1140.0,2.0,2.0,50.66
4960.0,4.0,4.0,400.0
2254.0,3.0,3.0,170.0
945.0,2.0,2.0,47.0
2462.0,4.0,6.0,150.0
1350.0,3.0,3.0,240.0
615.0,1.0,1.0,44.0
1110.0,2.0,2.0,65.0
575.0,1.0,1.0,88.0
1025.0,2.0,2.0,54.1
1758.0,3.0,3.0,95.0
3179.0,4.0,5.0,351.0
1342.0,3.0,3.0,92.0
1800.0,3.0,3.0,85.0
2928.0,4.0,4.0,198.0
1140.0,2.0,2.0,32.0
1608.0,2.0,2.0,85.0
1645.0,3.0,2.0,82.0
1410.0,3.0,2.0,56.4
1200.0,2.0,2.0,52.0
1275.0,3.0,2.0,41.5
3800.0,4.0,4.0,600.0
909.0,3.0,2.0,40.0
1200.0,2.0,3.0,85.0
1080.0,2.0,2.0,73.0
1200.0,2.0,2.0,34.0
1092.0,2.0,2.0,60.0
1932.0,3.0,4.0,135.0
1156.0,2.0,2.0,72.0
924.0,2.0,2.0,35.11
1330.0,2.0,2.0,75.0
1917.0,3.0,4.0,113.0
985.0,2.0,2.0,25.12
2400.0,6.0,6.0,408.0
1800.0,4.0,5.0,500.0
1290.0,2.0,1.0,225.0
655.0,1.0,1.0,53.0
1800.0,3.0,3.0,140.0
1360.0,4.0,2.0,45.0
1785.0,3.0,3.0,118.0
4000.0,7.0,7.0,130.0
1645.0,3.0,3.0,120.0
1235.0,2.0,2.0,63.0
900.0,2.0,2.0,48.0
662.0,1.0,1.0,42.0
1440.0,5.0,5.0,100.0
1215.0,2.0,2.0,62.0
845.0,2.0,2.0,37.0
1525.0,3.0,2.0,87.0
1000.0,2.0,2.0,48.0
1255.0,3.0,2.0,90.0
1560.0,3.0,3.0,120.0
2100.0,3.0,3.0,110.0
1620.0,3.0,2.0,85.0
1595.0,3.0,3.0,90.0
1095.0,2.0,2.0,38.52
835.0,2.0,2.0,37.0
2182.0,3.0,3.0,72.04
1418.0,2.0,2.0,106.0
1900.0,3.0,2.0,180.0
2700.0,3.0,5.0,175.0
1070.0,2.0,2.0,48.0
2000.0,9.0,9.0,150.0
2400.0,43.0,40.0,660.0
755.0,1.0,1.0,42.41
1645.0,3.0,3.0,117.0
2400.0,3.0,3.0,190.0
645.0,1.0,1.0,16.45
3900.0,4.0,4.0,333.0
2400.0,3.0,4.0,200.0
2416.0,10.0,10.0,600.0
919.0,2.0,2.0,28.0
1725.0,3.0,3.0,110.0
1346.0,2.0,2.0,71.32
1070.0,2.0,2.0,45.0
1225.0,2.0,2.0,35.52
880.0,6.0,6.0,75.0
640.0,1.0,1.0,20.5
1310.0,3.0,2.0,52.4
1190.0,2.0,2.0,39.0
1645.0,3.0,3.0,87.5
1350.0,2.0,2.0,89.0
1404.0,2.0,2.0,68.8
1105.0,3.0,2.0,35.0
900.0,2.0,2.0,41.0
1650.0,4.0,4.0,320.0
1100.0,2.0,2.0,41.15
2100.0,4.0,4.0,95.0
1948.0,3.0,3.0,130.0
1464.0,3.0,3.0,56.0
1210.0,2.0,2.0,45.0
4000.0,5.0,5.0,220.0
1252.0,2.0,2.0,55.0
1200.0,5.0,4.0,240.0
3905.0,5.0,7.0,290.0
2600.0,3.0,3.0,140.0
1300.0,3.0,3.0,89.13
1130.0,2.0,2.0,73.0
1200.0,4.0,3.0,135.0
1690.0,3.0,3.0,125.0
4500.0,3.0,4.0,360.0
950.0,2.0,2.0,60.0
1020.0,2.0,2.0,57.0
2107.0,4.0,4.0,95.0
1735.0,3.0,3.0,72.0
915.0,2.0,2.0,37.0
1450.0,3.0,3.0,68.0
2215.0,3.0,4.0,156.0
2431.0,3.0,3.0,100.0
1804.0,3.0,3.0,102.0
1600.0,2.0,3.0,88.0
1280.0,2.0,2.0,75.0
1255.0,3.0,3.0,77.68
1320.0,2.0,2.0,150.0
1257.0,2.0,2.0,69.0
1240.0,2.0,2.0,53.27
1200.0,4.0,4.0,240.0
1850.0,6.0,6.0,150.0
1255.0,2.0,2.0,66.0
870.0,2.0,2.0,36.0
1789.0,3.0,3.0,98.0
800.0,6.0,6.0,110.0
660.0,2.0,1.0,18.0
600.0,3.0,3.0,54.0
1155.0,2.0,2.0,56.0
1235.0,2.0,2.0,65.0
2675.0,4.0,4.0,140.0
1025.0,2.0,2.0,50.0
1395.0,3.0,2.0,72.0
1530.0,3.0,2.0,74.4
1252.0,3.0,2.0,71.0
1081.0,2.0,2.0,30.27
1255.0,3.0,3.0,130.0
2062.0,4.0,3.0,150.0
1220.0,3.0,3.0,56.0
1408.0,3.0,2.0,55.0
1180.0,3.0,2.0,60.0
715.0,1.0,1.0,29.0
1230.0,2.0,2.0,94.5
1035.0,2.0,2.0,45.5
3360.0,4.0,5.0,225.0
1300.0,3.0,3.0,77.99
1100.0,3.0,3.0,52.97
1216.0,2.0,2.0,84.0
1450.0,2.0,2.0,62.63
705.0,1.0,1.0,57.0
1385.0,3.0,3.0,64.0
1200.0,2.0,2.0,36.1
1310.0,3.0,2.0,32.75
1043.0,2.0,2.0,39.5
1320.0,2.0,2.0,110.0
1900.0,3.0,3.0,205.0
1140.0,2.0,2.0,39.9
1100.0,2.0,2.0,45.0
1586.0,3.0,3.0,90.0
975.0,2.0,2.0,24.86
1365.0,2.0,3.0,60.0
1263.0,2.0,2.0,107.0
1565.0,3.0,2.0,59.76
1163.0,3.0,3.0,180.0
2882.0,4.0,5.0,204.0
2320.0,3.0,3.0,170.0
1750.0,3.0,3.0,99.0
1143.0,2.0,2.0,55.0
1936.0,3.0,3.0,118.0
660.0,2.0,1.0,15.0
700.0,2.0,1.0,19.0
1402.0,3.0,2.0,85.0
4640.0,4.0,4.0,600.0
1000.0,2.0,2.0,41.0
1000.0,2.0,2.0,35.0
818.0,2.0,2.0,26.0
1680.0,4.0,3.0,135.0
2422.0,4.0,3.0,150.0
1145.0,2.0,2.0,100.0
1190.0,3.0,2.0,30.35
1145.0,2.0,2.0,62.0
1575.0,3.0,3.0,68.0
9000.0,3.0,4.0,390.0
1200.0,2.0,2.0,46.0
1500.0,3.0,2.0,63.0
2560.0,4.0,4.0,75.0
1583.0,3.0,3.0,76.1
700.0,2.0,2.0,34.98
950.0,2.0,2.0,38.0
1041.0,2.0,2.0,36.44
1085.0,2.0,2.0,70.0
1070.0,2.0,2.0,37.0
1165.0,2.0,2.0,45.0
1000.0,2.0,2.0,35.0
1169.0,2.0,2.0,64.0
1150.0,4.0,4.0,110.0
1840.0,3.0,3.0,140.0
1550.0,3.0,3.0,75.0
997.0,2.0,2.0,53.0
1457.0,2.0,2.0,60.0
1000.0,2.0,2.0,60.0
1000.0,2.0,2.0,60.0
1500.0,3.0,3.0,88.0
958.0,5.0,3.0,210.0
1165.0,2.0,2.0,75.0
1200.0,7.0,7.0,169.0
1787.0,3.0,3.0,123.0
1288.0,3.0,2.0,70.0
1430.0,3.0,2.0,54.11
3035.0,3.0,5.0,271.0
750.0,1.0,1.0,25.5
900.0,4.0,2.0,115.0
1200.0,3.0,3.0,67.77
1500.0,3.0,2.0,78.0
1230.0,2.0,2.0,66.25
780.0,1.0,1.0,55.0
1220.0,2.0,2.0,80.0
1110.0,2.0,2.0,43.0
2100.0,3.0,3.0,240.0
1380.0,9.0,9.0,150.0
1690.0,3.0,3.0,85.0
1130.0,2.0,2.0,78.0
1213.0,2.0,2.0,59.32
900.0,2.0,2.0,45.0
1199.0,2.0,2.0,85.0
5000.0,4.0,4.0,290.0
2072.5,4.0,2.0,111.0
700.0,7.0,8.0,100.0
661.0,1.0,1.0,36.0
1804.0,2.0,2.0,285.0
1710.0,3.0,3.0,100.0
1030.0,2.0,2.0,50.0
1220.0,3.0,3.0,56.0
1530.0,3.0,3.0,73.5
1200.0,2.0,2.0,78.0
2000.0,3.0,3.0,85.0
300.0,1.0,1.0,20.0
1751.0,3.0,2.0,115.0
800.0,2.0,1.0,170.0
1255.0,2.0,2.0,79.0
1778.0,3.0,3.0,122.0
1100.0,2.0,2.0,45.0
1480.0,2.0,2.0,65.0
1358.0,2.0,2.0,81.0
580.0,1.0,1.0,27.0
1197.0,2.0,2.0,63.0
1200.0,4.0,2.0,170.0
1705.0,3.0,3.0,110.0
1310.0,3.0,2.0,37.83
1132.0,2.0,2.0,67.9
1200.0,3.0,3.0,140.0
814.0,2.0,2.0,55.0
1575.0,3.0,3.0,90.0
1302.0,2.0,2.0,66.0
1800.0,6.0,8.0,175.0
2006.8,3.0,4.0,196.0
1100.0,2.0,2.0,44.0
2400.0,5.0,5.0,400.0
830.0,2.0,2.0,37.0
435.0,1.0,1.0,19.5
1590.0,3.0,3.0,120.0
1140.0,2.0,2.0,33.06
1090.0,2.0,2.0,59.8
1922.0,3.0,3.0,106.0
965.0,2.0,2.0,67.0
883.0,2.0,2.0,40.95
1062.0,2.0,2.0,42.47
1089.0,2.0,2.0,32.67
1358.0,3.0,2.0,43.1
1108.0,2.0,2.0,87.0
1197.0,2.0,2.0,79.0
1190.0,2.0,2.0,50.0
3754.0,4.0,6.0,430.0
1749.0,3.0,3.0,117.0
1750.0,4.0,3.0,215.0
1691.0,3.0,3.0,104.0
1449.0,3.0,3.0,100.0
1625.0,3.0,2.0,87.72
1400.0,2.0,2.0,80.0
1310.0,3.0,2.0,37.83
1100.0,2.0,2.0,48.0
1230.0,3.0,2.0,53.51
1750.0,3.0,3.0,130.0
1450.0,3.0,3.0,100.0
1810.0,3.0,3.0,126.0
1246.0,2.0,2.0,62.3
1420.0,3.0,3.0,85.0
2658.0,4.0,5.0,187.0
1450.0,3.0,2.0,89.6
1200.0,4.0,4.0,230.0
1367.0,2.0,2.0,62.0
2254.0,3.0,3.0,170.0
1160.0,2.0,2.0,42.0
1200.0,5.0,4.0,185.0
1711.0,3.0,3.0,75.0
750.0,9.0,6.0,112.0
1120.0,2.0,2.0,37.97
950.0,2.0,2.0,47.0
1560.0,2.0,2.0,145.0
1250.0,14.0,15.0,125.0
1225.0,2.0,2.0,60.0
1200.0,3.0,2.0,66.0
1340.0,2.0,2.0,77.0
1846.0,3.0,3.0,145.0
1155.0,2.0,2.0,46.0
1205.0,2.0,2.0,70.0
1140.0,2.0,2.0,36.0
1140.0,2.0,2.0,38.65
1300.0,3.0,2.0,63.0
1051.0,2.0,2.0,60.0
1134.0,2.0,2.0,45.36
2500.0,3.0,4.0,260.0
12000.0,8.0,9.0,1900.0
1135.0,2.0,2.0,32.91
1745.0,3.0,3.0,77.0
500.0,5.0,5.0,92.0
1665.0,3.0,3.0,105.0
1220.0,2.0,2.0,48.79
1868.0,3.0,3.0,113.0
640.0,3.0,3.0,45.0
2300.0,4.0,4.0,200.0
1210.0,2.0,2.0,76.0
1351.0,2.0,2.0,77.0
1636.0,3.0,3.0,119.0
2400.0,5.0,6.0,450.0
1464.0,2.0,2.0,56.0
418.0,1.0,1.0,12.0
1339.0,2.0,2.0,62.0
2370.0,3.0,4.0,195.0
1530.0,3.0,2.0,74.5
1100.0,2.0,2.0,46.0
1350.0,3.0,3.0,58.0
1290.0,2.0,2.0,52.0
1220.0,3.0,2.0,35.23
1846.0,3.0,3.0,155.0
1847.0,3.0,3.0,135.0
3100.0,4.0,4.0,350.0
1430.0,2.0,2.0,110.0
935.0,2.0,2.0,45.0
1350.0,3.0,3.0,85.0
540.0,3.0,3.0,60.0
1590.0,3.0,3.0,96.5
1286.0,3.0,3.0,67.0
1141.0,2.0,2.0,40.0
1554.0,2.0,3.0,130.0
3520.0,3.0,3.0,430.0
7500.0,5.0,7.0,1700.0
1749.0,3.0,3.0,112.0
2250.0,5.0,5.0,360.0
1140.0,2.0,2.0,45.0
1632.0,4.0,3.0,128.0
1000.0,3.0,2.0,41.0
1065.0,2.0,2.0,58.0
1520.0,3.0,2.0,96.0
1075.0,3.0,2.0,43.0
5.0,7.0,7.0,115.0
1539.0,3.0,2.0,52.36
1342.0,2.0,2.0,115.0
1004.0,2.0,2.0,49.0
1295.0,2.0,2.0,95.0
1098.0,2.0,2.0,74.0
1070.0,2.0,2.0,45.5
1016.0,2.0,2.0,40.0
1450.0,3.0,3.0,68.0
654.0,1.0,1.0,37.0
5985.0,4.0,4.0,775.0
1080.0,2.0,2.0,38.0
1046.0,2.0,2.0,75.0
1950.0,3.0,3.0,165.0
1610.0,3.0,3.0,84.53
2493.0,3.0,3.0,115.0
1151.0,2.0,2.0,50.5
1125.0,2.0,2.0,58.0
992.0,2.0,2.0,25.79
1000.0,2.0,3.0,60.0
2400.0,5.0,3.0,510.0
1850.0,3.0,3.0,90.0
1174.0,2.0,2.0,75.0
2661.0,3.0,2.0,226.5
1100.0,2.0,2.0,45.0
1095.0,2.0,2.0,38.33
3580.0,3.0,3.0,411.0
900.0,3.0,4.0,155.0
1082.0,3.0,2.0,42.0
1350.0,3.0,2.0,47.24
1314.0,2.0,2.0,78.0
1290.0,2.0,2.0,40.63
1010.0,2.0,2.0,55.0
2200.0,2.0,2.0,110.0
1636.0,3.0,3.0,97.0
1050.0,2.0,2.0,39.0
1200.0,2.0,2.0,200.0
1520.0,3.0,2.0,125.0
2500.0,5.0,5.0,110.0
1067.0,2.0,2.0,60.0
1060.0,2.0,2.0,35.0
955.0,2.0,2.0,35.28
1418.0,2.0,2.0,104.0
1200.0,9.0,8.0,225.0
700.0,2.0,1.0,19.4
1366.0,2.0,2.0,83.0
1090.0,2.0,2.0,35.03
1250.0,3.0,3.0,58.0
3600.0,4.0,4.0,450.0
950.0,2.0,2.0,33.0
1470.0,2.0,2.0,170.0
1250.0,2.0,2.0,40.0
800.0,4.0,4.0,180.0
1494.0,3.0,2.0,94.55
1445.0,3.0,2.0,105.0
1397.0,3.0,3.0,105.0
606.0,1.0,1.0,40.0
861.0,2.0,2.0,34.5
1170.0,2.0,2.0,40.0
2461.0,4.0,6.0,353.0
1205.0,2.0,2.0,75.0
1224.0,8.0,4.0,200.0
660.0,1.0,1.0,75.0
1153.0,2.0,2.0,43.5
2400.0,5.0,5.0,275.0
4500.0,5.0,7.0,294.0
1200.0,2.0,2.0,62.0
1450.0,3.0,3.0,42.0
1139.0,2.0,2.0,60.0
1530.0,3.0,3.0,105.0
825.0,6.0,6.0,400.0
1575.0,3.0,3.0,101.0
650.0,1.0,1.0,25.0
1120.0,2.0,2.0,40.0
1700.0,3.0,3.0,80.0
1090.0,2.0,2.0,48.0
1897.0,3.0,4.0,93.0
1200.0,3.0,3.0,72.0
700.0,2.0,2.0,40.0
1437.0,2.0,2.0,71.13
1856.0,3.0,3.0,120.0
1500.0,3.0,2.0,65.0
1036.0,2.0,2.0,59.45
3000.0,6.0,8.0,90.0
1125.0,2.0,2.0,40.0
1320.0,3.0,2.0,55.44
2215.0,3.0,4.0,310.0
660.0,2.0,1.0,16.0
1730.0,3.0,3.0,110.0
750.0,4.0,4.0,85.0
1804.0,3.0,3.0,115.0
1795.0,3.0,3.0,140.0
1050.0,2.0,2.0,50.0
2100.0,3.0,3.0,120.0
1199.0,3.0,2.0,48.5
1350.0,3.0,2.0,280.0
1100.0,2.0,2.0,47.0
1000.0,2.0,1.0,75.0
1254.0,3.0,2.0,70.0
600.0,8.0,8.0,70.0
940.0,2.0,2.0,49.0
1280.0,2.0,2.0,80.0
2155.0,4.0,3.0,125.0
3200.0,5.0,5.0,140.0
4260.0,4.0,4.0,272.0
1255.0,3.0,2.0,95.0
1388.0,3.0,3.0,69.99
905.0,1.0,1.0,52.0
1176.0,2.0,2.0,44.0
1390.0,3.0,2.0,61.16
2400.0,4.0,4.0,400.0
1160.0,2.0,2.0,55.0
2800.0,4.0,4.0,140.0
1200.0,4.0,4.0,205.0
1583.0,3.0,3.0,115.0
1252.0,3.0,3.0,63.0
1170.0,2.0,2.0,86.0
1350.0,3.0,2.0,51.0
1075.0,2.0,2.0,30.0
972.0,2.0,2.0,40.0
1486.0,3.0,3.0,83.22
555.0,2.0,1.0,37.0
4830.0,4.0,5.0,390.0
850.0,2.0,2.0,75.0
1282.0,3.0,3.0,178.0
2790.0,4.0,4.0,198.0
2383.0,4.0,5.0,215.0
1103.0,2.0,2.0,55.0
1577.0,3.0,3.0,67.0
1465.0,3.0,3.0,80.01
1600.0,3.0,3.0,64.0
1090.0,2.0,2.0,45.0
1721.0,3.0,3.0,80.86
1100.0,2.0,2.0,55.0
1450.0,3.0,3.0,71.0
1071.0,2.0,2.0,62.0
2266.0,3.0,3.0,169.0
2065.0,3.0,3.0,130.0
1800.0,3.0,3.0,90.0
1150.0,2.0,2.0,125.0
1200.0,8.0,8.0,220.0
1123.0,2.0,2.0,56.0
1884.0,3.0,3.0,98.0
930.0,7.0,4.0,85.0
1145.0,2.0,2.0,75.0
1328.0,3.0,2.0,60.0
950.0,2.0,2.0,55.0
1250.0,2.0,2.0,59.0
1115.0,2.0,2.0,46.0
1318.0,3.0,3.0,54.0
3300.0,3.0,4.0,160.0
1280.0,2.0,2.0,48.0
1230.0,2.0,2.0,59.0
1420.0,3.0,2.0,60.0
2111.0,3.0,4.0,120.0
1100.0,2.0,2.0,54.0
1750.0,3.0,3.0,136.0
2550.0,3.0,4.0,290.0
700.0,2.0,1.0,35.0
1050.0,2.0,2.0,42.0
1235.0,2.0,2.0,90.0
1200.0,2.0,2.0,63.0
900.0,2.0,2.0,30.0
1146.0,2.0,2.0,38.0
1200.0,4.0,4.0,110.0
2400.0,1.0,1.0,200.0
1200.0,6.0,5.0,108.0
615.0,1.0,1.0,24.0
1070.0,2.0,2.0,49.65
1538.0,5.0,5.0,300.0
1355.0,3.0,2.0,58.25
3080.0,4.0,2.0,285.0
1800.0,3.0,3.0,80.0
1400.0,3.0,2.0,50.06
1123.0,2.0,2.0,48.0
1200.0,4.0,2.0,130.0
787.0,2.0,2.0,31.0
1082.0,3.0,2.0,45.0
1096.0,2.0,2.0,41.0
1200.0,7.0,7.0,140.0
1140.0,3.0,3.0,130.0
1130.0,2.0,2.0,52.0
550.0,1.0,1.0,12.0
1058.0,2.0,2.0,85.0
1269.0,3.0,2.0,73.0
946.0,3.0,3.0,140.0
3400.0,4.0,6.0,420.0
2689.0,4.0,6.0,245.0
1976.0,3.0,3.0,65.21
1820.0,3.0,3.0,77.0
1329.0,3.0,2.0,56.0
1350.0,3.0,2.0,80.99
1250.0,4.0,3.0,175.0
1205.0,2.0,2.0,40.0
800.0,6.0,6.0,98.0
1339.0,2.0,2.0,71.5
938.0,2.0,2.0,35.0
450.0,1.0,1.0,25.0
1100.0,2.0,2.0,70.0
600.0,4.0,3.0,95.0
1060.0,2.0,2.0,40.0
1125.0,2.0,2.0,40.0
810.0,1.0,1.0,21.0
1060.0,2.0,2.0,65.0
1749.0,4.0,4.0,90.0
1200.0,3.0,2.0,75.0
1100.0,2.0,2.0,85.0
680.0,1.0,1.0,32.64
720.0,4.0,4.0,48.0
6613.0,5.0,7.0,950.0
1925.0,3.0,3.0,110.0
502.0,1.0,1.0,25.0
3339.0,3.0,3.0,250.0
1475.0,3.0,2.0,74.0
1550.0,3.0,3.0,258.0
966.0,2.0,2.0,49.0
1350.0,6.0,6.0,160.0
1300.0,2.0,2.0,75.0
4400.0,5.0,4.0,350.0
1559.0,3.0,3.0,120.0
1246.0,2.0,2.0,63.0
2790.0,3.0,3.0,950.0
1410.0,3.0,2.0,53.58
1300.0,4.0,3.0,75.0
1339.0,2.0,2.0,58.0
900.0,4.0,4.0,75.0
1104.0,2.0,2.0,35.5
900.0,2.0,2.0,45.0
1550.0,3.0,2.0,79.0
670.0,1.0,1.0,35.0
1483.0,2.0,2.0,98.0
1540.0,3.0,2.0,70.0
1200.0,8.0,7.0,100.0
1255.0,2.0,2.0,54.5
600.0,3.0,3.0,100.0
1036.0,2.0,2.0,110.0
1460.0,3.0,2.0,75.0
1230.0,2.0,2.0,58.0
1340.0,2.0,2.0,60.0
1600.0,3.0,3.0,61.37
2162.0,3.0,3.0,200.0
919.0,2.0,2.0,40.0
1070.0,2.0,2.0,38.9
1733.0,3.0,2.0,85.0
1221.0,3.0,3.0,72.0
1041.0,2.0,2.0,36.44
2550.0,4.0,4.0,149.0
1400.0,3.0,3.0,70.0
600.0,1.0,2.0,55.0
710.0,1.0,2.0,40.0
1500.0,3.0,2.0,78.25
3122.0,4.0,6.0,237.0
2061.0,3.0,3.0,175.0
2400.0,5.0,5.0,325.0
1255.0,3.0,2.0,95.0
2425.0,7.0,7.0,140.0
1031.0,2.0,2.0,55.0
1210.0,2.0,2.0,74.0
950.0,2.0,2.0,40.0
1376.0,4.0,4.0,156.0
1161.0,2.0,2.0,55.15
1303.0,2.0,2.0,44.17
1418.0,2.0,2.0,105.0
1200.0,2.0,2.0,65.0
1825.0,3.0,3.0,175.0
1015.0,2.0,2.0,48.0
1150.0,3.0,2.0,60.0
1010.0,2.0,2.0,40.0
1508.0,3.0,3.0,75.0
1275.0,2.0,2.0,87.0
1460.0,3.0,3.0,70.0
946.0,2.0,2.0,58.0
1110.0,2.0,2.0,58.0
1832.0,3.0,3.0,125.0
1088.0,2.0,2.0,61.45
1564.0,3.0,3.0,104.0
1030.0,2.0,2.0,35.02
660.0,2.0,2.0,27.0
1700.0,3.0,3.0,95.0
1100.0,4.0,5.0,121.0
1205.0,2.0,2.0,62.9
1950.0,3.0,3.0,90.0
1080.0,2.0,2.0,62.0
2800.0,4.0,4.0,140.0
999.0,2.0,2.0,43.66
900.0,4.0,4.0,175.0
1300.0,2.0,2.0,89.76
1265.0,2.0,2.0,78.0
1200.0,2.0,2.0,42.0
1974.0,4.0,4.0,106.0
1180.0,2.0,2.0,40.0
1350.0,3.0,2.0,63.0
1560.0,3.0,2.0,65.0
2800.0,2.0,2.0,650.0
1085.0,2.0,2.0,41.23
1300.0,3.0,2.0,75.0
1600.0,3.0,3.0,56.0
1127.0,2.0,2.0,55.0
795.0,2.0,2.0,32.0
1850.0,3.0,3.0,88.0
1020.0,2.0,2.0,29.45
1475.0,3.0,2.0,200.0
1200.0,3.0,3.0,96.25
1345.0,3.0,2.0,47.0
849.0,2.0,2.0,25.4
1706.0,3.0,3.0,135.0
2100.0,4.0,4.0,180.0
1250.0,3.0,2.0,65.0
1260.0,3.0,3.0,63.58
1265.0,3.0,2.0,65.0
1260.0,3.0,2.0,45.0
1045.0,2.0,2.0,58.0
3895.0,4.0,4.0,495.0
412.5,1.0,1.0,19.8
1100.0,2.0,2.0,62.0
1113.0,2.0,2.0,50.0
2774.0,4.0,4.0,208.0
1210.0,2.0,2.0,60.0
700.0,1.0,1.0,30.84
1155.0,2.0,2.0,55.5
1132.0,2.0,2.0,89.0
1359.0,2.0,2.0,104.0
2631.0,4.0,3.0,200.0
1145.0,2.0,2.0,56.0
600.0,1.0,1.0,30.0
1200.0,1.0,1.0,125.0
830.0,2.0,2.0,60.0
1009.0,2.0,2.0,56.0
1800.0,3.0,3.0,195.0
1226.0,2.0,2.0,52.71
1500.0,2.0,2.0,88.0
1363.0,2.0,2.0,79.0
1400.0,3.0,2.0,240.0
1165.0,2.0,2.0,33.64
2792.0,4.0,4.0,220.0
700.0,1.0,1.0,59.0
1060.0,2.0,2.0,42.0
1200.0,2.0,2.0,67.0
1518.0,3.0,3.0,76.0
1495.0,3.0,2.0,75.0
1575.0,2.0,2.0,90.0
1440.0,2.0,2.0,170.0
1545.0,3.0,3.0,69.0
1470.0,3.0,3.0,50.0
1500.0,3.0,3.0,95.0
1450.0,3.0,2.0,81.0
1179.0,2.0,2.0,49.0
1650.0,3.0,3.0,110.0
1095.0,3.0,2.0,32.0
856.0,2.0,2.0,48.0
1143.0,2.0,2.0,62.0
1349.0,2.0,2.0,97.8
1280.0,3.0,2.0,45.0
480.0,1.0,1.0,60.0
1216.0,2.0,2.0,69.06
2493.0,3.0,3.0,115.0
1290.0,2.0,2.0,120.0
1200.0,5.0,5.0,96.0
1156.0,2.0,2.0,42.0
1230.0,2.0,2.0,44.0
1070.0,2.0,2.0,33.15
1235.0,2.0,2.0,49.3
1117.0,2.0,2.0,110.0
1724.0,3.0,3.0,124.0
1200.0,4.0,4.0,90.0
600.0,1.0,1.0,43.0
1930.0,3.0,2.0,57.9
1216.0,2.0,2.0,75.0
1452.0,3.0,3.0,60.0
1355.0,2.0,2.0,78.0
7500.0,4.0,4.0,425.0
2145.0,3.0,3.0,190.0
957.0,2.0,2.0,53.0
925.0,2.0,2.0,48.0
1550.0,2.0,2.0,59.0
4000.0,4.0,2.0,899.0
2100.0,3.0,3.0,140.0
1115.0,2.0,2.0,61.0
1692.0,3.0,3.0,83.0
1100.0,2.0,2.0,52.0
1385.0,3.0,2.0,69.0
760.0,1.0,1.0,24.9
1335.0,2.0,2.0,67.0
910.0,2.0,2.0,45.0
1610.0,3.0,2.0,55.0
1341.0,2.0,2.0,75.76
1200.0,3.0,3.0,70.0
1285.0,3.0,2.0,44.98
2100.0,3.0,3.0,252.0
1679.0,3.0,3.0,92.13
2675.0,4.0,4.0,290.0
1016.0,2.0,2.0,45.9
1500.0,4.0,2.0,650.0
660.0,3.0,2.0,100.0
2448.0,3.0,3.0,400.0
924.0,2.0,2.0,35.11
500.0,1.0,1.0,31.0
1800.0,3.0,3.0,88.0
1255.0,2.0,2.0,77.0
1040.0,2.0,2.0,50.0
1062.0,2.0,2.0,47.0
805.5,2.0,2.0,19.33
950.0,2.0,2.0,60.0
1216.0,2.0,2.0,73.0
1300.0,2.0,2.0,98.0
1390.0,2.0,2.0,65.0
1033.0,2.0,2.0,52.58
1390.0,2.0,2.0,65.31
1020.0,2.0,2.0,52.0
709.0,1.0,1.0,34.735
1140.0,2.0,2.0,45.0
670.0,1.0,1.0,36.85
2171.0,4.0,4.0,111.0
1136.0,2.0,2.0,48.0
1477.0,3.0,2.0,80.0
1001.0,2.0,2.0,30.0
1040.0,2.0,2.0,48.86
1060.0,2.0,2.0,48.5
1240.0,2.0,2.0,44.3
3500.0,4.0,5.0,450.0
42000.0,9.0,8.0,175.0
1070.0,2.0,2.0,46.0
1253.0,2.0,2.0,65.8
1190.0,2.0,2.0,60.0
1312.0,2.0,2.0,55.0
750.0,2.0,2.0,40.0
1615.0,3.0,3.0,115.0
1095.0,2.0,2.0,60.0
1745.0,3.0,3.0,100.0
1050.0,2.0,2.0,52.5
2080.0,4.0,4.0,440.0
1220.0,2.0,2.0,44.6
1793.0,3.0,3.0,98.0
1100.0,2.0,1.0,45.0
1385.0,2.0,2.0,65.0
1200.0,2.0,2.0,45.0
2017.0,3.0,2.0,125.0
400.0,1.0,1.0,10.0
1400.0,3.0,2.0,44.81
960.0,2.0,2.0,33.0
1125.0,2.0,2.0,47.0
1551.0,3.0,2.0,60.0
600.0,4.0,4.0,122.0
1246.0,2.0,2.0,67.4
3200.0,4.0,4.0,224.0
1060.0,2.0,2.0,48.0
1384.0,2.0,2.0,59.0
620.0,2.0,2.0,23.0
1005.0,2.0,2.0,39.77
1200.0,3.0,3.0,128.0
1400.0,3.0,3.0,35.0
2400.0,3.0,3.0,88.0
1096.0,2.0,2.0,39.0
1180.0,2.0,1.0,50.0
1300.0,3.0,2.0,47.0
1020.0,2.0,2.0,62.0
600.0,2.0,2.0,35.0
3563.0,4.0,6.0,310.0
1165.0,2.0,2.0,47.0
1685.0,3.0,3.0,100.0
1580.0,3.0,3.0,53.56
1210.0,2.0,2.0,83.0
1030.0,2.0,1.0,25.75
1100.0,2.0,2.0,43.5
1255.0,3.0,3.0,77.68
1482.0,3.0,3.0,86.0
1344.0,2.0,2.0,108.0
1275.0,3.0,2.0,39.8
462.0,3.0,3.0,38.0
3300.0,4.0,5.0,318.0
1210.0,2.0,2.0,85.0
1320.0,3.0,3.0,226.0
1532.0,3.0,3.0,98.13
1245.0,2.0,2.0,110.0
1212.0,2.0,2.0,50.0
1230.0,2.0,2.0,65.0
1000.0,5.0,5.0,180.0
2257.0,3.0,3.0,159.0
1246.0,2.0,2.0,65.4
1080.0,2.0,2.0,41.0
1360.0,3.0,2.0,85.0
1260.0,2.0,2.0,47.88
1200.0,4.0,3.0,110.0
1418.0,2.0,2.0,104.0
1200.0,3.0,3.0,165.0
950.0,2.0,2.0,39.0
1020.0,2.0,2.0,55.0
1400.0,3.0,2.0,40.44
1440.0,4.0,4.0,88.0
800.0,6.0,6.0,75.0
1462.5,3.0,2.0,62.81
1175.0,2.0,2.0,69.0
1185.0,2.0,2.0,40.17
2250.0,3.0,3.0,113.0
1178.0,2.0,2.0,40.43
36000.0,4.0,4.0,450.0
825.0,1.0,1.0,44.9
1250.0,3.0,3.0,43.0
1113.12,2.0,2.0,55.0
1718.0,3.0,3.0,223.0
1010.0,2.0,2.0,35.0
900.0,2.0,2.0,41.0
1500.0,4.0,4.0,240.0
540.0,1.0,1.0,16.5
1020.0,2.0,2.0,29.46
1194.0,2.0,2.0,71.64
1470.0,8.0,6.0,300.0
600.0,3.0,4.0,100.0
1108.0,2.0,2.0,67.15
3895.0,4.0,2.0,451.0
700.0,2.0,2.0,34.99
1600.0,3.0,3.0,68.0
1850.0,3.0,3.0,90.0
1250.0,2.0,2.0,33.0
600.0,1.0,1.0,43.0
1140.0,2.0,2.0,49.27
1200.0,3.0,2.0,75.0
985.0,2.0,2.0,55.0
982.0,2.0,2.0,55.0
600.0,1.0,1.0,20.0
2640.0,3.0,5.0,142.0
1314.0,2.0,2.0,68.8
1700.0,3.0,2.0,68.5
1077.0,2.0,2.0,93.0
1891.0,4.0,2.0,66.165
2000.0,5.0,4.0,99.0
1643.0,3.0,3.0,75.0
1200.0,3.0,3.0,67.0
1116.0,2.0,2.0,51.91
1020.0,2.0,2.0,41.82
621.0,7.0,7.0,64.0
1740.0,3.0,3.0,55.0
1225.0,2.0,2.0,47.0
1241.0,3.0,2.0,61.0
1041.0,2.0,2.0,40.6
1050.0,2.0,2.0,46.0
4400.0,3.0,3.0,901.0
1309.0,2.0,2.0,64.39
1128.0,2.0,2.0,45.0
1430.0,3.0,2.0,50.0
1065.0,2.0,2.0,47.86
1085.0,2.0,2.0,64.0
750.0,1.0,1.0,30.0
981.0,2.0,2.0,37.28
1548.3,4.0,4.0,129.0
2302.0,4.0,4.0,300.0
1410.0,3.0,2.0,60.0
1525.84,3.0,3.0,117.0
1200.0,2.0,2.0,42.6
1030.0,2.0,2.0,80.0
1852.0,3.0,2.0,95.0
1160.0,2.0,2.0,33.5
918.0,2.0,2.0,49.0
1255.0,3.0,2.0,90.0
1200.0,6.0,6.0,250.0
1150.0,3.0,2.0,49.9
2700.0,3.0,3.0,324.0
1150.0,2.0,2.0,69.0
1227.0,2.0,2.0,53.49
1255.0,3.0,3.0,77.68
840.0,6.0,8.0,120.0
1198.0,2.0,2.0,82.0
1200.0,3.0,3.0,160.0
2600.0,4.0,3.0,95.0
2072.0,3.0,4.0,139.0
797.0,2.0,2.0,32.0
1350.0,3.0,2.0,68.0
2500.0,4.0,4.0,200.0
2215.0,3.0,4.0,160.0
525.0,1.0,1.0,30.0
2700.0,4.0,4.0,260.0
1500.0,3.0,2.0,90.0
900.0,2.0,2.0,55.0
1355.0,3.0,2.0,58.27
1465.0,3.0,2.0,49.81
1006.0,2.0,2.0,57.0
2000.0,4.0,4.0,75.0
1128.0,2.0,2.0,65.7
850.0,2.0,2.0,35.0
1310.0,3.0,2.0,68.0
1390.0,2.0,2.0,86.0
1390.0,3.0,2.0,76.45
2396.0,4.0,4.0,325.0
1170.0,2.0,2.0,33.0
1385.0,3.0,2.0,50.0
1160.0,2.0,2.0,42.0
1160.0,2.0,2.0,33.5
1200.0,3.0,2.0,69.0
1475.0,2.0,2.0,55.0
1939.0,3.0,3.0,98.0
850.0,2.0,2.0,42.0
675.0,1.0,1.0,45.0
1060.0,2.0,2.0,51.0
1235.0,2.0,2.0,47.0
600.0,2.0,4.0,110.0
1250.0,2.0,2.0,60.0
1460.0,2.0,2.0,70.0
1690.0,3.0,3.0,85.0
850.0,1.0,1.0,57.0
1843.0,3.0,3.0,82.0
1680.0,3.0,3.0,117.0
1047.0,2.0,2.0,84.0
1100.0,2.0,2.0,35.0
3250.0,8.0,8.0,600.0
1120.0,2.0,2.0,53.0
1095.0,2.0,2.0,38.33
970.0,2.0,2.0,35.0
1200.0,5.0,7.0,125.0
1100.0,3.0,2.0,85.0
1685.0,3.0,3.0,85.0
1148.0,2.0,2.0,59.0
1050.0,2.0,2.0,65.0
1465.0,3.0,2.0,76.0
3401.0,4.0,5.0,230.0
630.0,1.0,1.0,60.0
1850.0,3.0,3.0,150.0
1200.0,9.0,9.0,175.0
1750.0,4.0,2.0,225.0
1350.0,3.0,3.0,60.0
1760.0,3.0,3.0,160.0
1440.0,2.0,2.0,185.0
1200.0,2.0,2.0,42.0
1100.0,2.0,2.0,78.0
1140.0,2.0,2.0,46.0
1617.5,3.0,3.0,73.595
1410.0,2.0,2.0,45.0
1434.0,3.0,2.0,67.39
1180.0,2.0,2.0,74.0
1160.0,2.0,2.0,42.0
1343.0,2.0,2.0,86.0
1184.0,2.0,2.0,69.0
2246.0,3.0,3.0,300.0
4510.0,3.0,4.0,200.0
1305.0,3.0,2.0,59.0
3785.0,4.0,5.0,280.0
1540.0,3.0,3.0,85.0
1550.0,3.0,3.0,65.11
1345.0,3.0,2.0,57.0
975.0,3.0,2.0,45.0
1140.0,2.0,2.0,46.0
1152.0,2.0,2.0,34.56
3200.0,4.0,4.0,700.0
1033.0,3.0,2.0,31.5
1800.0,3.0,3.0,230.0
1102.0,2.0,2.0,53.67
1223.0,3.0,2.0,42.81
1762.0,3.0,3.0,112.0
560.0,2.0,2.0,16.6
2000.0,6.0,6.0,85.0
1410.0,3.0,2.0,38.0
1853.0,3.0,3.0,64.86
1455.0,2.0,2.0,69.0
1138.0,2.0,2.0,110.0
2556.0,3.0,3.0,169.0
1200.0,3.0,2.0,66.5
1200.0,2.0,2.0,37.0
1200.0,2.0,1.0,36.0
1870.0,3.0,3.0,138.0
1199.0,2.0,2.0,86.0
800.0,6.0,8.0,150.0
1360.0,3.0,2.0,54.4
1230.0,3.0,3.0,53.0
2000.0,3.0,3.0,120.0
1200.0,4.0,4.0,250.0
1047.0,2.0,2.0,83.0
6000.0,4.0,4.0,260.0
1200.0,2.0,2.0,76.0
1302.5,2.0,2.0,44.285
725.0,2.0,2.0,30.0
1645.0,3.0,3.0,100.0
870.0,2.0,2.0,65.0
1026.0,2.0,2.0,49.95
2000.0,3.0,3.0,145.0
1710.0,2.0,2.0,200.0
1766.0,3.0,3.0,130.0
500.0,1.0,1.0,15.0
1100.0,2.0,1.0,15.0
1221.0,3.0,3.0,52.0
680.0,1.0,1.0,46.0
1278.0,2.0,2.0,90.0
1025.0,2.0,2.0,66.0
1175.0,2.0,2.0,39.0
975.0,2.0,2.0,28.275
600.0,1.0,1.0,75.0
850.0,2.0,2.0,42.0
710.0,2.0,2.0,25.0
1165.0,2.0,2.0,33.64
625.0,1.0,1.0,19.0
1340.0,3.0,3.0,66.0
937.0,2.0,2.0,35.0
1500.0,7.0,6.0,210.0
750.0,1.0,1.0,52.5
1475.0,3.0,3.0,78.0
2230.0,4.0,4.0,130.0
2200.0,4.0,5.0,100.0
900.0,2.0,2.0,65.0
1116.0,2.0,2.0,37.0
948.0,2.0,2.0,75.0
970.0,2.0,2.0,55.0
1519.0,3.0,3.0,67.23
1200.0,3.0,2.0,65.0
1760.0,3.0,3.0,127.0
4400.0,4.0,5.0,525.0
1914.0,3.0,3.0,179.0
1820.0,3.0,3.0,85.5
1820.0,3.0,3.0,93.0
1565.0,3.0,3.0,78.0
1334.0,2.0,2.0,42.69
924.0,2.0,2.0,76.23
914.0,2.0,2.0,49.0
500.0,1.0,1.0,17.0
2145.0,3.0,3.0,125.0
1200.0,5.0,5.0,162.0
1650.0,3.0,3.0,100.0
3940.0,4.0,4.0,220.0
1020.0,2.0,2.0,29.45
1180.0,2.0,2.0,58.0
1255.0,2.0,2.0,120.0
2777.29,3.0,5.0,650.0
1014.0,2.0,2.0,35.0
920.0,4.0,2.0,90.0
695.0,2.0,1.0,25.0
2273.0,3.0,4.0,220.0
1140.0,2.0,2.0,48.95
3000.0,6.0,4.0,375.0
1180.0,2.0,2.0,41.0
2400.0,4.0,4.0,152.0
850.0,2.0,1.0,25.0
1200.0,2.0,2.0,60.0
3160.0,4.0,4.0,206.0
1769.0,3.0,3.0,96.87
1554.3,4.0,4.0,131.0
1243.0,2.0,2.0,46.0
4920.0,4.0,5.0,1150.0
905.0,2.0,2.0,40.0
627.0,1.0,1.0,30.0
2180.0,3.0,3.0,285.0
2400.0,3.0,3.0,260.0
1435.0,3.0,3.0,73.0
3405.1,4.0,6.0,400.0
1620.0,3.0,3.0,130.0
1862.0,3.0,3.0,125.0
674.0,2.0,1.0,19.9
1220.0,2.0,2.0,59.0
1027.0,2.0,2.0,44.0
1025.0,2.0,2.0,49.0
1430.0,3.0,2.0,54.5
1235.0,2.0,2.0,65.0
1291.0,3.0,2.0,32.0
1498.0,3.0,3.0,95.0
2180.0,3.0,3.0,240.0
1000.0,2.0,2.0,29.7
922.0,2.0,2.0,70.0
850.0,2.0,2.0,72.0
750.0,3.0,3.0,155.0
1123.0,2.0,2.0,64.0
1235.0,2.0,2.0,75.0
1250.0,2.0,2.0,55.55
2403.0,4.0,5.0,360.0
984.0,2.0,2.0,45.91
1305.0,2.0,2.0,99.0
1200.0,2.0,1.0,65.0
600.0,3.0,3.0,90.0
2790.0,4.0,5.0,204.0
2010.0,4.0,3.0,125.0
995.0,2.0,2.0,42.0
1277.0,2.0,2.0,59.0
1236.0,2.0,2.0,61.33
1265.0,2.0,2.0,67.0
525.0,1.0,2.0,27.0
2570.0,5.0,4.0,141.0
2400.0,4.0,5.0,390.0
1442.0,3.0,3.0,56.24
1224.0,2.0,2.0,70.0
1205.0,2.0,2.0,59.0
1233.0,2.0,2.0,100.0
1312.0,2.0,2.0,69.0
1449.0,3.0,3.0,90.0
1090.0,2.0,2.0,54.0
2100.0,5.0,5.0,150.0
1390.0,3.0,2.0,62.55
1200.0,2.0,2.0,78.0
600.0,4.0,2.0,50.0
1000.0,2.0,2.0,58.0
2400.0,4.0,5.0,190.0
1732.0,3.0,3.0,85.73
1290.0,2.0,2.0,80.0
1840.0,3.0,3.0,85.0
1917.0,3.0,4.0,100.0
1100.0,2.0,2.0,57.0
1455.0,3.0,2.0,60.0
2774.0,4.0,4.0,208.0
1200.0,5.0,5.0,255.0
1425.0,3.0,2.0,65.0
1655.0,3.0,3.0,113.0
2805.0,4.0,5.0,160.0
600.0,7.0,7.0,93.0
1040.0,2.0,2.0,46.79
1126.0,2.0,2.0,55.0
1600.0,6.0,4.0,200.0
1250.0,2.0,2.0,55.55
1800.0,4.0,4.0,180.0
1200.0,2.0,2.0,53.0
2050.0,4.0,3.0,100.0
530.0,1.0,1.0,29.44
2585.5,4.0,4.0,139.5
883.0,2.0,2.0,37.0
1490.0,3.0,2.0,59.6
1295.0,2.0,2.0,95.0
1275.0,3.0,3.0,59.0
800.0,2.0,2.0,30.0
1200.0,1.0,1.0,95.0
1063.0,2.0,2.0,58.0
656.0,1.0,1.0,43.0
1125.0,2.0,2.0,36.0
881.0,2.0,2.0,48.06
1350.0,9.0,8.0,200.0
700.0,2.0,1.0,32.0
1936.0,3.0,3.0,110.0
1680.0,3.0,3.0,101.0
1253.0,2.0,2.0,57.0
1640.0,3.0,3.0,230.0
1082.0,3.0,3.0,50.0
1065.0,2.0,2.0,30.75
2100.0,3.0,4.0,145.0
1070.0,2.0,2.0,58.0
1280.0,3.0,3.0,57.6
1200.0,5.0,5.0,300.0
1125.0,2.0,2.0,29.25
1755.0,3.0,3.0,122.0
1210.0,2.0,2.0,54.0
951.0,2.0,2.0,30.43
1500.0,3.0,2.0,75.0
1652.5,3.0,3.0,90.0
1381.0,3.0,2.0,76.18
1085.0,2.0,2.0,57.0
905.0,1.0,1.0,50.0
1685.0,3.0,3.0,95.0
1200.0,2.0,2.0,75.0
1151.0,2.0,2.0,42.9
3532.0,4.0,3.0,170.0
1665.0,3.0,3.0,86.91
800.0,2.0,2.0,40.0
1050.0,2.0,2.0,162.0
1030.0,2.0,2.0,46.5
1257.0,2.0,2.0,71.03
1600.0,3.0,3.0,82.0
1465.0,3.0,3.0,75.0
1650.0,3.0,3.0,111.0
1243.0,2.0,2.0,46.0
680.0,2.0,1.0,80.0
1230.0,4.0,4.0,80.0
1300.0,2.0,2.0,82.0
1000.0,2.0,2.0,44.5
1146.0,2.0,2.0,53.8
1200.0,6.0,6.0,120.0
2601.0,3.0,4.0,312.0
2159.0,3.0,3.0,110.0
1255.0,2.0,2.0,40.0
1130.0,2.0,2.0,60.0
1200.0,2.0,2.0,60.0
1040.0,2.0,2.0,37.0
1500.0,8.0,8.0,150.0
906.0,4.0,3.0,55.0
1180.0,2.0,2.0,41.3
1200.0,7.0,7.0,169.0
850.0,6.0,7.0,100.0
1200.0,2.0,2.0,47.0
1374.0,3.0,3.0,51.0
4700.0,9.0,10.0,130.0
630.5,1.0,1.0,32.15
2400.0,3.0,2.0,480.0
1027.0,2.0,2.0,44.0
1200.0,5.0,4.0,130.0
2384.0,3.0,4.0,165.0
1033.0,3.0,2.0,28.41
1200.0,2.0,2.0,54.0
2017.0,3.0,3.0,105.0
1500.0,3.0,3.0,138.0
700.0,2.0,2.0,43.0
1150.0,6.0,6.0,75.0
1495.0,3.0,2.0,52.33
1302.0,2.0,2.0,68.5
905.0,1.0,1.0,52.0
1303.0,2.0,2.0,55.79
1350.0,3.0,3.0,71.0
1380.0,3.0,2.0,95.0
1620.0,3.0,3.0,110.0
4800.0,4.0,4.0,250.0
1000.0,2.0,2.0,38.5
800.0,3.0,4.0,88.0
1250.0,2.0,1.0,54.0
1750.0,3.0,3.0,170.0
997.0,3.0,3.0,55.0
1760.0,3.0,3.0,111.0
1322.0,2.0,2.0,75.0
1365.0,3.0,3.0,99.0
1500.0,3.0,3.0,125.0
1256.0,3.0,2.0,50.0
941.0,2.0,2.0,48.0
5000.0,4.0,4.0,465.0
1665.0,3.0,3.0,86.58
1414.0,2.0,2.0,84.18
1270.0,3.0,2.0,55.25
800.0,3.0,2.0,80.0
4100.0,4.0,3.0,300.0
1800.0,6.0,3.0,105.0
850.0,2.0,2.0,35.0
712.0,1.0,1.0,38.44
2648.0,4.0,5.0,251.5
900.0,3.0,4.0,180.0
900.0,2.0,2.0,55.0
1200.0,2.0,2.0,49.0
654.0,1.0,1.0,22.0
708.0,2.0,1.0,55.0
600.0,4.0,5.0,75.0
1680.0,3.0,3.0,135.0
990.0,2.0,2.0,58.0
1380.0,2.0,2.0,42.0
1088.0,2.0,2.0,62.0
1414.0,3.0,3.0,77.5
1240.0,2.0,2.0,100.0
1810.0,3.0,3.0,118.0
2005.0,3.0,3.0,240.0
1185.0,2.0,2.0,58.0
1200.0,3.0,3.0,57.15
1070.0,2.0,2.0,52.0
1265.0,2.0,2.0,58.0
1100.0,2.0,2.0,55.0
1035.0,2.0,2.0,44.0
614.5,1.0,1.0,30.715
1000.0,2.0,2.0,97.0
1179.0,2.0,2.0,49.35
1650.0,3.0,3.0,84.0
2800.0,6.0,4.0,100.0
3500.0,8.0,6.0,120.0
1430.0,3.0,3.0,78.65
1130.0,3.0,2.0,58.0
1850.0,3.0,2.0,110.0
1340.0,3.0,3.0,54.24
4334.0,4.0,2.0,338.0
600.0,2.0,2.0,30.0
2582.0,3.0,5.0,250.0
1160.0,2.0,2.0,55.0
1200.0,1.0,2.0,45.0
1116.0,2.0,2.0,37.6
600.0,3.0,2.0,85.0
2663.0,3.0,4.0,338.0
1090.0,2.0,2.0,45.0
1100.0,2.0,2.0,45.0
1365.0,3.0,2.0,34.13
1484.0,3.0,3.0,79.19
1630.0,3.0,3.0,68.0
1451.0,3.0,2.0,52.43
1330.0,2.0,2.0,107.0
2127.0,3.0,3.0,135.0
875.0,5.0,5.0,120.0
1260.0,4.0,4.0,65.0
1173.0,3.0,2.0,45.75
1445.0,3.0,2.0,56.0
2250.0,4.0,4.0,400.0
1500.0,3.0,4.0,239.0
2336.5,3.0,3.0,115.89
1197.0,2.0,2.0,47.88
1200.0,4.0,4.0,225.0
3930.0,5.0,7.0,329.0
1450.0,3.0,3.0,62.4
1187.0,2.0,2.0,37.85
4000.0,6.0,6.0,850.0
1050.0,2.0,2.0,41.0
1370.0,3.0,2.0,54.8
1036.0,2.0,2.0,39.37
1275.0,3.0,3.0,41.2
2010.0,4.0,3.0,115.0
1418.0,2.0,2.0,106.0
1265.0,2.0,2.0,46.6
1576.0,3.0,3.0,58.0
1148.0,2.0,2.0,56.0
1000.0,2.0,2.0,36.0
1293.0,3.0,2.0,85.0
1200.0,3.0,2.0,66.0
1210.0,2.0,2.0,75.0
1126.0,2.0,2.0,69.0
1840.0,3.0,4.0,175.0
1440.0,3.0,2.0,70.0
1300.0,3.0,2.0,52.0
1276.0,2.0,2.0,75.0
600.0,6.0,4.0,105.0
1216.0,2.0,2.0,83.0
840.0,1.0,1.0,75.0
1240.0,5.0,5.0,300.0
1126.0,2.0,2.0,39.0
45.0,1.0,1.0,23.0
1162.0,2.0,2.0,65.0
1301.0,2.0,2.0,65.0
658.0,1.0,1.0,34.0
1350.0,3.0,3.0,250.0
2500.0,3.0,3.0,280.0
1208.51,3.0,3.0,42.0
1133.0,2.0,2.0,38.41
1760.0,3.0,2.0,116.0
1075.0,3.0,2.0,52.0
940.0,2.0,2.0,25.38
1145.0,2.0,2.0,57.0
1302.5,2.0,2.0,67.73
3900.0,4.0,5.0,550.0
3317.5,4.0,5.0,268.5
1300.0,2.0,2.0,50.0
2475.0,3.0,4.0,326.0
2040.0,3.0,3.0,200.0
1200.0,1.0,1.0,150.0
2420.0,4.0,4.0,190.0
1216.0,2.0,2.0,80.0
1459.0,3.0,2.0,110.0
1622.0,3.0,2.0,80.0
1843.0,3.0,3.0,85.0
1274.0,2.0,2.0,81.0
600.0,2.0,1.0,52.0
1430.0,3.0,2.0,69.5
1800.0,4.0,2.0,280.0
1565.0,3.0,2.0,57.91
1670.0,3.0,3.0,160.0
1695.0,3.0,3.0,150.0
1410.0,2.0,2.0,75.0
1060.0,2.0,2.0,42.0
1120.0,2.0,2.0,50.0
880.0,2.0,2.0,50.0
1083.0,2.0,2.0,32.49
1435.0,3.0,3.0,57.2
1425.0,3.0,2.0,56.99
900.0,2.0,2.0,50.0
2400.0,5.0,5.0,93.0
693.0,1.0,1.0,34.3
600.0,3.0,3.0,90.0
2435.0,4.0,4.0,119.0
1920.0,3.0,3.0,150.0
630.0,1.0,1.0,47.0
1075.0,3.0,2.0,50.0
1200.0,5.0,5.0,101.0
705.0,1.0,1.0,55.0
1200.0,3.0,2.0,75.6
1532.0,2.0,2.0,62.0
1330.0,2.0,2.0,93.0
1200.0,4.0,3.0,210.0
1530.0,3.0,2.0,60.0
1105.0,2.0,2.0,42.0
1566.0,2.0,2.0,180.0
1630.0,3.0,3.0,95.1
1256.0,2.0,2.0,62.8
1200.0,6.0,6.0,180.0
1595.0,3.0,2.0,75.0
1000.0,2.0,2.0,53.0
1475.0,3.0,2.0,58.99
2400.0,5.0,5.0,285.0
1000.0,2.0,2.0,28.88
2360.0,4.0,4.0,650.0
1737.0,3.0,2.0,95.0
1000.0,2.0,2.0,28.88
2100.0,4.0,4.0,150.0
3600.0,8.0,6.0,145.0
883.0,2.0,2.0,50.0
1243.0,2.0,2.0,46.0
1776.0,3.0,2.0,75.0
1347.0,3.0,2.0,37.72
1330.0,3.0,2.0,55.0
600.0,2.0,2.0,120.0
3730.0,4.0,4.0,370.0
1459.0,3.0,3.0,135.0
2259.0,4.0,5.0,135.0
2700.0,7.0,4.0,160.0
1008.0,2.0,2.0,32.25
1200.0,2.0,2.0,52.5
2328.0,4.0,4.0,528.0
600.0,7.0,7.0,110.0
660.0,2.0,1.0,15.5
1800.0,3.0,2.0,250.0
3100.0,4.0,4.0,550.0
1405.0,2.0,2.0,50.58
602.0,1.0,1.0,26.0
1710.0,3.0,3.0,100.0
1500.0,3.0,2.0,82.0
1539.0,3.0,3.0,60.0
806.0,6.0,3.0,128.0
1100.0,3.0,2.0,53.0
1151.0,2.0,2.0,49.0
920.0,2.0,2.0,46.0
1350.0,3.0,3.0,78.3
1200.0,2.0,2.0,65.0
1265.0,2.0,2.0,78.0
600.0,8.0,6.0,60.0
1700.0,3.0,3.0,93.5
1600.0,3.0,3.0,75.0
1550.0,4.0,4.0,120.0
1560.0,3.0,3.0,125.0
1000.0,6.0,5.0,98.0
1243.0,2.0,2.0,46.0
1200.0,4.0,4.0,160.0
1403.0,3.0,3.0,56.0
1010.0,2.0,2.0,40.39
1416.0,3.0,3.0,94.0
1628.0,2.0,2.0,68.0
1660.4,4.0,4.0,211.0
1680.0,3.0,3.0,125.0
1595.0,3.0,3.0,62.0
1507.0,3.0,2.0,95.0
2560.0,3.0,3.0,288.0
1949.0,3.0,3.0,133.0
800.0,2.0,2.0,175.0
1000.0,2.0,2.0,28.88
905.0,2.0,2.0,50.0
2480.0,3.0,3.0,245.0
1495.0,3.0,3.0,200.0
1605.0,3.0,3.0,105.0
1290.0,2.0,2.0,73.0
1100.0,2.0,2.0,60.0
2100.0,6.0,6.0,92.0
995.0,2.0,2.0,49.8
500.0,2.0,2.0,55.0
3526.0,4.0,4.0,598.0
1425.0,3.0,2.0,47.0
1455.0,3.0,2.0,55.0
550.0,1.0,1.0,23.0
1385.0,3.0,2.0,48.48
7000.0,4.0,4.0,210.0
4000.0,5.0,3.0,130.0
1060.0,2.0,2.0,53.0
1080.0,3.0,2.0,75.0
1783.0,3.0,3.0,125.0
1520.0,3.0,2.0,90.0
1060.0,2.0,2.0,55.0
1267.0,2.0,2.0,54.35
1155.0,2.0,2.0,55.0
2500.0,3.0,3.0,180.0
1240.0,2.0,2.0,65.0
1570.0,3.0,3.0,78.0
1019.0,2.0,2.0,45.9
1355.0,2.0,3.0,76.0
1537.0,3.0,3.0,110.0
4075.0,4.0,5.0,226.0
1550.0,3.0,3.0,52.45
1100.0,2.0,2.0,50.0
1750.0,3.0,3.0,150.0
1466.0,2.0,2.0,71.0
1550.0,3.0,3.0,72.5
2300.0,3.0,4.0,102.0
540.0,1.0,1.0,22.5
950.0,3.0,3.0,130.0
2800.0,7.0,7.0,250.0
1020.0,2.0,2.0,48.0
2880.0,3.0,3.0,501.0
1987.0,3.0,4.0,165.0
1305.0,2.0,2.0,75.0
2100.0,4.0,3.0,125.0
1125.0,2.0,2.0,32.5
1225.0,2.0,2.0,49.5
1255.0,2.0,2.0,55.5
1191.0,2.0,2.0,90.0
3600.0,6.0,6.0,303.0
1165.0,2.0,2.0,33.64
865.0,2.0,2.0,35.11
1850.0,3.0,2.0,88.0
497.0,2.0,1.0,17.0
1232.0,2.0,2.0,89.0
1732.0,3.0,3.0,85.73
1614.0,3.0,2.0,100.0
600.0,2.0,1.0,22.0
2072.0,3.0,4.0,155.0
919.0,2.0,2.0,34.0
2100.0,4.0,4.0,90.0
672.0,4.0,3.0,54.0
800.0,8.0,6.0,110.0
1200.0,3.0,3.0,150.0
2849.0,4.0,5.0,250.0
1000.0,2.0,2.0,42.0
1216.0,2.0,2.0,75.0
2245.0,4.0,4.0,154.0
1476.0,3.0,3.0,125.0
1852.0,3.0,3.0,130.0
1225.0,2.0,2.0,47.0
1597.0,3.0,3.0,67.12
2423.0,3.0,4.0,160.0
1152.0,2.0,2.0,90.0
1762.0,3.0,3.0,133.0
1400.0,3.0,3.0,92.0
1530.0,3.0,2.0,74.4
2400.0,6.0,6.0,400.0
1185.0,2.0,2.0,40.17
1890.0,3.0,3.0,108.0
1247.0,3.0,2.0,58.0
700.0,8.0,4.0,104.0
1000.0,6.0,6.0,275.0
1201.0,2.0,2.0,59.99
830.0,2.0,2.0,40.0
1165.0,2.0,2.0,30.29
1100.0,2.0,1.0,55.0
1890.0,3.0,2.0,93.0
1685.0,3.0,3.0,60.0
3131.0,4.0,4.0,349.0
1165.0,2.0,2.0,43.0
827.0,2.0,2.0,45.0
396.0,3.0,2.0,48.0
1200.0,4.0,4.0,179.0
635.0,1.0,1.0,26.0
4000.0,4.0,4.0,380.0
1050.0,2.0,2.0,50.0
600.0,5.0,4.0,76.0
1819.18,3.0,3.0,168.0
1500.0,3.0,3.0,125.0
1500.0,3.0,2.0,57.0
2850.0,3.0,4.0,470.0
1751.0,3.0,3.0,72.0
4750.0,4.0,6.0,1102.0
1020.0,2.0,2.0,40.89
1148.0,2.0,2.0,43.5
1856.0,3.0,3.0,135.0
1754.0,6.0,6.0,650.0
4273.0,3.0,3.0,1100.0
1060.0,2.0,2.0,49.27
1300.0,2.0,2.0,60.0
3000.0,4.0,4.0,100.0
1325.0,2.0,2.0,65.0
1261.0,2.0,2.0,61.0
1100.0,2.0,2.0,46.0
700.0,2.0,2.0,33.0
1675.0,3.0,2.0,135.0
3400.0,4.0,4.0,190.0
3260.0,4.0,5.0,388.0
1180.0,2.0,2.0,56.0
1160.0,2.0,2.0,45.0
1863.0,4.0,3.0,105.0
1914.0,3.0,3.0,149.0
1458.0,3.0,3.0,79.0
1200.0,5.0,4.0,115.0
1105.0,2.0,2.0,40.0
3035.0,3.0,5.0,220.0
1200.0,6.0,6.0,160.0
1662.0,3.0,3.0,90.0
1556.0,3.0,3.0,86.0
918.0,2.0,2.0,50.0
1455.0,3.0,2.0,98.0
1205.0,2.0,2.0,70.0
1194.0,2.0,2.0,65.0
1200.0,2.0,2.0,75.0
1100.0,3.0,2.0,52.0
1405.0,3.0,3.0,48.87
929.0,2.0,2.0,56.0
3436.0,4.0,5.0,341.0
1035.0,2.0,2.0,39.33
2100.0,4.0,4.0,92.0
1065.0,2.0,2.0,40.47
1532.5,3.0,3.0,84.29
1500.0,6.0,6.0,150.0
1200.0,5.0,5.0,99.0
1093.0,2.0,2.0,32.78
1250.0,2.0,2.0,45.0
1680.0,3.0,3.0,105.0
1146.0,2.0,2.0,50.0
1250.0,2.0,2.0,58.0
1451.0,3.0,3.0,60.44
1424.0,3.0,2.0,55.0
1435.0,3.0,2.0,62.0
658.0,1.0,1.0,26.91
1300.0,3.0,3.0,45.0
1242.0,2.0,2.0,65.0
1910.0,3.0,3.0,119.0
1610.0,3.0,4.0,85.0
1127.0,2.0,2.0,65.0
1075.0,3.0,2.0,42.0
1155.0,2.0,2.0,51.0
1280.0,5.0,3.0,250.0
1250.0,3.0,3.0,55.0
2200.0,3.0,4.0,160.0
2400.0,3.0,3.0,150.0
876.0,2.0,2.0,29.5
1850.0,3.0,2.0,89.0
1314.0,2.0,2.0,83.0
690.0,1.0,1.0,39.8
3550.0,4.0,2.0,167.5
1230.0,2.0,2.0,55.0
920.0,2.0,2.0,37.2
1850.0,3.0,3.0,140.0
1073.0,2.0,2.0,60.0
1540.0,3.0,3.0,76.0
1550.0,3.0,3.0,63.5
1198.0,2.0,2.0,65.0
1656.0,3.0,3.0,90.0
1900.0,3.0,3.0,155.0
1910.0,3.0,3.0,142.0
1003.0,2.0,2.0,43.0
1495.0,3.0,2.0,67.0
2172.0,3.0,3.0,76.02
2400.0,4.0,4.0,358.0
1200.0,2.0,1.0,95.0
1548.0,3.0,3.0,65.0
5400.0,7.0,5.0,972.0
2856.0,4.0,5.0,154.5
1689.0,3.0,3.0,103.0
1031.0,2.0,2.0,53.0
2119.0,4.0,4.0,111.0
1200.0,2.0,2.0,46.13
1060.0,2.0,2.0,37.0
1100.0,2.0,2.0,61.0
1350.0,4.0,4.0,225.0
1050.0,5.0,4.0,80.0
1250.0,3.0,2.0,77.88
1100.0,2.0,2.0,110.0
1200.0,2.0,2.0,46.13
1420.0,3.0,2.0,46.0
1500.0,3.0,2.0,78.0
1942.0,3.0,3.0,155.0
1985.0,3.0,3.0,130.0
950.0,1.0,1.0,39.9
1200.0,3.0,4.0,80.0
1752.0,3.0,3.0,105.0
1200.0,4.0,3.0,120.0
1200.0,5.0,5.0,200.0
1480.0,3.0,2.0,84.0
600.0,3.0,4.0,81.0
1826.0,3.0,3.0,130.0
1035.0,2.0,2.0,39.33
2600.0,4.0,4.0,98.0
1667.0,3.0,3.0,92.0
934.0,2.0,2.0,55.0
1620.0,3.0,2.0,76.0
1070.0,2.0,2.0,47.0
3600.0,5.0,5.0,180.0
1280.0,3.0,2.0,60.0
1400.0,2.0,2.0,60.0
1200.0,7.0,8.0,180.0
1330.0,2.0,2.0,64.0
1012.0,2.0,2.0,54.59
1611.0,3.0,2.0,48.33
1405.0,3.0,3.0,58.0
1515.0,3.0,3.0,90.0
1830.0,3.0,4.0,150.0
1710.0,3.0,3.0,60.0
935.0,2.0,2.0,51.5
2197.0,3.0,3.0,136.0
600.0,4.0,4.0,65.0
1678.0,3.0,3.0,92.13
1410.0,3.0,2.0,80.0
1125.0,2.0,2.0,65.0
1191.0,3.0,2.0,55.38
1200.0,2.0,2.0,79.0
1525.0,3.0,2.0,67.0
1464.0,3.0,3.0,56.0
920.0,2.0,2.0,27.0
651.0,1.0,1.0,17.5
600.0,2.0,1.0,25.0
645.0,1.0,1.0,16.45
1185.0,2.0,2.0,44.0
1190.0,2.0,2.0,68.0
2856.0,4.0,5.0,158.5
1355.0,2.0,2.0,73.0
1200.0,2.0,1.0,65.0
7000.0,4.0,4.0,550.0
1200.0,6.0,4.0,110.0
500.0,1.0,2.0,24.0
1250.0,3.0,3.0,50.0
1480.0,3.0,2.0,58.0
3300.0,4.0,4.0,329.0
1583.0,3.0,2.0,70.445
1206.0,2.0,2.0,53.0
1357.0,2.0,2.0,130.0
925.0,2.0,2.0,46.5
909.0,2.0,2.0,40.9
3000.0,3.0,5.0,335.0
1100.0,2.0,2.0,55.0
3000.0,4.0,5.0,815.0
1100.0,2.0,2.0,54.0
975.0,2.0,2.0,65.0
1306.0,2.0,2.0,44.17
1200.0,4.0,4.0,95.0
610.0,1.0,1.0,39.0
1484.0,3.0,2.0,56.4
1125.0,2.0,2.0,47.0
1447.0,2.0,2.0,75.97
2882.0,4.0,5.0,158.0
750.0,4.0,4.0,88.0
2075.0,3.0,3.0,115.0
1250.0,2.0,2.0,58.0
1272.0,2.0,2.0,51.5
1050.0,4.0,3.0,125.0
625.0,2.0,2.0,24.0
840.0,1.0,2.0,50.0
2502.0,4.0,4.0,180.0
583.0,1.0,1.0,26.9
900.0,2.0,2.0,27.0
1115.0,2.0,2.0,50.0
1464.0,2.0,2.0,56.0
2200.0,3.0,3.0,121.0
750.0,1.0,1.0,51.0
1600.0,3.0,3.0,58.0
1365.0,3.0,2.0,49.0
1300.0,3.0,3.0,64.0
1200.0,1.0,1.0,69.0
1260.0,2.0,2.0,35.0
1190.0,2.0,2.0,33.92
2480.0,3.0,4.0,260.0
1250.0,3.0,3.0,38.0
1500.0,3.0,3.0,75.0
1510.0,3.0,3.0,47.57
1187.0,2.0,2.0,59.0
1120.0,2.0,2.0,53.76
1115.0,2.0,2.0,34.555
1717.0,3.0,3.0,99.0
2099.0,3.0,3.0,95.0
1100.0,2.0,2.0,58.0
1200.0,1.0,1.0,48.0
1465.0,3.0,2.0,45.87
1500.0,1.0,1.0,75.0
4050.0,5.0,4.0,600.0
1255.0,3.0,2.0,90.0
1220.0,2.0,2.0,88.0
1065.0,2.0,2.0,30.88
1765.0,3.0,3.0,80.0
1281.0,2.0,2.0,87.0
1210.0,2.0,2.0,25.0
1215.0,2.0,2.0,43.0
1200.0,4.0,3.0,87.0
1237.0,2.0,2.0,73.0
1300.0,2.0,2.0,70.0
1105.0,2.0,2.0,39.99
1505.0,3.0,2.0,42.0
3900.0,4.0,5.0,310.0
1186.0,2.0,2.0,65.0
900.0,4.0,3.0,51.0
750.0,2.0,2.0,35.5
1083.0,2.0,2.0,28.0
1430.0,3.0,2.0,78.65
1056.0,2.0,2.0,68.0
2108.0,3.0,3.0,85.0
1650.0,3.0,3.0,101.0
1220.0,3.0,3.0,36.6
1198.0,2.0,2.0,54.0
1190.0,2.0,2.0,70.0
900.0,2.0,2.0,41.0
2690.0,4.0,4.0,185.0
1340.0,2.0,2.0,65.0
2940.0,4.0,3.0,2250.0
2400.0,6.0,6.0,400.0
1260.0,2.0,2.0,59.2
2254.0,3.0,3.0,153.0
2990.0,3.0,5.0,210.0
1800.0,4.0,5.0,250.0
820.0,2.0,2.0,45.0
1296.0,2.0,2.0,65.0
1190.0,2.0,2.0,53.55
1173.0,2.0,2.0,77.0
1800.0,3.0,3.0,90.0
1102.0,2.0,2.0,52.0
913.0,2.0,2.0,36.0
1176.0,3.0,2.0,35.27
1620.0,3.0,3.0,65.0
2968.0,3.0,3.0,225.0
1519.0,2.0,2.0,65.0
1345.0,2.0,2.0,106.0
1594.0,3.0,3.0,99.0
1250.0,2.0,2.0,68.0
1056.0,2.0,2.0,60.0
1200.0,3.0,3.0,68.4
1290.0,2.0,1.0,77.5
1150.0,2.0,2.0,48.0
1464.0,2.0,2.0,145.0
1200.0,4.0,2.0,36.0
861.0,2.0,2.0,36.5
1047.0,2.0,2.0,82.62
1200.0,2.0,2.0,75.0
1200.0,10.0,10.0,190.0
1065.0,2.0,2.0,45.0
2300.0,3.0,3.0,369.0
1000.0,2.0,2.0,62.0
1682.0,3.0,3.0,113.0
1756.0,3.0,3.0,131.0
4000.0,5.0,4.0,1000.0
1050.0,4.0,4.0,90.0
1238.0,2.0,2.0,67.32
814.0,2.0,2.0,42.0
1145.0,2.0,2.0,46.5
965.0,2.0,2.0,34.0
750.0,2.0,2.0,36.0
1300.0,3.0,2.0,55.0
1590.0,3.0,3.0,131.0
644.0,1.0,1.0,40.0
982.0,2.0,2.0,37.0
1260.0,2.0,2.0,100.0
1555.0,3.0,3.0,75.17
2500.0,4.0,4.0,450.0
1225.0,2.0,2.0,48.0
1085.0,2.0,2.0,46.0
1640.0,3.0,3.0,220.0
1595.0,3.0,3.0,110.0
1196.0,2.0,2.0,40.44
1859.0,3.0,3.0,108.0
1079.0,2.0,2.0,60.0
550.0,2.0,1.0,27.0
1118.0,2.0,2.0,42.0
1198.0,2.0,2.0,60.0
1162.5,3.0,2.0,30.215
1830.0,3.0,4.0,135.0
1160.0,2.0,2.0,59.0
1485.0,3.0,2.0,156.0
2070.0,3.0,3.0,135.0
750.0,6.0,4.0,150.0
957.0,2.0,2.0,52.5
2400.0,5.0,4.0,310.0
1268.0,2.0,2.0,69.0
1450.0,3.0,2.0,87.0
1600.0,3.0,2.0,75.0
1330.0,3.0,2.0,57.0
1355.0,3.0,2.0,65.0
1272.0,2.0,2.0,51.5
1100.0,2.0,2.0,38.49
1220.0,3.0,3.0,58.0
1075.0,2.0,2.0,46.76
800.0,2.0,2.0,55.0
995.0,2.0,2.0,34.82
900.0,2.0,1.0,44.0
1140.0,2.0,2.0,42.0
1480.0,3.0,2.0,125.0
1710.0,3.0,2.0,90.63
2106.0,3.0,3.0,148.0
2400.0,9.0,6.0,270.0
3800.0,3.0,2.0,130.0
800.0,3.0,3.0,120.0
1602.0,2.0,2.0,104.0
1660.0,3.0,2.0,116.0
1549.0,3.0,3.0,80.0
700.0,1.0,1.0,38.0
1012.0,2.0,2.0,64.0
1469.0,3.0,3.0,89.0
1216.0,2.0,2.0,69.0
1065.0,2.0,2.0,56.13
1411.0,3.0,3.0,93.15
1400.0,2.0,2.0,57.5
1250.0,3.0,3.0,29.0
1245.0,2.0,2.0,62.0
1115.0,2.0,2.0,50.0
1000.0,2.0,2.0,35.0
1580.0,3.0,3.0,71.89
1800.0,3.0,3.0,90.0
1500.0,2.0,2.0,130.0
645.0,1.0,1.0,16.45
1275.0,3.0,3.0,44.0
1494.0,3.0,3.0,82.0
1949.0,3.0,3.0,129.0
1020.0,2.0,2.0,46.5
883.0,2.0,2.0,45.0
3200.0,4.0,4.0,280.0
1680.0,6.0,6.0,125.0
2232.0,12.0,6.0,300.0
2010.0,3.0,3.0,125.0
1240.0,2.0,2.0,80.0
1213.0,2.0,2.0,63.0
1835.0,3.0,3.0,88.0
1800.0,9.0,10.0,185.0
2932.0,4.0,5.0,195.0
3425.0,4.0,5.0,250.0
945.0,2.0,2.0,45.0
1504.0,3.0,2.0,100.0
1569.0,3.0,3.0,150.0
1755.0,3.0,3.0,130.0
1760.0,3.0,3.0,140.0
1240.0,2.0,2.0,43.94
1450.0,3.0,3.0,72.54
1000.0,2.0,2.0,48.0
3820.0,1.0,1.0,306.0
2000.0,5.0,4.0,145.0
1215.0,2.0,2.0,59.0
1330.0,3.0,3.0,73.5
1178.0,2.0,2.0,75.0
1500.0,4.0,4.0,192.0
2040.0,2.0,2.0,59.0
2000.0,3.0,3.0,85.0
1602.0,3.0,2.0,165.0
1200.0,4.0,4.0,130.0
1194.0,2.0,2.0,46.0
1800.0,3.0,3.0,220.0
2400.0,3.0,2.0,152.0
1700.0,3.0,3.0,108.0
1200.0,3.0,3.0,65.0
1500.0,3.0,3.0,72.0
1240.0,3.0,3.0,165.0
3000.0,3.0,3.0,400.0
1737.0,3.0,3.0,85.0
900.0,2.0,2.0,55.0
1280.0,3.0,2.0,48.0
1560.0,2.0,2.0,85.0
883.0,2.0,2.0,44.0
750.0,2.0,2.0,33.0
2400.0,4.0,3.0,140.0
900.0,2.0,2.0,45.0
1030.0,2.0,2.0,49.35
1850.0,3.0,3.0,155.0
1831.0,3.0,3.0,110.0
1095.0,2.0,2.0,38.33
1320.0,3.0,2.0,38.13
1272.5,3.0,2.0,40.72
1000.0,2.0,2.0,61.0
1820.0,3.0,3.0,85.4
1075.0,3.0,2.0,41.0
1500.0,3.0,3.0,83.0
360.0,1.0,1.0,16.9
925.0,1.0,1.0,40.7
1140.0,2.0,2.0,70.93
1145.0,2.0,2.0,58.4
1862.0,3.0,3.0,120.0
947.0,2.0,2.0,43.0
700.0,3.0,3.0,195.0
1120.0,2.0,2.0,40.0
2700.0,3.0,3.0,200.0
1805.0,3.0,2.0,75.0
1100.0,2.0,2.0,93.0
1355.0,4.0,3.0,135.0
1677.0,3.0,3.0,98.0
2500.0,8.0,8.0,95.0
1560.0,3.0,3.0,74.0
2060.0,3.0,3.0,150.0
1716.0,3.0,2.0,115.0
1864.0,3.0,3.0,140.0
638.0,1.0,1.0,32.0
1200.0,9.0,7.0,95.0
1150.0,8.0,9.0,170.0
937.0,2.0,2.0,30.0
1490.0,3.0,2.0,115.0
4856.0,4.0,5.0,410.0
4003.0,4.0,6.0,525.0
1100.0,2.0,2.0,37.0
1000.0,2.0,2.0,48.53
1060.0,2.0,2.0,37.0
1047.0,2.0,2.0,91.0
1200.0,2.0,2.0,80.0
1420.0,3.0,2.0,75.0
1539.0,3.0,3.0,85.0
1550.0,3.0,3.0,59.0
1555.0,3.0,3.0,82.0
600.0,7.0,6.0,138.0
1553.0,3.0,3.0,68.0
920.0,2.0,2.0,26.0
1740.0,3.0,3.0,120.0
1855.0,3.0,3.0,145.0
1724.0,3.0,3.0,146.0
1020.0,2.0,2.0,60.0
1000.0,6.0,4.0,150.0
1250.0,3.0,2.0,50.0
1450.0,3.0,3.0,75.0
1200.0,2.0,2.0,80.0
1140.0,2.0,2.0,58.0
900.0,5.0,5.0,110.0
550.0,1.0,1.0,16.0
1450.0,3.0,3.0,44.0
700.0,2.0,2.0,35.07
1200.0,3.0,3.0,56.0
1050.0,2.0,2.0,45.0
1600.0,3.0,3.0,69.0
1625.0,3.0,2.0,75.0
1492.0,2.0,2.0,65.0
2856.0,4.0,5.0,157.5
1489.0,3.0,2.0,82.0
1560.0,3.0,2.0,62.38
1140.0,2.0,2.0,42.0
1431.0,3.0,3.0,65.0
1682.0,3.0,3.0,114.0
1198.0,2.0,2.0,86.26
3664.0,3.0,3.0,325.0
1550.0,3.0,2.0,69.75
1026.0,2.0,2.0,45.0
1260.0,3.0,2.0,52.0
690.0,2.0,2.0,42.0
539.0,1.0,1.0,45.0
1200.0,4.0,4.0,85.0
2400.0,3.0,3.0,120.0
1200.0,2.0,2.0,79.55
2500.0,4.0,5.0,350.0
1186.0,3.0,2.0,40.0
1039.0,2.0,2.0,39.5
1500.0,4.0,5.0,233.0
1500.0,5.0,4.0,100.0
2520.0,3.0,3.0,150.0
1225.0,2.0,2.0,66.5
1350.0,2.0,2.0,72.0
1030.0,2.0,2.0,300.0
1550.0,3.0,2.0,49.6
1490.0,3.0,3.0,79.0
1520.0,3.0,3.0,111.0
4100.0,4.0,4.0,550.0
1391.0,3.0,2.0,64.5
1200.0,2.0,2.0,50.0
1200.0,4.0,4.0,86.0
2500.0,5.0,6.0,500.0
1322.0,2.0,2.0,80.0
2173.0,3.0,3.0,128.0
1200.0,2.0,2.0,75.0
1200.0,2.0,2.0,47.0
1170.0,2.0,2.0,65.0
1125.0,2.0,2.0,45.56
698.5,1.0,1.0,28.57
1250.0,2.0,2.0,90.0
1025.0,2.0,2.0,27.68
1075.0,3.0,2.0,36.0
1900.0,3.0,2.0,190.0
1435.0,3.0,3.0,45.0
1175.0,2.0,2.0,64.98
1464.0,3.0,3.0,56.0
900.0,2.0,2.0,33.0
585.0,1.0,1.0,21.0
3170.0,4.0,5.0,230.0
1602.0,3.0,2.0,170.0
1220.0,2.0,2.0,42.0
2500.0,3.0,3.0,350.0
2145.0,3.0,3.0,180.0
960.0,2.0,2.0,58.0
907.0,1.0,1.0,38.0
1210.0,2.0,2.0,74.0
900.0,4.0,4.0,150.0
1230.0,2.0,2.0,70.0
1350.0,3.0,2.0,75.0
1150.0,2.0,2.0,58.0
1404.0,3.0,2.0,53.35
1050.0,2.0,2.0,48.0
1020.0,8.0,10.0,155.0
1285.0,2.0,2.0,56.0
1018.0,2.0,2.0,50.8
1200.0,3.0,3.0,57.0
1115.0,2.0,2.0,50.0
1600.0,3.0,3.0,95.0
1480.0,2.0,2.0,80.0
2500.0,5.0,7.0,125.0
480.0,1.0,1.0,25.0
1435.0,3.0,3.0,53.0
450.0,1.0,1.0,60.0
600.0,1.0,2.0,23.0
1590.0,3.0,2.0,85.0
936.0,2.0,2.0,40.2
1181.0,2.0,2.0,75.0
1741.0,3.0,3.0,80.0
1750.0,3.0,3.0,123.0
1050.0,2.0,2.0,42.7
1027.0,2.0,2.0,60.0
596.0,2.0,2.0,22.0
3463.0,4.0,6.0,310.0
1600.0,3.0,3.0,70.0
2790.0,4.0,5.0,198.0
1000.0,2.0,2.0,60.0
1120.0,2.0,2.0,44.24
1200.0,2.0,2.0,85.0
1200.0,2.0,2.0,35.0
1570.0,3.0,3.0,110.0
1500.0,3.0,3.0,135.0
1315.0,2.0,2.0,140.0
1140.0,2.0,2.0,33.84
1105.0,2.0,2.0,90.0
1200.0,2.0,2.0,34.65
905.0,1.0,1.0,62.0
2400.0,4.0,4.0,350.0
1185.0,2.0,2.0,50.0
1083.0,2.0,2.0,100.0
1458.0,3.0,3.0,60.0
1555.0,3.0,3.0,75.0
1200.0,2.0,2.0,45.0
1308.0,2.0,2.0,58.86
1024.0,2.0,2.0,44.0
1194.0,2.0,2.0,47.0
1450.0,3.0,3.0,75.0
1639.0,3.0,3.0,120.0
1870.0,3.0,3.0,138.0
1232.0,2.0,2.0,87.0
1719.0,3.0,3.0,184.0
975.0,2.0,2.0,24.86
2000.0,3.0,4.0,130.0
1230.0,2.0,2.0,79.0
1350.0,4.0,4.0,140.0
1076.0,2.0,2.0,67.0
2400.0,7.0,7.0,125.0
995.0,3.0,2.0,34.82
2120.0,3.0,3.0,177.0
2400.0,6.0,7.0,460.0
850.0,6.0,6.0,78.0
1096.0,2.0,2.0,40.55
1107.83,2.0,2.0,41.51
505.0,1.0,1.0,85.0
1320.0,2.0,2.0,115.0
1431.5,3.0,3.0,72.02
1320.0,2.0,2.0,99.26
2901.0,3.0,4.0,190.0
1315.0,3.0,2.0,65.0
1000.0,2.0,2.0,44.0
1596.0,3.0,3.0,79.8
1750.0,3.0,3.0,130.0
2403.0,4.0,4.0,270.0
1350.0,3.0,3.0,47.25
4062.5,4.0,2.0,341.0
1175.0,2.0,2.0,79.0
921.0,2.0,2.0,29.47
4000.0,4.0,4.0,1100.0
1713.0,3.0,3.0,125.0
1200.0,2.0,2.0,43.0
1900.0,3.0,4.0,90.0
1664.0,3.0,3.0,68.0
1795.0,3.0,3.0,139.0
600.0,1.0,1.0,19.5
1240.0,2.0,2.0,65.0
1965.0,3.0,4.0,132.0
600.0,3.0,4.0,99.0
4111.0,4.0,4.0,370.0
1200.0,2.0,2.0,59.76
1112.0,2.0,2.0,68.0
3000.0,3.0,3.0,60.0
1136.0,2.0,2.0,64.5
914.0,2.0,2.0,55.0
1270.0,3.0,2.0,50.79
1050.0,2.0,2.0,47.25
1385.0,3.0,2.0,68.5
990.0,2.0,2.0,35.0
845.0,2.0,2.0,43.0
1485.0,2.0,2.0,96.51
1460.0,3.0,2.0,43.79
1450.0,2.0,2.0,57.0
1360.0,3.0,2.0,53.0
1375.0,2.0,2.0,58.0
1125.0,2.0,2.0,48.0
720.0,1.0,1.0,60.0
1460.0,3.0,2.0,100.0
1107.0,2.0,2.0,40.0
1158.0,2.0,2.0,75.0
800.0,2.0,1.0,30.0
600.0,9.0,9.0,90.0
1760.0,3.0,3.0,128.0
3200.0,4.0,4.0,200.0
600.0,2.0,3.0,145.0
1350.0,3.0,3.0,60.0
600.0,6.0,6.0,100.0
1125.0,2.0,2.0,32.49
1706.0,3.0,3.0,154.0
1600.0,3.0,3.0,112.0
1200.0,2.0,2.0,90.0
1755.0,3.0,3.0,101.0
1200.0,2.0,2.0,50.0
1200.0,2.0,2.0,67.0
1266.67,2.0,2.0,69.0
1800.0,3.0,3.0,90.0
1200.0,3.0,4.0,275.0
1300.0,3.0,3.0,64.0
800.0,3.0,3.0,60.0
4800.0,4.0,5.0,550.0
1029.5,2.0,2.0,50.855
1128.0,2.0,2.0,40.0
2000.0,2.0,2.0,160.0
1210.0,2.0,2.0,80.0
2710.0,4.0,6.0,142.0
1151.0,2.0,2.0,39.0
7500.0,5.0,8.0,1700.0
1464.0,3.0,3.0,56.0
1017.0,2.0,2.0,27.0
920.0,2.0,2.0,40.0
1200.0,4.0,3.0,180.0
1000.0,5.0,5.0,140.0
1750.0,3.0,3.0,86.5
1163.0,2.0,2.0,65.0
1650.0,3.0,3.0,110.0
1800.0,3.0,3.0,95.0
1100.0,2.0,2.0,58.0
1200.0,2.0,2.0,60.0
1410.0,3.0,3.0,65.0
1933.0,3.0,3.0,98.0
1200.0,2.0,2.0,45.6
1608.0,3.0,2.0,63.0
2679.0,4.0,5.0,280.0
1156.0,2.0,2.0,46.9
1230.0,2.0,2.0,75.0
770.0,1.0,1.0,43.82
1777.26,3.0,3.0,105.0
1339.0,2.0,2.0,85.0
3044.0,3.0,3.0,183.0
1080.0,2.0,2.0,44.8
3150.0,8.0,5.0,145.0
2400.0,2.0,2.0,135.0
1450.0,3.0,3.0,72.0
1075.0,2.0,2.0,53.0
1163.0,3.0,2.0,62.0
1200.0,2.0,2.0,65.0
1200.0,8.0,8.0,135.0
3090.0,4.0,4.0,325.0
1299.0,2.0,2.0,100.0
1130.0,2.0,2.0,32.63
1170.0,2.0,2.0,75.0
2195.0,3.0,2.0,152.0
2600.0,4.0,4.0,175.0
1140.0,2.0,2.0,43.32
1900.0,3.0,3.0,125.0
1090.0,2.0,2.0,31.48
1110.0,2.0,2.0,39.95
705.0,1.0,1.0,57.0
1089.0,2.0,2.0,60.0
880.0,2.0,2.0,48.0
1080.0,2.0,2.0,32.0
1093.0,2.0,2.0,68.1
1480.0,3.0,3.0,75.48
1703.0,3.0,3.0,125.0
1200.0,2.0,2.0,60.0
1690.0,3.0,3.0,116.0
1305.0,2.0,2.0,78.0
1257.0,3.0,2.0,40.22
1150.0,2.0,2.0,45.0
1194.0,2.0,2.0,55.0
2000.0,3.0,3.0,90.0
1500.0,3.0,4.0,99.0
1025.0,2.0,2.0,42.5
980.0,2.0,2.0,38.19
1200.0,3.0,2.0,100.0
2225.0,3.0,3.0,149.0
1022.0,2.0,2.0,57.0
882.0,4.0,3.0,72.0
1153.0,2.0,2.0,45.0
1175.0,2.0,2.0,60.0
1560.0,3.0,3.0,68.0
650.0,1.0,1.0,17.0
600.0,3.0,3.0,65.0
1350.0,2.0,3.0,55.0
1200.0,2.0,2.0,76.0
1200.0,2.0,1.0,54.0
800.0,2.0,2.0,25.0
2093.0,4.0,4.0,104.0
1320.0,3.0,2.0,55.44
1275.0,2.0,2.0,73.0
1215.0,2.0,2.0,43.13
1130.0,2.0,2.0,45.2
1444.0,3.0,2.0,71.5
950.0,2.0,2.0,38.0
1000.0,2.0,1.0,90.0
1240.0,3.0,2.0,59.52
600.0,4.0,4.0,125.0
1231.0,2.0,2.0,50.0
1300.0,2.0,2.0,120.0
1713.0,3.0,3.0,110.0
1200.0,2.0,2.0,53.33
3004.0,3.0,4.0,158.0
1310.0,3.0,2.0,46.0
790.0,2.0,2.0,49.5
1744.0,3.0,3.0,200.0
1605.0,3.0,3.0,100.0
1250.0,2.0,2.0,82.0
2476.0,3.0,3.0,337.0
1260.0,3.0,2.0,76.0
1615.0,3.0,3.0,175.0
1180.0,2.0,2.0,56.0
1255.0,3.0,2.0,50.19
1025.0,2.0,2.0,53.9
1877.0,3.0,4.0,150.0
1649.0,3.0,3.0,150.0
2600.0,9.0,12.0,675.0
2500.0,5.0,5.0,125.0
1542.0,3.0,3.0,98.0
1418.0,2.0,2.0,105.0
1012.0,2.0,2.0,42.0
1200.0,2.0,2.0,65.0
1115.0,2.0,2.0,43.0
1680.0,3.0,4.0,95.0
1171.0,2.0,2.0,72.0
1027.0,2.0,2.0,68.62
1700.0,3.0,3.0,75.0
1090.0,2.0,2.0,38.15
1232.0,2.0,2.0,74.0
766.0,2.0,2.0,28.0
1200.0,5.0,5.0,180.0
525.0,1.0,1.0,27.0
1452.0,3.0,2.0,41.0
1254.0,3.0,2.0,65.0
3600.0,5.0,5.0,110.0
1593.0,3.0,3.0,118.0
1333.0,2.0,2.0,77.27
1100.0,3.0,3.0,110.0
1375.0,3.0,2.0,54.99
1650.0,3.0,3.0,82.0
1430.0,3.0,2.0,51.48
940.0,2.0,2.0,54.0
435.0,1.0,1.0,21.0
1160.0,2.0,2.0,36.54
1500.0,3.0,2.0,77.5
1890.0,3.0,2.0,100.0
1050.0,2.0,2.0,70.0
1200.0,6.0,6.0,220.0
1027.0,2.0,2.0,43.0
1495.0,3.0,2.0,61.28
3000.0,3.0,4.0,235.0
1459.0,3.0,2.0,95.0
1711.0,3.0,3.0,85.61
1250.0,2.0,2.0,98.0
645.0,1.0,1.0,16.45
875.0,2.0,2.0,57.0
1334.0,2.0,2.0,67.0
1140.0,2.0,2.0,32.92
1115.0,2.0,2.0,50.0
1200.0,3.0,5.0,200.0
1776.0,3.0,3.0,190.0
2072.0,3.0,4.0,160.0
1600.0,3.0,3.0,170.0
1200.0,6.0,4.0,115.0
920.0,2.0,2.0,39.0
778.0,2.0,2.0,25.29
1310.0,4.0,3.0,95.0
1631.0,3.0,3.0,80.0
525.0,1.0,1.0,27.5
1395.0,3.0,3.0,82.0
2000.0,3.0,3.0,105.0
1232.0,2.0,2.0,66.0
1075.0,2.0,2.0,55.0
1205.0,2.0,2.0,70.0
1200.0,4.0,4.0,165.0
2340.0,4.0,5.0,129.0
1179.0,3.0,2.0,55.0
1013.0,2.0,2.0,51.0
1160.0,2.0,2.0,40.6
1200.0,2.0,2.0,62.5
1200.0,7.0,5.0,80.0
1255.0,3.0,2.0,50.19
1100.0,3.0,2.0,145.0
1069.0,2.0,2.0,55.0
1200.0,3.0,3.0,99.0
1400.0,1.0,1.0,285.0
1065.0,2.0,2.0,55.0
1395.0,2.0,2.0,75.0
1725.0,3.0,2.0,165.0
1007.0,2.0,2.0,43.0
1436.0,3.0,2.0,55.0
4250.0,6.0,6.0,150.0
1645.0,3.0,3.0,117.0
1200.0,2.0,2.0,58.0
940.0,2.0,2.0,43.61
4300.0,6.0,6.0,175.0
2850.0,3.0,5.0,343.0
1740.0,3.0,3.0,191.0
1194.0,2.0,2.0,47.0
3761.0,3.0,3.0,650.0
1829.0,3.0,3.0,125.0
1800.0,4.0,4.0,178.0
1000.0,2.0,2.0,60.0
5720.0,3.0,3.0,350.0
800.0,5.0,4.0,98.0
675.0,2.0,1.0,15.0
1390.0,2.0,2.0,95.0
1500.0,3.0,3.0,104.0
2047.0,3.0,3.0,136.0
1202.0,2.0,2.0,79.0
1012.0,2.0,2.0,59.0
2132.0,3.0,3.0,80.0
1350.0,4.0,4.0,340.0
605.0,1.0,1.0,40.0
1331.0,2.0,2.0,88.0
1200.0,2.0,2.0,69.0
1150.0,2.0,2.0,250.0
1200.0,2.0,2.0,136.0
1800.0,2.0,2.0,300.0
600.0,3.0,2.0,50.0
1280.0,3.0,2.0,49.0
1007.0,2.0,2.0,62.0
1370.0,3.0,2.0,61.0
925.0,2.0,2.0,35.0
1500.0,2.0,2.0,75.0
450.0,1.0,1.0,12.5
1200.0,4.0,4.0,140.0
1341.0,2.0,2.0,95.0
1350.0,3.0,2.0,47.25
992.0,2.0,2.0,60.0
1163.0,2.0,2.0,68.0
1229.0,2.0,2.0,70.0
600.0,2.0,2.0,39.0
1219.0,2.0,2.0,61.26
1525.0,3.0,2.0,99.13
1147.0,2.0,2.0,60.0
1412.0,3.0,2.0,88.0
1200.0,9.0,9.0,215.0
1044.0,2.0,2.0,34.77
1190.0,2.0,2.0,63.0
1240.0,3.0,2.0,65.0
1352.0,3.0,3.0,65.0
1100.0,2.0,2.0,55.0
1330.0,3.0,2.0,39.9
1700.0,3.0,3.0,111.0
1355.0,2.0,2.0,67.0
1200.0,2.0,2.0,46.0
400.0,1.0,2.0,25.0
1342.0,2.0,2.0,70.0
1615.0,3.0,3.0,50.87
1340.0,2.0,2.0,65.0
1200.0,2.0,2.0,54.0
400.0,1.0,1.0,55.0
1080.0,2.0,2.0,52.0
1600.0,2.0,2.0,31.0
1200.0,2.0,2.0,34.0
2700.0,3.0,3.0,150.0
1780.0,3.0,3.0,110.0
1605.0,3.0,3.0,65.0
7200.0,4.0,5.0,1584.0
646.0,3.0,2.0,65.0
1200.0,2.0,2.0,80.0
900.0,2.0,2.0,49.0
1830.0,3.0,3.0,88.0
690.0,5.0,4.0,83.0
650.0,1.0,1.0,500.0
1800.0,5.0,4.0,68.0
715.0,3.0,2.0,32.0
1230.0,3.0,2.0,31.37
1065.0,2.0,2.0,42.59
1350.0,8.0,8.0,185.0
1080.0,3.0,3.0,149.0
900.0,3.0,2.0,65.0
946.0,2.0,2.0,45.0
1500.0,1.0,1.0,60.0
1711.0,3.0,3.0,110.0
1200.0,4.0,3.0,160.0
950.0,2.0,2.0,25.65
1656.0,3.0,3.0,80.0
1075.0,2.0,2.0,46.76
1752.12,3.0,3.0,133.0
6000.0,8.0,8.0,220.0
1540.0,3.0,3.0,85.0
600.0,4.0,4.0,125.0
665.0,1.0,1.0,32.0
1665.0,3.0,3.0,110.0
1145.0,2.0,2.0,54.0
1185.0,2.0,2.0,41.0
1200.0,3.0,3.0,190.0
1693.0,3.0,3.0,125.0
2456.0,3.0,3.0,220.0
2559.0,3.0,3.0,403.0
1155.0,2.0,2.0,40.6
1610.0,3.0,2.0,64.4
1200.0,3.0,3.0,56.58
1530.0,2.0,2.0,185.0
1709.0,3.0,3.0,80.0
600.0,4.0,4.0,60.0
2700.0,8.0,8.0,290.0
840.0,1.0,1.0,150.0
1400.0,3.0,2.0,50.0
1200.0,2.0,2.0,42.0
1439.0,3.0,3.0,57.23
1375.0,2.0,2.0,72.0
2990.0,5.0,5.0,416.0
1200.0,3.0,2.0,75.0
1315.0,2.0,2.0,75.0
1500.0,2.0,2.0,40.0
3600.0,6.0,6.0,200.0
1178.0,2.0,2.0,82.0
1430.0,3.0,3.0,59.0
1400.0,3.0,2.0,65.8
1093.0,2.0,2.0,72.0
1200.0,2.0,2.0,45.0
5000.0,5.0,6.0,360.0
1200.0,3.0,2.0,130.0
2210.0,3.0,3.0,156.0
1150.0,2.0,2.0,70.0
1435.0,3.0,2.0,60.0
600.0,4.0,3.0,100.0
1173.0,2.0,2.0,78.2
1140.0,2.0,2.0,39.0
1717.0,3.0,3.0,120.0
1325.0,2.0,2.0,65.0
1370.0,3.0,3.0,67.0
1025.0,2.0,2.0,90.0
1409.0,3.0,2.0,62.0
1200.0,2.0,2.0,52.0
1200.0,2.0,2.0,53.5
1740.0,3.0,4.0,130.0
1232.0,2.0,2.0,88.0
1200.0,2.0,2.0,36.0
5924.0,4.0,4.0,625.0
1250.0,2.0,2.0,50.0
1475.0,2.0,2.0,171.0
2100.0,4.0,4.0,85.0
552.0,1.0,1.0,23.5
1065.0,3.0,2.0,42.59
1000.0,3.0,3.0,130.0
1225.0,2.0,2.0,65.0
650.0,1.0,1.0,16.0
1067.0,2.0,2.0,52.0
1364.0,3.0,2.0,56.0
1750.0,3.0,3.0,75.0
1240.0,2.0,2.0,71.0
1200.0,2.0,2.0,75.0
1540.0,3.0,3.0,75.0
1504.0,3.0,2.0,102.0
1116.0,2.0,2.0,49.8
2365.0,3.0,4.0,175.0
1308.0,2.0,2.0,37.0
864.0,2.0,2.0,45.0
1200.0,5.0,5.0,139.0
1069.0,3.0,2.0,38.0
1333.0,2.0,2.0,100.0
1800.0,4.0,4.0,145.0
6136.0,4.0,4.0,550.0
1698.0,3.0,3.0,107.0
1275.0,3.0,2.0,43.6
1060.0,2.0,2.0,48.0
1160.0,2.0,2.0,49.0
1484.0,3.0,2.0,65.0
675.0,3.0,3.0,70.0
1200.0,3.0,5.0,325.0
1310.0,2.0,2.0,66.0
1806.0,6.0,6.0,370.0
3000.0,4.0,4.0,240.0
2145.0,3.0,3.0,165.0
1693.0,3.0,3.0,125.0
1230.0,3.0,3.0,60.0
1200.0,3.0,3.0,145.0
1310.0,3.0,2.0,37.83
1150.0,2.0,2.0,60.0
1385.0,3.0,2.0,66.5
1066.0,2.0,2.0,52.5
2293.0,3.0,3.0,80.26
720.0,3.0,3.0,81.0
1625.0,3.0,3.0,92.0
1246.0,2.0,2.0,67.4
2100.0,4.0,6.0,252.0
2400.0,4.0,4.0,250.0
3900.0,6.0,6.0,195.0
1000.0,2.0,2.0,70.65
907.0,2.0,2.0,38.0
3500.0,4.0,4.0,138.0
1395.0,3.0,2.0,79.0
1180.0,2.0,2.0,50.0
1903.0,5.0,6.0,140.0
1175.0,2.0,2.0,47.0
1272.0,2.0,2.0,51.5
1490.0,3.0,2.0,92.0
1144.0,2.0,2.0,67.0
2400.0,4.0,5.0,140.0
1143.0,2.0,2.0,53.0
2500.0,3.0,3.0,190.0
1216.0,2.0,2.0,75.0
1044.0,2.0,2.0,60.0
1352.0,2.0,3.0,93.0
1552.0,3.0,3.0,75.0
1785.0,3.0,3.0,120.0
810.0,2.0,2.0,34.5
1650.0,3.0,3.0,51.98
1595.0,3.0,3.0,70.39
1060.0,2.0,2.0,35.0
1410.0,3.0,2.0,65.0
1523.0,3.0,2.0,56.0
1591.0,3.0,3.0,122.0
1640.0,3.0,3.0,84.0
450.0,1.0,1.0,16.0
1305.0,3.0,2.0,60.0
1590.0,3.0,3.0,54.0
1240.0,2.0,2.0,45.0
1200.0,2.0,2.0,54.0
1100.0,2.0,2.0,41.16
1180.0,2.0,2.0,128.0
1115.0,2.0,2.0,50.0
845.0,2.0,2.0,33.0
1567.2,3.0,2.0,190.0
1310.0,3.0,2.0,45.0
26136.0,1.0,1.0,150.0
959.0,2.0,2.0,42.5
1200.0,4.0,4.0,140.0
883.0,2.0,2.0,37.0
1050.0,2.0,2.0,55.5
1390.0,2.0,2.0,70.21
1280.0,3.0,2.0,69.0
1280.0,7.0,5.0,150.0
1614.0,3.0,3.0,95.0
1000.0,2.0,2.0,58.0
1196.0,2.0,2.0,57.9
1220.0,3.0,3.0,57.0
950.0,2.0,2.0,31.95
2400.0,9.0,8.0,325.0
1141.0,2.0,2.0,55.0
1200.0,2.0,2.0,51.0
1380.0,3.0,2.0,55.0
855.0,2.0,2.0,32.0
645.0,1.0,1.0,16.45
922.0,2.0,2.0,36.0
1200.0,2.0,2.0,43.2
1240.0,3.0,2.0,65.0
1070.0,2.0,2.0,42.0
1293.0,2.0,2.0,75.0
1380.0,3.0,2.0,50.0
1599.0,3.0,3.0,80.0
967.0,2.0,2.0,41.1
1885.0,3.0,3.0,90.0
860.0,2.0,2.0,65.5
1075.0,1.0,1.0,19.5
1050.0,2.0,2.0,63.5
1595.0,3.0,3.0,88.0
1350.0,2.0,2.0,102.0
1204.0,2.0,2.0,45.0
2990.0,4.0,4.0,240.0
1035.0,2.0,2.0,49.0
1000.0,2.0,2.0,29.95
1457.0,3.0,3.0,85.0
1194.0,2.0,2.0,47.0
1100.0,2.0,2.0,66.0
1655.0,3.0,3.0,120.0
1691.2,3.0,3.0,115.0
1215.0,2.0,2.0,46.1
1155.0,2.0,2.0,50.125
1639.0,3.0,3.0,129.0
1685.0,3.0,3.0,135.0
1008.0,5.0,4.0,180.0
1100.0,2.0,2.0,38.0
2122.0,3.0,3.0,125.0
1050.0,2.0,2.0,47.0
1230.0,2.0,2.0,45.0
1240.0,3.0,3.0,60.0
1252.0,3.0,2.0,65.0
1374.0,3.0,2.0,88.0
500.0,1.0,1.0,30.0
1200.0,8.0,8.0,225.0
1355.0,3.0,3.0,83.87
1040.0,2.0,2.0,45.0
1350.0,2.0,2.0,68.0
4003.0,4.0,6.0,300.0
2400.0,3.0,3.0,135.0
1560.0,3.0,3.0,90.0
1151.0,2.0,2.0,43.16
1360.0,3.0,2.0,47.59
1250.0,2.0,2.0,60.0
1110.0,3.0,2.0,29.97
1015.0,2.0,2.0,50.0
1351.0,3.0,2.0,78.0
960.0,2.0,2.0,50.0
1110.0,2.0,2.0,52.0
1680.0,3.0,3.0,72.0
2400.0,3.0,3.0,180.0
11000.0,4.0,5.0,2000.0
1350.0,3.0,3.0,48.6
1254.0,2.0,2.0,47.0
1255.0,3.0,3.0,115.0
1051.0,2.0,2.0,61.0
1200.0,3.0,3.0,205.0
1099.0,2.0,2.0,65.0
2650.0,3.0,4.0,199.0
2000.0,4.0,2.0,160.0
1541.0,2.0,2.0,130.0
1200.0,3.0,3.0,70.0
1125.0,2.0,2.0,45.0
1650.0,3.0,3.0,85.0
834.0,1.0,1.0,62.0
1320.0,3.0,3.0,60.0
1200.0,3.0,3.0,149.0
1000.0,8.0,7.0,160.0
1500.0,3.0,3.0,74.0
4400.0,4.0,5.0,500.0
600.0,1.0,1.0,52.0
1180.0,2.0,2.0,70.0
1010.0,2.0,2.0,50.0
1070.0,2.0,2.0,38.0
1580.0,3.0,3.0,105.0
1200.0,4.0,5.0,325.0
2000.0,3.0,3.0,165.0
1920.0,3.0,3.0,130.0
1200.0,3.0,2.0,76.0
1040.0,2.0,2.0,45.0
1430.0,3.0,2.0,90.0
1215.0,3.0,2.0,52.85
650.0,1.0,1.0,70.0
1564.0,3.0,3.0,105.0
800.0,3.0,2.0,52.0
750.0,2.0,2.0,58.0
1200.0,2.0,2.0,60.0
1128.0,2.0,2.0,48.79
1200.0,2.0,2.0,44.4
2000.0,4.0,4.0,135.0
2750.0,3.0,3.0,260.0
2400.0,4.0,4.0,480.0
1650.0,3.0,3.0,105.0
1235.0,2.0,2.0,148.0
1200.0,2.0,2.0,55.0
900.0,6.0,5.0,100.0
985.0,2.0,2.0,42.0
1475.0,3.0,2.0,63.0
3450.0,3.0,5.0,348.0
1157.0,3.0,2.0,53.99
900.0,2.0,2.0,35.0
2500.0,4.0,3.0,120.0
1030.0,2.0,2.0,60.0
1000.0,2.0,2.0,46.0
3800.0,4.0,3.0,325.0
4260.0,4.0,4.0,333.0
1950.0,5.0,6.0,175.0
1570.0,3.0,2.0,65.94
1283.0,2.0,2.0,68.0
875.0,3.0,2.0,40.0
1200.0,2.0,2.0,52.0
2700.0,3.0,3.0,500.0
2400.0,3.0,2.0,180.0
1250.0,3.0,2.0,68.75
3630.0,4.0,6.0,196.0
990.0,2.0,2.0,37.62
1199.0,2.0,2.0,85.0
1280.0,2.0,2.0,90.0
2750.0,4.0,4.0,413.0
1190.0,2.0,2.0,55.0
1100.0,2.0,2.0,60.0
2075.0,3.0,3.0,175.0
1133.0,2.0,2.0,55.0
2400.0,4.0,3.0,140.0
1280.0,2.0,2.0,69.0
1250.0,3.0,3.0,65.0
1565.0,3.0,2.0,49.3
1900.0,3.0,3.0,65.0
1080.0,2.0,2.0,45.0
600.0,1.0,1.0,47.0
1240.0,3.0,4.0,180.0
1335.0,3.0,2.0,87.0
1246.0,2.0,2.0,67.3
3496.5,3.0,2.0,237.5
1385.0,3.0,3.0,55.0
1578.0,3.0,3.0,73.9
1140.0,2.0,2.0,46.0
1700.0,3.0,3.0,79.9
1050.0,4.0,4.0,90.0
1120.0,2.0,2.0,70.0
435.0,1.0,1.0,22.0
1116.0,2.0,2.0,51.89
1480.0,3.0,3.0,95.0
1000.0,2.0,2.0,50.0
1145.0,2.0,2.0,46.0
800.0,2.0,1.0,32.0
1265.0,2.0,2.0,83.0
1700.0,3.0,3.0,88.2
1475.0,2.0,2.0,70.0
1265.0,2.0,2.0,55.0
1200.0,2.0,2.0,58.0
2180.0,3.0,3.0,210.0
1080.0,2.0,2.0,50.0
2023.0,3.0,4.0,130.0
2400.0,2.0,2.0,125.0
1545.0,3.0,2.0,66.0
1804.0,3.0,3.0,166.0
1200.0,2.0,2.0,200.0
1350.0,3.0,2.0,58.0
1108.0,2.0,2.0,74.23
1730.0,3.0,3.0,115.0
1427.0,3.0,2.0,70.0
935.0,2.0,2.0,35.53
1073.0,2.0,2.0,31.77
960.0,2.0,2.0,37.0
2215.0,3.0,4.0,150.0
1125.0,2.0,2.0,32.49
1230.0,2.0,2.0,55.0
1438.0,2.0,2.0,89.0
1080.0,2.0,2.0,75.0
1200.0,3.0,3.0,125.0
1200.0,2.0,1.0,103.0
1590.0,3.0,3.0,58.0
1350.0,3.0,3.0,68.0
1400.0,3.0,2.0,48.0
1560.0,3.0,2.0,72.0
1810.0,4.0,3.0,57.0
2274.24,3.0,4.0,160.0
1484.0,3.0,3.0,74.18
1650.0,3.0,3.0,220.0
1455.0,3.0,2.0,55.0
2280.0,3.0,4.0,184.0
4900.0,5.0,5.0,980.0
2079.0,3.0,3.0,220.0
1351.0,2.0,2.0,74.0
1223.0,3.0,2.0,42.81
1430.0,3.0,2.0,61.0
3589.0,4.0,5.0,400.0
1310.0,3.0,2.0,37.83
1800.0,4.0,4.0,300.0
1120.0,4.0,4.0,175.0
984.0,2.0,2.0,55.0
1770.0,3.0,3.0,100.0
900.0,2.0,3.0,105.0
1350.0,5.0,5.0,120.0
1447.0,2.0,2.0,75.97
1140.0,2.0,2.0,60.0
1170.0,2.0,2.0,34.0
1160.0,2.0,2.0,46.39
1296.0,2.0,2.0,89.0
1570.0,3.0,3.0,80.0
1495.0,3.0,2.0,65.0
1530.0,3.0,2.0,67.0
900.0,5.0,4.0,140.0
1800.0,3.0,3.0,70.0
1088.0,2.0,2.0,48.0
1533.0,3.0,3.0,98.18
1100.0,2.0,2.0,68.0
1540.0,3.0,3.0,90.0
1244.0,2.0,3.0,48.0
1040.0,2.0,2.0,68.59
1034.0,6.0,6.0,101.0
1260.0,2.0,2.0,39.69
1180.0,2.0,2.0,41.3
1245.0,2.0,2.0,100.0
1350.0,3.0,3.0,75.0
1464.0,3.0,3.0,56.0
470.0,1.0,2.0,10.0
920.0,2.0,2.0,60.0
2300.0,6.0,7.0,160.0
1124.0,2.0,2.0,30.35
2095.0,4.0,3.0,109.0
1100.0,2.0,2.0,71.42
1019.0,2.0,2.0,58.0
1756.0,3.0,3.0,128.0
1280.0,3.0,3.0,50.0
1200.0,4.0,3.0,125.0
1700.0,3.0,3.0,150.0
2134.0,3.0,4.0,118.0
1369.1,2.0,2.0,98.0
600.0,3.0,3.0,69.0
1313.0,3.0,4.0,150.0
2515.0,3.0,4.0,155.0
2215.0,3.0,4.0,154.0
1440.0,3.0,3.0,72.0
1186.0,3.0,2.0,55.33
1350.0,3.0,2.0,47.24
1800.0,3.0,3.0,140.0
1600.0,3.0,3.0,79.0
1000.0,2.0,2.0,35.0
2275.0,3.0,3.0,285.0
1305.0,3.0,2.0,59.0
1740.0,3.0,3.0,150.0
900.0,2.0,2.0,90.0
1567.0,2.0,3.0,140.0
1082.0,3.0,2.0,45.5
1050.0,2.0,2.0,80.0
1200.0,2.0,2.0,56.0
3500.0,3.0,4.0,185.0
1220.0,2.0,2.0,52.0
1970.0,3.0,3.0,164.0
2665.0,3.0,3.0,350.0
2130.0,4.0,4.0,120.0
1749.0,3.0,3.0,120.0
1260.0,2.0,2.0,108.0
1170.0,2.0,2.0,120.0
1670.0,3.0,3.0,75.0
2264.0,3.0,3.0,168.0
3500.0,4.0,5.0,450.0
1100.0,2.0,2.0,55.0
674.0,2.0,1.0,19.9
1320.0,2.0,2.0,160.0
600.0,4.0,4.0,85.0
1125.0,2.0,2.0,65.0
1125.0,2.0,2.0,44.5
700.0,2.0,2.0,29.0
1300.0,3.0,2.0,75.0
1600.0,3.0,3.0,83.0
1052.0,3.0,2.0,60.0
1140.0,4.0,3.0,145.0
1130.0,2.0,2.0,36.0
1140.0,4.0,3.0,225.0
2200.0,3.0,3.0,220.0
1500.0,3.0,2.0,63.0
1350.0,3.0,3.0,47.25
1230.0,3.0,2.0,52.0
1520.0,3.0,2.0,85.0
525.0,1.0,1.0,26.25
1040.0,2.0,2.0,61.0
1300.0,3.0,2.0,67.0
2690.0,4.0,4.0,201.0
780.0,1.0,1.0,70.0
1140.0,2.0,2.0,51.2
1225.0,3.0,3.0,33.08
646.0,1.0,1.0,25.84
1600.0,3.0,3.0,150.0
1890.0,3.0,4.0,125.0
1050.0,2.0,2.0,34.0
1200.0,6.0,4.0,100.0
1458.0,3.0,2.0,62.0
1200.0,5.0,6.0,86.0
1970.0,3.0,3.0,160.0
1808.0,3.0,4.0,80.0
1007.0,2.0,2.0,67.0
1105.0,2.0,2.0,50.0
1700.0,3.0,3.0,150.0
1170.0,2.0,2.0,50.0
1080.0,2.0,2.0,45.0
1150.0,3.0,2.0,62.0
1200.0,2.0,2.0,57.9
1200.0,2.0,2.0,54.0
1656.0,3.0,3.0,75.0
600.0,4.0,4.0,87.0
1040.0,2.0,2.0,50.0
1085.0,2.0,2.0,33.7
1215.0,3.0,2.0,49.75
2150.0,4.0,4.0,115.0
1100.0,4.0,4.0,120.0
1210.0,2.0,2.0,77.0
1050.0,2.0,2.0,55.0
600.0,3.0,3.0,70.0
1920.0,3.0,3.0,150.0
1250.0,3.0,2.0,50.0
947.55,2.0,2.0,80.0
1421.0,2.0,2.0,90.0
1050.0,6.0,4.0,155.0
1425.0,3.0,2.0,74.31
1162.0,2.0,2.0,58.0
905.0,1.0,1.0,60.0
914.0,2.0,2.0,32.0
1258.0,2.0,2.0,58.0
1100.0,4.0,4.0,220.0
3500.0,4.0,4.0,289.0
2400.0,7.0,6.0,450.0
4200.0,4.0,4.0,800.0
1537.0,3.0,2.0,70.0
1230.0,3.0,2.0,53.51
2400.0,6.0,5.0,300.0
2250.0,3.0,3.0,200.0
2000.0,4.0,4.0,69.0
3000.0,8.0,4.0,130.0
2600.0,4.0,4.0,325.0
3200.0,4.0,3.0,250.0
950.0,2.0,2.0,32.0
4000.0,4.0,4.0,200.0
1282.0,3.0,2.0,48.72
1304.0,2.0,2.0,111.0
2100.0,3.0,3.0,200.0
1220.0,3.0,2.0,49.0
1636.0,3.0,3.0,85.0
1415.0,3.0,3.0,65.0
1728.0,3.0,3.0,125.0
1680.0,3.0,3.0,125.0
1235.0,2.0,2.0,140.0
900.0,4.0,2.0,115.0
3990.0,4.0,4.0,260.0
1495.0,2.0,2.0,83.0
1500.0,5.0,5.0,175.0
2501.0,3.0,3.0,138.0
381.0,1.0,1.0,28.0
3301.8,4.0,5.0,570.0
2002.0,3.0,3.0,120.0
3200.0,3.0,3.0,260.0
1200.0,2.0,2.0,70.0
1500.0,4.0,3.0,235.0
1942.0,3.0,3.0,90.0
1522.5,3.0,2.0,60.75
660.0,1.0,1.0,95.0
1200.0,4.0,6.0,170.0
1450.0,3.0,3.0,90.0
1039.0,2.0,2.0,50.0
1210.0,2.0,2.0,80.0
995.0,2.0,1.0,24.88
1620.0,3.0,3.0,90.0
3204.0,3.0,4.0,395.0
3408.0,3.0,3.0,260.0
1314.0,2.0,2.0,55.0
945.0,2.0,2.0,33.0
1374.0,3.0,3.0,72.0
1603.0,3.0,3.0,113.0
1230.0,3.0,2.0,52.0
670.0,1.0,1.0,50.0
1864.0,4.0,3.0,105.0
2500.0,3.0,3.0,100.0
1625.0,3.0,2.0,54.0
1186.0,2.0,2.0,55.0
1500.0,8.0,7.0,382.0
770.0,2.0,1.0,39.9
1085.0,2.0,2.0,45.0
3754.0,4.0,6.0,480.0
1893.0,3.0,3.0,115.0
600.0,4.0,3.0,65.0
1496.0,3.0,2.0,78.0
1305.0,3.0,3.0,33.28
1550.0,3.0,2.0,82.0
1200.0,3.0,2.0,58.17
1494.0,3.0,2.0,94.55
1286.0,2.0,2.0,69.0
600.0,3.0,4.0,100.0
1860.0,3.0,3.0,95.0
425.0,1.0,1.0,750.0
1243.0,2.0,2.0,45.0
1200.0,2.0,2.0,75.0
1044.0,2.0,2.0,32.0
1040.0,2.0,2.0,41.59
1125.0,2.0,2.0,36.94
3489.0,3.0,3.0,662.0
1278.0,3.0,2.0,59.0
2400.0,6.0,6.0,98.0
1250.0,2.0,2.0,43.0
2400.0,5.0,6.0,125.0
4166.0,5.0,5.0,560.0
1210.0,2.0,2.0,75.0
1200.0,4.0,3.0,110.0
1157.0,3.0,2.0,57.84
1185.0,2.0,2.0,51.15
1450.0,3.0,3.0,100.0
1859.0,3.0,3.0,121.0
1763.0,2.0,3.0,262.0
900.0,2.0,1.0,25.0
1305.0,3.0,3.0,60.0
1200.0,3.0,2.0,100.0
784.0,1.0,1.0,35.285
1150.0,2.0,2.0,36.8
1806.0,3.0,3.0,85.0
1027.0,2.0,2.0,42.0
1002.0,2.0,2.0,40.08
1220.0,3.0,2.0,36.21
1109.0,2.0,2.0,35.22
1002.0,2.0,2.0,40.08
1308.0,2.0,2.0,89.04
1232.0,2.0,2.0,69.6
1027.0,2.0,2.0,44.0
1250.0,2.0,2.0,65.0
900.0,6.0,6.0,170.0
960.0,4.0,4.0,80.0
1255.0,2.0,2.0,53.87
1434.0,3.0,3.0,84.0
925.0,2.0,2.0,30.0
1858.0,3.0,3.0,123.0
1205.0,2.0,2.0,70.0
1500.0,3.0,3.0,90.0
1200.0,3.0,3.0,200.0
1020.0,2.0,2.0,48.95
965.0,2.0,2.0,56.0
1800.0,5.0,6.0,270.0
1200.0,6.0,4.0,90.0
1636.0,2.0,2.0,82.89
1724.0,3.0,3.0,125.0
1216.0,2.0,2.0,67.0
654.0,1.0,1.0,36.25
2460.0,4.0,7.0,80.0
1190.0,2.0,2.0,41.0
1200.0,7.0,5.0,180.0
1636.0,3.0,3.0,92.0
1195.0,2.0,2.0,73.0
2400.0,3.0,3.0,251.0
1250.0,2.0,2.0,67.0
1452.0,3.0,3.0,90.0
1546.0,3.0,3.0,95.0
3385.5,4.0,6.0,142.0
1440.0,3.0,3.0,275.0
2260.0,2.0,3.0,80.0
2700.0,4.0,3.0,90.0
1475.0,2.0,2.0,171.0
3000.0,4.0,3.0,150.0
375.0,1.0,1.0,26.0
1007.0,2.0,2.0,66.0
5422.0,4.0,6.0,1900.0
1020.0,2.0,2.0,47.0
1000.0,2.0,2.0,150.0
800.0,2.0,3.0,59.5
1200.0,5.0,3.0,95.0
1125.0,2.0,2.0,55.0
1150.0,9.0,9.0,140.0
909.0,3.0,2.0,43.0
2850.0,4.0,5.0,240.0
1400.0,2.0,2.0,85.0
1152.0,2.0,2.0,61.0
958.0,2.0,2.0,34.49
1150.0,2.0,2.0,55.0
2990.0,3.0,5.0,173.0
1310.0,2.0,2.0,85.0
1590.0,3.0,2.0,126.0
1645.0,3.0,3.0,110.0
1800.0,3.0,2.0,100.0
1795.0,3.0,3.0,150.0
1100.0,2.0,2.0,35.0
777.0,1.0,1.0,38.535
925.0,2.0,2.0,70.0
1542.14,3.0,3.0,120.0
3746.0,4.0,6.0,375.0
1430.0,3.0,2.0,54.0
1020.0,2.0,2.0,55.0
750.0,4.0,2.0,42.0
1140.0,2.0,2.0,32.92
967.0,3.0,2.0,45.0
2470.0,4.0,4.0,203.0
850.0,2.0,1.0,35.5
1100.0,2.0,2.0,32.0
1697.0,3.0,3.0,110.0
1250.0,2.0,2.0,47.0
1120.0,2.0,2.0,50.0
1200.0,4.0,4.0,95.0
5100.0,5.0,6.0,375.0
2400.0,4.0,3.0,480.0
1200.0,2.0,2.0,52.0
1100.0,2.0,2.0,44.0
1417.0,3.0,2.0,76.0
1492.0,3.0,3.0,88.0
1498.0,3.0,3.0,79.15
3500.0,4.0,2.0,350.0
1010.0,2.0,2.0,48.27
1255.0,2.0,2.0,53.5
1050.0,2.0,2.0,35.0
1847.0,3.0,3.0,125.0
1200.0,2.0,2.0,55.0
982.0,2.0,2.0,37.28
2144.6,3.0,4.0,145.0
750.0,2.0,2.0,36.5
919.0,2.0,2.0,35.0
1087.0,2.0,2.0,54.3
1480.0,3.0,3.0,74.0
1180.0,2.0,2.0,52.0
2100.0,3.0,4.0,255.0
1221.0,3.0,3.0,65.0
1194.0,2.0,2.0,46.0
2072.0,3.0,3.0,122.0
1600.0,3.0,3.0,69.0
2200.0,3.0,3.0,98.0
1640.0,3.0,3.0,220.0
1253.0,2.0,2.0,81.5
1061.0,2.0,2.0,54.92
1950.0,3.0,3.0,115.0
1250.0,2.0,2.0,68.0
1585.0,3.0,2.0,80.0
1452.0,3.0,3.0,60.98
1015.0,2.0,2.0,37.0
2464.5,4.0,6.0,118.0
1125.0,2.0,2.0,56.8
1116.0,2.0,2.0,40.0
400.0,1.0,1.0,35.0
4000.0,4.0,4.0,325.0
3900.0,4.0,4.0,410.0
1300.0,2.0,2.0,100.0
1419.0,2.0,2.0,60.42
1310.0,3.0,2.0,55.0
2072.0,3.0,4.0,152.0
1240.0,2.0,2.0,58.58
1565.0,3.0,3.0,98.91
1820.0,3.0,3.0,89.0
2500.0,3.0,3.0,88.0
3657.0,5.0,5.0,310.0
1245.0,2.0,2.0,62.0
1315.0,3.0,3.0,65.0
1410.0,3.0,2.0,73.0
1375.0,2.0,2.0,60.0
1299.0,2.0,2.0,95.0
993.0,2.0,2.0,45.5
1200.0,2.0,3.0,45.0
985.0,2.0,2.0,156.0
2400.0,4.0,5.0,180.0
1255.0,3.0,2.0,95.0
1655.0,3.0,3.0,131.0
2830.0,4.0,5.0,190.0
6000.0,1.0,1.0,276.0
550.0,2.0,1.0,15.0
825.0,1.0,2.0,40.0
1634.0,3.0,3.0,111.0
1200.0,8.0,6.0,105.0
1222.0,2.0,2.0,80.0
1500.0,3.0,3.0,63.0
1890.0,3.0,4.0,100.0
3750.0,4.0,6.0,375.0
850.0,2.0,1.0,39.5
1295.0,2.0,2.0,78.5
1320.0,2.0,2.0,100.0
950.0,4.0,3.0,179.0
1200.0,4.0,4.0,225.0
3000.0,4.0,3.0,170.0
1197.0,2.0,2.0,82.0
1320.0,3.0,2.0,60.0
1180.0,5.0,5.0,98.5
840.0,1.0,1.0,57.6
640.0,1.0,1.0,19.83
1693.0,3.0,3.0,71.38
1000.0,2.0,2.0,62.0
1305.0,2.0,2.0,70.0
450.0,1.0,1.0,18.0
705.0,1.0,1.0,57.0
750.0,4.0,6.0,75.0
4800.0,5.0,5.0,150.0
5000.0,4.0,5.0,600.0
5000.0,4.0,4.0,425.0
1991.0,3.0,3.0,104.0
1779.0,3.0,3.0,90.0
10200.0,4.0,4.0,1250.0
870.0,2.0,2.0,38.0
1595.0,3.0,3.0,120.0
525.0,1.0,1.0,26.0
945.0,4.0,5.0,120.0
2400.0,6.0,4.0,420.0
2000.0,3.0,4.0,138.0
1614.0,3.0,3.0,93.0
1200.0,2.0,2.0,40.0
1150.0,3.0,3.0,46.0
3200.0,4.0,4.0,440.0
1610.0,3.0,3.0,80.48
1190.0,2.0,2.0,41.0
1050.0,2.0,2.0,50.0
4800.0,4.0,5.0,420.0
1460.0,3.0,2.0,97.0
3400.0,3.0,3.0,400.0
600.0,1.0,1.0,33.0
1569.0,3.0,3.0,70.0
2600.0,3.0,3.0,147.0
645.0,1.0,1.0,42.5
1200.0,4.0,3.0,180.0
800.0,3.0,3.0,95.0
800.0,2.0,2.0,80.0
1350.0,2.0,2.0,90.0
2780.0,3.0,4.0,325.0
1410.0,3.0,2.0,45.12
1109.0,2.0,2.0,35.47
2000.0,4.0,3.0,1063.0
800.0,1.0,1.0,72.0
1215.0,2.0,2.0,68.0
1230.0,8.0,6.0,250.0
2273.0,3.0,4.0,192.0
1255.0,2.0,2.0,52.76
1020.0,2.0,2.0,49.0
1225.0,3.0,2.0,82.0
1120.0,2.0,2.0,60.0
2400.0,5.0,5.0,625.0
1225.0,3.0,2.0,69.0
5200.0,4.0,5.0,242.0
4000.0,4.0,4.0,700.0
1984.0,3.0,4.0,145.0
2425.0,3.0,3.0,197.0
1200.0,3.0,3.0,56.12
1127.0,2.0,2.0,45.0
1655.0,3.0,3.0,97.0
500.0,1.0,1.0,14.0
1200.0,3.0,3.0,68.38
1000.0,2.0,2.0,43.0
1225.0,2.0,2.0,47.88
1350.0,2.0,2.0,45.0
600.0,4.0,5.0,95.0
1175.0,2.0,2.0,49.0
655.0,1.0,1.0,27.0
1311.0,3.0,2.0,84.86
600.0,3.0,4.0,90.0
1000.0,2.0,2.0,38.5
1196.0,2.0,2.0,96.0
1050.0,3.0,2.0,59.0
1275.0,3.0,2.0,52.0
927.0,2.0,2.0,50.0
1520.0,3.0,2.0,61.0
2400.0,4.0,5.0,395.0
1333.0,2.0,2.0,104.0
600.0,1.0,1.0,18.0
1326.0,3.0,2.0,34.8
1773.5,3.0,2.0,85.125
1370.0,2.0,2.0,125.0
1100.0,2.0,2.0,85.0
1650.0,3.0,3.0,100.0
1917.0,3.0,3.0,132.0
780.0,3.0,3.0,75.0
950.0,2.0,2.0,58.11
1175.0,2.0,2.0,48.72
1089.0,2.0,2.0,43.55
1804.0,3.0,3.0,175.0
1257.0,2.0,2.0,68.5
650.0,1.0,1.0,19.87
1850.0,3.0,3.0,150.0
2800.0,4.0,4.0,200.0
945.0,2.0,2.0,40.0
1161.0,2.0,2.0,63.85
1630.0,3.0,3.0,51.35
1310.0,3.0,2.0,60.0
750.0,2.0,2.0,28.0
1200.0,3.0,3.0,67.77
1000.0,2.0,2.0,45.0
4000.0,4.0,4.0,225.0
1315.0,2.0,2.0,70.0
1370.0,3.0,2.0,90.0
1200.0,5.0,4.0,150.0
1465.0,2.0,3.0,90.0
20000.0,3.0,3.0,175.0
1128.0,2.0,2.0,64.0
1250.0,3.0,2.0,70.0
1645.0,3.0,3.0,117.0
1284.0,3.0,2.0,75.0
2600.0,3.0,3.0,199.0
1820.0,3.0,3.0,150.0
1580.0,3.0,3.0,73.0
2650.0,3.0,3.0,125.0
1215.0,2.0,2.0,68.0
1075.0,2.0,2.0,40.0
1400.0,3.0,2.0,78.0
1400.0,3.0,2.0,55.0
845.0,2.0,2.0,30.0
2600.0,4.0,4.0,40.0
3854.5,4.0,6.0,385.5
800.0,2.0,2.0,85.0
1199.0,2.0,2.0,85.0
1175.0,2.0,2.0,43.48
2400.0,3.0,3.0,270.0
1767.0,3.0,3.0,109.0
1800.0,4.0,3.0,90.0
1856.0,3.0,3.0,135.0
1200.0,3.0,3.0,140.0
1613.0,3.0,3.0,150.0
6830.0,4.0,5.0,795.0
1290.0,2.0,2.0,90.0
1375.0,2.0,2.0,78.0
985.0,2.0,2.0,57.0
1200.0,4.0,4.0,200.0
1099.0,2.0,2.0,37.5
605.0,1.0,1.0,13.31
6000.0,11.0,12.0,150.0
3600.0,7.0,7.0,160.0
1200.0,2.0,2.0,53.0
1000.0,2.0,2.0,45.0
1159.0,3.0,2.0,38.0
3692.0,5.0,5.0,340.0
600.0,2.0,2.0,80.0
2400.0,4.0,4.0,600.0
1540.0,3.0,2.0,78.0
1503.0,3.0,2.0,93.0
1850.0,3.0,4.0,120.0
1580.0,3.0,3.0,60.0
1190.0,2.0,2.0,39.25
1200.0,2.0,2.0,61.0
1000.0,7.0,7.0,250.0
850.0,2.0,1.0,19.9
2180.0,3.0,3.0,285.0
2500.0,3.0,2.0,60.0
1200.0,3.0,3.0,56.12
1500.0,3.0,2.0,52.0
1200.0,5.0,3.0,180.0
1880.0,3.0,3.0,120.0
1150.0,2.0,2.0,45.0
4408.0,4.0,4.0,344.0
924.0,2.0,2.0,35.11
7800.0,5.0,6.0,385.0
600.0,6.0,6.0,100.0
750.0,4.0,4.0,95.0
1962.0,3.0,3.0,175.0
1200.0,5.0,4.0,240.0
1765.0,3.0,3.0,77.27
1174.0,2.0,2.0,29.35
1894.0,3.0,3.0,115.0
960.0,4.0,2.0,138.0
1760.0,3.0,3.0,142.0
1768.0,3.0,3.0,95.0
1790.0,3.0,3.0,97.0
3500.0,4.0,5.0,800.0
1200.0,2.0,2.0,45.0
2540.0,4.0,4.0,160.0
1137.0,2.0,2.0,53.4
3181.0,4.0,2.0,229.0
1200.0,7.0,6.0,115.0
1568.0,3.0,2.0,100.0
4920.0,4.0,4.0,393.5
1308.0,2.0,2.0,60.0
3060.0,4.0,4.0,350.0
1200.0,3.0,2.0,41.0
800.0,1.0,1.0,32.0
530.0,1.0,1.0,13.5
873.0,3.0,2.0,40.0
3000.0,7.0,6.0,145.0
1200.0,4.0,4.0,235.0
958.0,2.0,2.0,33.53
2072.0,3.0,4.0,160.0
2273.0,3.0,3.0,159.0
600.0,3.0,3.0,90.0
760.0,1.0,1.0,50.0
1090.0,2.0,2.0,43.5
2072.0,3.0,4.0,155.0
2666.0,3.0,3.0,230.0
1550.0,3.0,2.0,89.0
1251.0,2.0,2.0,50.0
1070.0,2.0,2.0,53.0
1200.0,2.0,2.0,45.0
1435.0,3.0,2.0,60.0
1400.0,3.0,2.0,45.0
2330.0,4.0,3.0,94.71
1200.0,2.0,2.0,60.0
1000.0,2.0,2.0,40.0
1655.0,3.0,2.0,62.89
3600.0,9.0,9.0,240.0
600.0,1.0,1.0,35.0
1175.0,2.0,2.0,50.0
1155.0,2.0,2.0,40.43
1200.0,3.0,3.0,98.0
1149.0,2.0,2.0,65.0
1745.0,3.0,2.0,98.485
3200.0,4.0,4.0,375.0
1010.0,2.0,2.0,55.0
1718.0,3.0,3.0,119.0
650.0,2.0,1.0,20.0
1330.0,2.0,2.0,77.0
1200.0,2.0,2.0,68.0
1693.0,3.0,3.0,89.0
1249.0,2.0,2.0,165.0
1800.0,3.0,4.0,125.0
900.0,2.0,2.0,55.0
1020.0,2.0,2.0,46.0
1700.0,3.0,3.0,77.0
661.0,1.0,1.0,40.0
1280.0,2.0,2.0,60.16
1000.0,5.0,4.0,90.0
1170.0,2.0,2.0,48.0
933.0,1.0,2.0,58.0
1150.0,2.0,2.0,44.0
3633.0,4.0,6.0,550.0
1380.0,3.0,3.0,130.0
1050.0,2.0,2.0,64.8
1080.0,2.0,2.0,37.8
1303.0,2.0,2.0,90.0
1196.0,2.0,2.0,40.54
2500.0,5.0,3.0,180.0
1200.0,5.0,4.0,95.0
1250.0,3.0,3.0,41.0
1419.0,3.0,2.0,87.0
1200.0,2.0,2.0,49.0
1120.0,2.0,2.0,65.0
762.5,1.0,1.0,45.4
1245.0,2.0,2.0,75.0
3978.0,4.0,4.0,428.0
1093.0,2.0,2.0,34.0
1025.0,2.0,1.0,26.63
1345.0,2.0,2.0,97.0
1500.0,2.0,2.0,45.0
1180.0,2.0,2.0,86.0
1020.0,2.0,2.0,48.45
1800.0,3.0,3.0,85.0
3621.0,4.0,4.0,511.0
2008.0,3.0,3.0,170.0
1240.0,3.0,2.0,39.85
1020.0,2.0,2.0,55.0
2095.0,3.0,3.0,142.0
1362.0,3.0,3.0,62.63
694.0,1.0,1.0,30.84
1404.0,2.0,2.0,70.0
1192.0,3.0,2.0,47.0
1850.0,8.0,12.0,300.0
1050.0,4.0,1.0,35.0
1259.0,2.0,2.0,67.48
1000.0,2.0,2.0,34.0
985.0,2.0,2.0,49.97
850.0,1.0,1.0,60.0
1650.0,3.0,2.0,50.0
2400.0,5.0,3.0,320.0
1900.0,3.0,4.0,180.0
1367.0,2.0,2.0,86.0
1210.0,3.0,2.0,81.0
1190.0,2.0,2.0,48.6
1175.0,2.0,2.0,42.0
2800.0,4.0,4.0,400.0
1140.0,2.0,2.0,40.0
1095.0,2.0,2.0,33.6
782.0,1.0,1.0,19.55
1435.0,3.0,2.0,80.0
725.0,2.0,2.0,36.0
1600.0,3.0,2.0,88.0
1200.0,5.0,5.0,160.0
3205.0,4.0,4.0,300.0
720.0,4.0,3.0,95.0
1674.0,3.0,3.0,90.0
860.0,4.0,4.0,125.0
1243.0,2.0,2.0,46.0
1703.0,3.0,3.0,130.0
1350.0,3.0,3.0,71.55
1145.0,2.0,2.0,41.21
1216.0,2.0,2.0,75.0
1100.0,2.0,3.0,60.0
2425.0,4.0,5.0,201.0
2700.0,4.0,4.0,175.0
1196.0,2.0,2.0,40.54
1600.0,3.0,3.0,90.0
1510.0,3.0,3.0,47.57
3033.0,4.0,4.0,326.0
780.0,2.0,2.0,72.0
1194.0,2.0,2.0,47.0
1250.0,2.0,2.0,110.0
1480.0,5.0,4.0,169.0
1250.0,4.0,4.0,100.0
1350.0,4.0,4.0,160.0
620.0,1.0,2.0,48.0
1630.0,3.0,3.0,60.65
1020.0,2.0,2.0,45.0
1410.0,3.0,2.0,53.58
1181.7,2.0,2.0,100.0
1200.0,9.0,8.0,270.0
1691.0,3.0,3.0,113.0
1200.0,4.0,4.0,83.0
1200.0,2.0,2.0,60.0
1050.0,2.0,2.0,50.0
1300.0,3.0,3.0,77.99
1356.0,2.0,2.0,94.84
1338.0,2.0,2.0,103.0
500.0,1.0,1.0,20.0
1280.0,3.0,2.0,100.0
1531.0,3.0,3.0,51.77
11000.0,4.0,4.0,1600.0
620.0,2.0,1.0,23.5
1605.0,3.0,2.0,65.0
1917.0,3.0,3.0,110.0
1200.0,4.0,3.0,340.0
2750.0,3.0,3.0,943.0
1400.0,3.0,3.0,55.0
2625.0,3.0,3.0,175.0
1100.0,2.0,2.0,55.0
2041.0,3.0,3.0,128.0
2070.0,3.0,4.0,160.0
1110.0,3.0,3.0,59.0
1650.0,3.0,3.0,110.0
3565.0,4.0,4.0,255.0
1033.0,3.0,2.0,30.47
1142.0,2.0,2.0,65.0
1500.0,3.0,2.0,75.0
1502.0,3.0,3.0,50.0
1176.0,3.0,2.0,45.0
1063.0,2.0,2.0,32.8
1100.0,2.0,2.0,60.0
1044.0,2.0,2.0,85.0
5400.0,3.0,3.0,700.0
1216.0,2.0,2.0,60.0
1425.0,3.0,3.0,55.0
1200.0,8.0,8.0,150.0
1345.0,2.0,2.0,108.0
1248.0,2.0,2.0,130.0
1830.0,4.0,4.0,325.0
900.0,2.0,1.0,130.0
3600.0,4.0,4.0,245.0
1025.0,2.0,2.0,35.88
840.0,2.0,1.0,99.0
3050.0,3.0,2.0,90.0
1424.0,3.0,2.0,75.0
2500.0,3.0,3.0,268.0
1200.0,6.0,6.0,230.0
1285.0,2.0,2.0,45.0
1450.0,2.0,2.0,55.99
1160.0,2.0,2.0,70.0
2700.0,3.0,3.0,350.0
2000.0,3.0,2.0,95.0
1125.0,2.0,2.0,47.65
3900.0,4.0,4.0,175.0
1133.0,2.0,2.0,38.37
1240.0,2.0,2.0,60.0
1466.0,3.0,3.0,77.59
3870.0,4.0,4.0,411.0
1610.0,3.0,2.0,115.0
1220.0,3.0,3.0,56.0
1225.0,2.0,2.0,48.0
1300.0,2.0,2.0,54.0
1996.0,3.0,4.0,123.0
1320.0,3.0,2.0,55.0
1800.0,3.0,3.0,240.0
1835.0,3.0,3.0,175.0
1435.0,3.0,3.0,90.0
4097.0,3.0,3.0,400.0
1601.0,3.0,3.0,70.0
1257.0,2.0,2.0,93.0
3596.0,4.0,5.0,260.0
1309.0,2.0,2.0,95.0
1362.0,2.0,2.0,100.0
1115.0,2.0,2.0,55.0
1870.0,3.0,3.0,90.0
1322.0,2.0,2.0,61.99
1450.0,3.0,2.0,65.0
1185.0,2.0,2.0,67.0
1790.0,3.0,3.0,120.0
3450.0,3.0,4.0,208.0
1050.0,2.0,2.0,52.5
693.0,1.0,1.0,27.375
5400.0,4.0,4.0,750.0
775.0,1.0,1.0,39.0
1000.0,2.0,2.0,48.0
1183.0,2.0,2.0,77.25
1282.0,3.0,3.0,178.0
425.0,1.0,1.0,15.0
820.0,2.0,2.0,30.0
2230.0,4.0,4.0,792.0
1200.0,2.0,2.0,52.0
1151.0,2.0,2.0,43.6
1320.0,3.0,2.0,59.0
1450.0,3.0,3.0,68.0
1270.0,3.0,2.0,50.79
1847.0,3.0,3.0,123.0
1020.0,1.0,2.0,49.87
1650.0,3.0,3.0,95.0
2380.0,4.0,4.0,242.0
2400.0,3.0,2.0,78.0
1160.0,2.0,2.0,44.0
2805.0,4.0,4.0,154.0
1360.0,3.0,3.0,47.6
1089.0,2.0,2.0,49.0
1115.0,2.0,2.0,60.0
1215.0,2.0,2.0,45.0
1194.0,2.0,2.0,51.0
1536.0,3.0,3.0,104.0
1255.0,2.0,2.0,55.5
1571.0,3.0,3.0,83.0
900.0,2.0,1.0,70.0
1517.0,2.0,2.0,125.0
664.0,1.0,1.0,35.4
1230.0,2.0,2.0,58.0
1340.0,2.0,2.0,72.0
1175.0,2.0,2.0,29.38
3569.0,4.0,4.0,600.0
1240.0,2.0,2.0,43.1
1470.0,3.0,2.0,44.1
525.0,1.0,2.0,29.25
1680.0,3.0,3.0,117.0
1000.0,2.0,2.0,35.0
1071.0,2.0,2.0,51.0
1512.0,3.0,3.0,80.0
3435.0,4.0,2.0,341.0
3144.0,3.0,3.0,455.0
1190.0,2.0,2.0,60.0
1550.0,3.0,2.0,80.0
1283.0,2.0,2.0,63.22
1325.0,2.0,2.0,73.0
1105.0,2.0,2.0,35.36
1600.0,3.0,3.0,74.5
400.0,4.0,2.0,35.0
800.0,2.0,2.0,41.145
1100.0,2.0,2.0,44.55
2099.0,3.0,3.0,147.0
1365.0,3.0,2.0,72.0
1485.0,2.0,3.0,132.0
1250.0,2.0,2.0,55.0
1290.0,3.0,2.0,56.12
1170.0,2.0,2.0,46.79
1328.0,2.0,2.0,91.06
1232.0,2.0,2.0,87.0
1180.0,2.0,2.0,88.5
1350.0,3.0,3.0,66.0
3602.0,4.0,4.0,280.0
2400.0,4.0,4.0,145.0
1020.0,2.0,2.0,32.0
1410.0,3.0,2.0,49.34
2159.0,3.0,3.0,120.0
1200.0,3.0,2.0,66.0
1255.0,2.0,2.0,57.5
1074.0,2.0,2.0,42.79
1200.0,3.0,3.0,72.0
1170.0,3.0,2.0,35.41
728.5,1.0,1.0,31.315
1660.0,3.0,2.0,100.0
900.0,5.0,6.0,95.0
1850.0,6.0,3.0,175.0
510.0,1.0,1.0,34.0
1601.0,3.0,3.0,95.0
952.0,2.0,2.0,42.0
1166.0,2.0,2.0,65.0
2700.0,3.0,2.0,260.0
1900.0,4.0,3.0,97.0
1350.0,3.0,2.0,175.0
1520.0,3.0,2.0,96.0
2100.0,4.0,6.0,100.0
1175.0,2.0,2.0,50.0
1432.0,2.0,2.0,68.0
1005.0,2.0,2.0,39.77
1309.0,2.0,2.0,80.0
2251.0,3.0,4.0,370.0
1050.0,2.0,2.0,77.0
1100.0,3.0,3.0,53.0
2400.0,3.0,3.0,310.0
1565.0,3.0,2.0,56.34
940.0,2.0,2.0,56.0
1015.0,2.0,2.0,40.1
2400.0,3.0,2.0,360.0
1652.0,3.0,3.0,110.0
1100.0,2.0,2.0,52.0
2340.0,4.0,4.0,145.0
1084.0,2.0,2.0,179.0
1200.0,2.0,1.0,81.0
1400.0,3.0,3.0,69.0
2400.0,4.0,5.0,320.0
1020.0,2.0,2.0,27.43
1267.0,2.0,2.0,90.33
2439.0,4.0,4.0,185.0
1645.0,3.0,3.0,95.0
1100.0,3.0,2.0,75.0
1320.0,3.0,2.0,38.12
1000.0,2.0,2.0,29.7
5000.0,4.0,5.0,550.0
2500.0,6.0,6.0,58.0
2480.0,2.0,2.0,160.0
1086.0,2.0,2.0,44.5
416.0,1.0,1.0,18.0
1066.0,2.0,2.0,52.23
1730.0,3.0,3.0,93.0
1205.0,2.0,2.0,63.86
2500.0,4.0,5.0,175.0
960.0,2.0,2.0,55.0
1510.0,3.0,3.0,83.05
1600.0,4.0,4.0,90.0
2300.0,3.0,3.0,142.0
1000.0,2.0,2.0,63.0
1160.0,2.0,2.0,46.39
1553.0,3.0,2.0,58.23
3436.0,4.0,5.0,345.0
1134.0,2.0,2.0,45.0
600.0,4.0,4.0,80.0
2400.0,5.0,3.0,80.0
2400.0,4.0,4.0,143.0
1350.0,2.0,2.0,65.0
1032.0,2.0,2.0,42.0
1998.0,3.0,3.0,117.0
1225.0,2.0,2.0,48.0
1262.0,2.0,2.0,67.0
1842.0,3.0,3.0,115.0
1300.0,2.0,2.0,60.0
1070.0,2.0,2.0,38.6
950.0,2.0,2.0,33.0
1012.0,2.0,2.0,53.58
1000.0,2.0,2.0,70.0
1394.0,2.0,2.0,56.0
1450.0,3.0,2.0,85.0
527.0,1.0,1.0,35.0
1693.0,3.0,3.0,125.0
3122.0,4.0,6.0,235.0
1000.0,2.0,2.0,46.0
952.0,2.0,2.0,49.0
2050.0,3.0,4.0,270.0
1200.0,1.0,1.0,14.0
1410.0,3.0,2.0,64.0
1400.0,2.0,2.0,108.0
3056.0,4.0,5.0,100.0
1826.0,3.0,3.0,125.0
1689.0,3.0,3.0,103.0
1075.0,3.0,2.0,31.0
2500.0,5.0,4.0,1400.0
960.0,2.0,2.0,48.0
808.0,2.0,2.0,40.0
907.0,2.0,2.0,38.5
1300.0,2.0,2.0,55.0
1804.0,3.0,3.0,150.0
1350.0,3.0,3.0,81.0
1836.0,3.0,3.0,125.0
826.0,2.0,2.0,36.0
1200.0,2.0,2.0,68.0
3000.0,4.0,3.0,300.0
2400.0,4.0,4.0,405.0
1460.0,2.0,2.0,80.0
1200.0,4.0,4.0,140.0
965.0,2.0,2.0,56.0
2000.0,4.0,4.0,95.0
1395.0,3.0,2.0,70.0
1660.0,3.0,3.0,116.0
935.0,2.0,2.0,35.0
1180.0,2.0,2.0,39.0
1090.0,2.0,2.0,31.48
1204.0,2.0,2.0,82.0
2072.0,3.0,4.0,153.0
1056.0,2.0,2.0,65.0
985.0,2.0,2.0,62.0
1315.0,3.0,2.0,49.0
734.0,2.0,2.0,22.0
2900.0,4.0,4.0,200.0
2317.0,3.0,4.0,140.0
600.0,1.0,1.0,45.0
2200.0,4.0,3.0,115.0
656.0,2.0,2.0,25.0
400.0,1.0,1.0,11.5
666.0,1.0,1.0,36.8
3293.0,4.0,5.0,425.0
1174.0,2.0,2.0,47.0
1153.0,2.0,2.0,56.7
1000.0,4.0,4.0,90.0
2400.0,5.0,5.0,85.0
957.0,2.0,2.0,47.0
910.0,2.0,2.0,160.0
1060.0,2.0,2.0,50.0
1000.0,2.0,2.0,50.0
1843.0,3.0,3.0,88.0
1150.0,3.0,2.0,40.25
1230.0,3.0,2.0,31.37
3197.0,4.0,5.0,335.0
1703.0,3.0,3.0,130.0
1125.0,2.0,2.0,41.5
1516.0,3.0,3.0,65.0
1130.0,2.0,2.0,56.0
3596.0,4.0,5.0,279.0
1512.0,3.0,3.0,103.0
1491.0,3.0,3.0,88.0
1250.0,2.0,2.0,95.0
1650.0,3.0,3.0,90.75
1140.0,2.0,2.0,48.7
1200.0,4.0,4.0,110.0
1881.0,3.0,3.0,95.0
1100.0,3.0,3.0,56.57
2666.0,3.0,4.0,200.0
1500.0,2.0,2.0,50.0
1217.0,2.0,2.0,164.0
1197.0,2.0,2.0,50.0
2400.0,6.0,4.0,170.0
1345.0,3.0,3.0,60.0
1200.0,4.0,4.0,100.0
3230.0,4.0,5.0,165.0
1260.0,3.0,2.0,95.0
2750.0,4.0,5.0,240.0
1200.0,2.0,2.0,80.0
1650.0,3.0,3.0,52.0
600.0,1.0,1.0,45.0
1025.0,2.0,2.0,35.88
2302.5,4.0,2.0,80.59
973.0,2.0,2.0,56.0
4110.0,4.0,4.0,590.0
2533.0,3.0,3.0,425.0
1007.0,2.0,2.0,75.0
800.0,1.0,1.0,39.99
1830.0,3.0,3.0,119.0
1077.0,2.0,2.0,50.0
672.0,1.0,1.0,27.0
1280.0,3.0,3.0,87.0
865.0,2.0,2.0,40.0
1000.0,2.0,2.0,33.0
1285.0,2.0,2.0,65.0
662.0,1.0,1.0,29.0
2297.0,5.0,5.0,269.0
3750.0,5.0,6.0,295.0
1850.0,3.0,3.0,95.0
1754.0,3.0,3.0,132.0
1200.0,5.0,4.0,150.0
2200.0,5.0,7.0,350.0
1567.0,3.0,3.0,100.0
1695.0,3.0,3.0,50.0
360.0,2.0,2.0,40.0
1150.0,2.0,2.0,69.44
1690.0,3.0,3.0,85.0
2350.0,3.0,3.0,210.0
1057.0,2.0,2.0,65.0
1320.0,2.0,2.0,91.0
2119.0,4.0,4.0,111.0
1125.0,2.0,2.0,48.0
2254.0,3.0,3.0,170.0
645.0,1.0,1.0,34.18
1050.0,2.0,2.0,52.08
1040.0,2.0,2.0,41.6
1700.0,3.0,3.0,194.0
1760.0,3.0,3.0,115.0
1138.0,3.0,3.0,128.0
984.0,2.0,2.0,45.91
1140.0,2.0,2.0,38.65
3596.0,3.0,3.0,200.0
1365.0,3.0,3.0,54.0
560.0,1.0,1.0,19.0
1404.0,2.0,2.0,75.0
1540.0,4.0,4.0,45.0
1050.0,3.0,2.0,39.0
360.0,4.0,4.0,37.0
1550.0,3.0,3.0,72.5
1653.0,3.0,3.0,93.0
1194.0,2.0,2.0,47.0
1471.0,3.0,2.0,75.0
700.0,2.0,2.0,35.0
812.0,2.0,2.0,38.25
1504.0,3.0,2.0,83.0
1450.0,3.0,3.0,75.0
957.0,2.0,2.0,54.5
460.0,1.0,1.0,13.0
900.0,2.0,2.0,128.0
1050.0,2.0,2.0,75.0
1820.0,3.0,3.0,85.0
1033.0,2.0,2.0,32.0
800.0,2.0,1.0,90.0
520.0,1.0,2.0,29.0
1165.0,2.0,2.0,88.5
1280.0,2.0,2.0,61.0
1950.0,3.0,3.0,230.0
600.0,1.0,1.0,58.0
1550.0,3.0,3.0,65.1
1392.0,2.0,2.0,130.0
1221.0,3.0,3.0,75.0
1000.0,1.0,1.0,19.0
1300.0,2.0,2.0,60.0
1065.0,2.0,2.0,31.5
1209.0,3.0,2.0,65.0
375.0,1.0,1.0,40.0
7800.0,3.0,3.0,2000.0
1929.0,3.0,4.0,101.0
1255.0,2.0,2.0,84.0
1035.0,2.0,2.0,31.05
1200.0,4.0,5.0,270.0
1650.0,3.0,3.0,101.0
1275.0,3.0,2.0,65.0
1128.0,2.0,2.0,65.58
1140.0,2.0,2.0,38.55
1200.0,4.0,4.0,200.0
1183.0,2.0,2.0,58.56
1155.0,2.0,2.0,39.0
1245.0,3.0,2.0,43.57
1000.0,2.0,2.0,38.0
1040.0,2.0,2.0,75.0
2062.0,4.0,3.0,140.0
1477.0,3.0,2.0,75.0
1050.0,4.0,3.0,85.0
1525.0,3.0,2.0,65.0
1220.0,2.0,2.0,65.0
2388.0,3.0,3.0,195.0
1355.0,2.0,2.0,97.6
1141.0,2.0,2.0,62.0
1046.0,2.0,2.0,49.06
630.0,1.0,1.0,35.0
1247.0,2.0,2.0,62.35
3855.0,4.0,4.0,220.0
850.0,2.0,2.0,32.5
1120.0,2.0,2.0,36.0
800.0,8.0,8.0,285.0
1798.0,3.0,3.0,110.0
1180.0,3.0,2.0,45.0
1000.0,2.0,2.0,34.0
1216.0,2.0,2.0,82.0
900.0,2.0,2.0,65.0
1100.0,2.0,2.0,65.0
1842.0,3.0,3.0,115.0
1075.0,3.0,2.0,43.0
1495.0,2.0,3.0,88.0
1700.0,3.0,3.0,120.0
1564.0,3.0,3.0,103.0
1256.0,2.0,2.0,65.0
1047.0,2.0,2.0,89.0
1458.0,3.0,3.0,78.45
1063.0,2.0,2.0,61.17
7400.0,4.0,5.0,1850.0
1150.0,2.0,2.0,52.5
450.0,1.0,1.0,9.0
1360.0,2.0,2.0,45.0
1605.0,3.0,3.0,76.0
1200.0,3.0,4.0,205.0
1810.0,3.0,3.0,100.0
1250.0,2.0,2.0,48.5
1475.0,3.0,2.0,58.99
1100.0,2.0,3.0,125.0
850.0,2.0,2.0,25.4
1025.0,2.0,2.0,26.65
980.0,2.0,2.0,45.0
1428.0,3.0,2.0,70.0
1130.0,2.0,2.0,74.0
1592.0,3.0,3.0,125.0
2050.0,3.0,3.0,82.0
1407.0,2.0,2.0,83.87
4170.0,3.0,3.0,800.0
1585.0,3.0,3.0,84.0
1785.0,3.0,3.0,130.0
900.0,2.0,2.0,45.0
1350.0,4.0,4.0,160.0
1843.0,3.0,3.0,96.2
2375.0,4.0,3.0,260.0
1200.0,2.0,2.0,67.0
1113.0,2.0,2.0,52.0
1125.0,2.0,2.0,47.0
1200.0,3.0,3.0,56.0
1150.0,3.0,3.0,45.0
770.0,2.0,1.0,70.0
1181.0,2.0,2.0,57.0
1550.0,3.0,3.0,64.7
1200.0,2.0,2.0,86.0
1295.0,2.0,2.0,55.47
480.0,3.0,3.0,65.0
1506.0,3.0,3.0,95.0
1872.0,3.0,3.0,152.0
2900.0,4.0,4.0,240.0
1326.0,3.0,2.0,35.0
1040.0,2.0,2.0,33.28
1200.0,5.0,5.0,90.0
1020.0,2.0,2.0,48.0
1400.0,3.0,3.0,90.0
4000.0,10.0,12.0,160.0
812.0,1.0,1.0,26.0
1100.0,2.0,2.0,54.0
829.0,2.0,2.0,22.8
750.0,5.0,4.0,95.0
2700.0,4.0,4.0,350.0
1500.0,3.0,3.0,72.99
850.0,2.0,2.0,25.99
1180.0,2.0,2.0,60.0
5108.0,4.0,5.0,995.0
2215.0,3.0,4.0,150.0
1010.0,2.0,2.0,36.0
1350.0,2.0,2.0,60.0
1100.0,2.0,2.0,50.0
1450.0,3.0,2.0,62.93
1133.0,2.0,2.0,40.0
1564.0,3.0,3.0,100.0
640.0,2.0,1.0,10.5
2072.0,3.0,4.0,157.0
432.0,2.0,2.0,65.0
1460.0,3.0,2.0,51.1
600.0,1.0,2.0,35.0
1050.0,2.0,2.0,52.07
700.0,2.0,2.0,35.0
1200.0,3.0,3.0,66.0
654.0,1.0,1.0,38.0
1105.0,2.0,2.0,50.0
1800.0,3.0,3.0,150.0
1200.0,2.0,2.0,160.0
700.0,1.0,1.0,30.84
1000.0,2.0,2.0,51.0
3500.0,5.0,5.0,350.0
1240.0,3.0,2.0,63.0
1200.0,2.0,2.0,45.0
1400.0,3.0,2.0,80.0
1393.0,3.0,3.0,54.0
1140.0,2.0,2.0,50.0
1000.0,5.0,5.0,130.0
1640.0,3.0,3.0,70.0
1200.0,2.0,2.0,62.0
720.0,2.0,2.0,65.0
1650.0,3.0,3.0,68.0
2496.0,4.0,4.0,125.0
905.0,2.0,2.0,32.0
1600.0,3.0,3.0,125.0
1070.0,2.0,2.0,45.48
8400.0,4.0,5.0,1675.0
1200.0,2.0,2.0,100.0
1800.0,5.0,5.0,350.0
2600.0,4.0,4.0,115.0
1145.0,2.0,2.0,75.0
1495.0,3.0,3.0,55.0
1200.0,3.0,2.0,300.0
1400.0,3.0,3.0,53.0
1558.0,3.0,3.0,90.0
1007.0,2.0,2.0,53.0
902.0,2.0,2.0,25.26
1054.0,2.0,2.0,53.0
1135.0,3.0,2.0,39.73
996.0,2.0,2.0,49.0
1275.0,2.0,2.0,47.0
1250.0,2.0,2.0,75.0
2502.0,4.0,4.0,170.0
1394.0,2.0,2.0,52.0
1243.0,2.0,2.0,46.0
1216.0,2.0,2.0,75.0
1075.0,2.0,2.0,57.0
1500.0,3.0,3.0,120.0
1708.0,4.0,3.0,76.0
1500.0,3.0,3.0,250.0
1800.0,3.0,4.0,115.0
1532.0,2.0,2.0,65.0
1726.0,3.0,3.0,81.99
1220.0,2.0,2.0,54.89
1100.0,2.0,2.0,50.0
1530.0,3.0,3.0,40.0
840.0,2.0,2.0,28.0
1250.0,3.0,4.0,39.0
1030.0,2.0,2.0,35.0
1499.0,3.0,3.0,89.0
1280.0,3.0,2.0,55.0
1170.0,2.0,2.0,59.0
2646.0,3.0,3.0,99.0
1161.0,2.0,2.0,36.69
1633.0,2.0,2.0,72.0
1050.0,2.0,2.0,65.0
1650.0,4.0,5.0,309.0
552.5,1.0,1.0,13.26
418.0,1.0,2.0,11.5
905.0,2.0,2.0,50.0
1510.0,3.0,2.0,55.0
1390.0,3.0,2.0,60.47
1101.0,2.0,2.0,66.0
2736.0,4.0,4.0,130.0
2350.0,3.0,4.0,163.0
1056.0,2.0,2.0,55.0
1425.0,3.0,2.0,49.88
1450.0,3.0,3.0,70.0
1000.0,2.0,2.0,34.0
575.0,1.0,1.0,38.0
1350.0,3.0,2.0,47.24
2000.0,3.0,2.0,180.0
1770.0,3.0,3.0,90.0
3155.0,3.0,3.0,315.0
616.0,2.0,3.0,45.0
745.0,1.0,1.0,34.27
6500.0,7.0,7.0,104.0
2400.0,4.0,4.0,650.0
1547.0,2.0,2.0,103.0
1713.0,3.0,3.0,120.0
3300.0,4.0,4.0,430.0
1135.0,8.0,4.0,190.0
1856.0,3.0,4.0,180.0
1152.0,2.0,2.0,57.0
1100.0,2.0,2.0,46.75
2357.0,3.0,3.0,135.0
1820.0,3.0,4.0,95.0
1865.0,3.0,3.0,139.0
1240.0,2.0,2.0,65.0
1360.0,3.0,3.0,75.0
4200.0,4.0,4.0,255.0
1450.0,3.0,2.0,63.51
1139.0,2.0,2.0,72.0
1565.0,3.0,2.0,56.0
1200.0,3.0,3.0,165.0
600.0,4.0,4.0,77.0
1200.0,2.0,2.0,39.0
1855.0,3.0,3.0,140.0
1100.0,2.0,2.0,55.0
1350.0,3.0,2.0,65.0
2266.0,3.0,3.0,207.0
660.0,1.0,1.0,23.0
1490.0,2.0,2.0,150.0
1083.0,3.0,2.0,48.0
1232.0,2.0,2.0,83.0
1550.0,3.0,3.0,86.8
1227.0,2.0,2.0,70.0
1059.0,2.0,2.0,68.0
545.0,2.0,1.0,29.0
1152.0,2.0,2.0,54.0
870.0,2.0,1.0,45.0
1210.0,2.0,2.0,78.0
663.0,1.0,1.0,46.1
1464.0,3.0,2.0,135.0
1365.0,3.0,3.0,80.0
1704.0,3.0,3.0,120.0
1495.0,3.0,2.0,60.55
1256.0,2.0,2.0,73.0
883.0,2.0,2.0,49.0
1080.0,3.0,2.0,45.0
497.0,2.0,1.0,25.0
1073.0,2.0,2.0,52.36
3000.0,6.0,6.0,250.0
1300.0,2.0,2.0,32.0
662.0,1.0,1.0,45.0
1200.0,2.0,2.0,75.0
1550.0,3.0,3.0,75.0
1707.0,3.0,3.0,171.0
1310.0,2.0,2.0,80.43
1577.0,3.0,3.0,65.0
1324.0,3.0,3.0,65.0
1786.0,3.0,2.0,106.0
1174.0,2.0,2.0,75.0
565.0,1.0,1.0,33.0
1400.0,3.0,2.0,95.0
635.0,1.0,1.0,28.0
3000.0,6.0,8.0,400.0
1368.0,3.0,2.0,54.71
1450.0,3.0,3.0,55.0
1045.0,2.0,2.0,48.0
1128.0,2.0,2.0,65.4
1125.0,2.0,2.0,54.0
1195.0,2.0,2.0,62.38
630.0,1.0,2.0,70.0
1350.0,3.0,2.0,105.0
1740.0,3.0,3.0,120.0
877.0,2.0,2.0,29.0
1770.0,3.0,4.0,68.0
450.0,1.0,1.0,15.0
1000.0,2.0,2.0,55.0
1300.0,2.0,2.0,78.0
1300.0,3.0,2.0,42.0
985.0,2.0,2.0,40.39
1045.0,2.0,2.0,42.0
1250.0,2.0,2.0,62.4
2400.0,3.0,4.0,130.0
1194.0,2.0,2.0,46.0
1420.0,3.0,3.0,68.0
1720.0,3.0,3.0,83.0
1530.0,3.0,2.0,74.4
1200.0,3.0,2.0,66.0
1570.0,3.0,3.0,88.0
1157.0,3.0,2.0,74.0
535.0,2.0,1.0,20.0
1120.0,2.0,2.0,39.2
1150.0,2.0,2.0,60.0
2400.0,5.0,5.0,200.0
1215.0,2.0,2.0,68.0
1444.0,2.0,2.0,75.97
2003.0,3.0,3.0,200.0
1100.0,2.0,2.0,70.0
900.0,2.0,2.0,42.0
1372.0,3.0,2.0,43.9
4500.0,4.0,5.0,150.0
1180.0,3.0,2.0,55.5
1096.0,2.0,2.0,39.0
2504.0,3.0,3.0,138.0
1350.0,3.0,2.0,47.25
420.0,1.0,1.0,23.5
1832.0,3.0,3.0,116.0
1380.0,6.0,7.0,130.0
940.0,2.0,2.0,40.0
4290.0,4.0,5.0,625.0
1020.0,2.0,2.0,29.45
2500.0,6.0,6.0,81.0
1400.0,2.0,2.0,45.0
1675.0,3.0,3.0,65.0
708.0,2.0,2.0,32.0
1123.0,2.0,2.0,36.0
1100.0,2.0,2.0,49.49
1225.0,2.0,2.0,71.05
1683.0,3.0,3.0,140.0
410.0,1.0,1.0,15.0
2400.0,3.0,2.0,300.0
1350.0,4.0,4.0,90.0
1475.0,2.0,2.0,80.0
1120.0,2.0,2.0,49.0
1150.0,2.0,2.0,42.0
1165.0,2.0,2.0,85.0
1756.0,3.0,3.0,134.0
1409.0,2.0,2.0,95.0
1212.0,2.0,2.0,56.9
1140.0,2.0,2.0,26.49
2087.01,3.0,3.0,115.0
775.0,1.0,1.0,34.1
1700.0,3.0,3.0,118.0
1732.5,3.0,3.0,91.855
1110.0,2.0,2.0,52.0
1000.0,2.0,2.0,28.88
1550.0,7.0,7.0,160.0
2704.0,4.0,5.0,105.0
3760.0,2.0,2.0,280.0
1600.0,5.0,5.0,140.0
1205.0,2.0,2.0,64.47
1418.0,2.0,2.0,105.0
1650.0,3.0,3.0,82.0
1200.0,7.0,7.0,139.0
1150.0,2.0,2.0,38.0
3071.0,3.0,4.0,300.0
2400.0,4.0,5.0,100.0
850.0,2.0,2.0,34.0
1580.0,3.0,3.0,83.74
1216.0,2.0,2.0,84.03
381.0,1.0,1.0,28.0
4600.0,9.0,9.0,200.0
1040.0,2.0,2.0,55.0
2429.0,4.0,3.0,210.0
1260.0,3.0,2.0,49.0
1498.0,3.0,3.0,74.9
1200.0,3.0,2.0,65.0
1355.0,2.0,2.0,72.9
1450.0,3.0,3.0,65.0
1860.0,3.0,3.0,168.0
1240.0,2.0,2.0,70.0
1300.0,3.0,2.0,55.0
2500.0,4.0,5.0,245.0
1950.0,3.0,4.0,120.0
1625.0,3.0,2.0,145.0
1200.0,2.0,2.0,30.0
1101.0,2.0,2.0,66.0
1216.0,2.0,2.0,72.5
1250.0,3.0,2.0,50.0
2100.0,3.0,3.0,70.0
1470.0,3.0,3.0,54.0
1365.0,3.0,3.0,76.18
1364.0,2.0,2.0,64.79
1180.0,2.0,2.0,59.47
1800.0,3.0,3.0,130.0
1350.0,2.0,2.0,42.0
1573.0,3.0,3.0,98.0
1620.0,3.0,3.0,95.0
1072.0,2.0,2.0,42.87
560.0,1.0,1.0,21.0
1156.0,2.0,2.0,46.0
1336.0,2.0,2.0,86.0
1200.0,2.0,2.0,20.0
3400.0,4.0,4.0,235.0
1608.0,3.0,3.0,54.51
4000.0,4.0,4.0,441.0
1215.0,2.0,2.0,40.0
1100.0,2.0,2.0,166.0
1517.0,3.0,3.0,100.0
1565.0,2.0,2.0,69.0
1680.0,6.0,4.0,250.0
2025.0,3.0,4.0,115.0
1057.0,2.0,2.0,34.71
3850.0,3.0,3.0,650.0
1044.0,2.0,2.0,34.0
1695.0,3.0,3.0,125.0
1635.0,3.0,3.0,61.0
1140.0,2.0,2.0,56.0
1150.0,2.0,2.0,35.0
1110.0,2.0,2.0,110.0
1163.0,2.0,2.0,64.08
1418.0,3.0,2.0,65.0
1155.0,2.0,2.0,60.0
1115.0,2.0,2.0,78.0
2250.0,3.0,3.0,180.0
1020.0,2.0,2.0,48.45
1485.0,3.0,3.0,78.0
1920.0,4.0,5.0,250.0
1350.0,1.0,2.0,45.0
1209.0,2.0,2.0,100.0
1089.0,2.0,2.0,43.55
1445.0,2.0,2.0,82.0
1250.0,3.0,2.0,50.0
1500.0,3.0,3.0,95.0
1705.0,3.0,3.0,75.0
2200.0,3.0,3.0,160.0
2925.0,5.0,5.0,936.0
1800.0,8.0,8.0,110.0
7200.0,5.0,5.0,900.0
1830.0,3.0,3.0,90.0
1450.0,3.0,3.0,58.0
1220.0,3.0,3.0,56.0
1259.0,2.0,2.0,69.45
1260.0,3.0,2.0,73.0
2500.0,3.0,5.0,120.0
1919.0,3.0,3.0,121.0
1400.0,6.0,6.0,160.0
2050.0,3.0,3.0,120.0
1050.0,2.0,2.0,103.0
1000.0,2.0,2.0,60.0
1640.0,3.0,3.0,86.8
1488.0,3.0,2.0,65.0
1265.0,3.0,2.0,53.12
1640.0,3.0,3.0,120.0
1719.3,3.0,2.0,88.0
1200.0,4.0,4.0,130.0
1180.0,2.0,2.0,70.0
1700.0,3.0,3.0,110.0
1464.0,2.0,3.0,56.0
1800.0,6.0,6.0,68.0
1495.0,4.0,2.0,300.0
1225.0,2.0,2.0,62.0
1050.0,2.0,2.0,68.0
1691.0,3.0,3.0,120.0
2250.0,3.0,3.0,199.0
3700.0,4.0,4.0,314.0
1244.0,8.0,6.0,130.0
750.0,4.0,4.0,120.0
1190.0,2.0,2.0,42.25
1243.0,2.0,2.0,46.0
765.0,2.0,2.0,37.49
730.0,2.0,1.0,52.0
1405.0,3.0,3.0,169.0
1350.0,3.0,3.0,45.9
500.0,1.0,1.0,18.0
1200.0,2.0,2.0,55.0
1165.0,2.0,2.0,33.64
1400.0,3.0,2.0,57.0
4800.0,4.0,6.0,420.0
1668.0,3.0,2.0,120.0
700.0,1.0,1.0,35.0
1485.0,3.0,2.0,66.0
700.0,2.0,2.0,41.0
1346.0,3.0,2.0,100.0
1075.0,3.0,2.0,47.0
1050.0,2.0,2.0,43.5
1800.0,3.0,3.0,53.0
1609.0,3.0,3.0,115.0
770.0,2.0,1.0,35.0
1076.0,2.0,2.0,50.0
1052.0,2.0,2.0,51.0
1000.0,2.0,2.0,35.0
1000.0,2.0,2.0,28.88
1262.0,3.0,2.0,83.0
720.0,3.0,3.0,48.0
500.0,1.0,1.0,16.0
3500.0,4.0,4.0,700.0
1600.0,3.0,3.0,180.0
1251.0,2.0,2.0,53.0
1050.0,3.0,3.0,175.0
1140.0,2.0,2.0,49.0
1157.0,2.0,2.0,47.32
648.0,1.0,1.0,34.0
1197.0,2.0,2.0,78.0
1500.0,3.0,3.0,51.04
1185.0,2.0,2.0,51.15
2400.0,3.0,2.0,125.0
1397.0,3.0,3.0,105.0
1175.0,2.0,2.0,47.0
900.0,2.0,2.0,60.0
2710.0,3.0,3.0,170.0
1720.0,3.0,2.0,126.0
1756.0,3.0,3.0,307.0
602.0,1.0,1.0,38.0
1770.0,3.0,3.0,180.0
930.0,6.0,6.0,150.0
1295.0,2.0,2.0,43.9
1200.0,2.0,2.0,46.5
1100.0,2.0,2.0,45.0
1194.0,2.0,2.0,46.0
720.0,3.0,2.0,32.0
1476.0,3.0,3.0,105.0
1056.0,2.0,2.0,65.0
825.0,2.0,2.0,35.0
1860.0,3.0,3.0,130.0
1063.0,2.0,2.0,40.0
697.0,1.0,1.0,35.0
2400.0,1.0,2.0,230.0
1200.0,2.0,1.0,36.0
1835.0,3.0,3.0,160.0
1532.5,3.0,3.0,79.465
1147.0,2.0,2.0,75.0
1360.0,3.0,2.0,47.59
3400.0,4.0,5.0,265.0
1080.0,2.0,2.0,64.0
1010.0,2.0,2.0,40.4
2600.0,4.0,4.0,523.0
1270.0,2.0,2.0,95.0
1100.0,2.0,2.0,61.0
1410.0,2.0,3.0,92.0
1065.0,2.0,2.0,41.38
1200.0,2.0,1.0,36.0
1315.0,3.0,3.0,65.0
1650.0,3.0,3.0,200.0
1140.0,2.0,2.0,43.0
960.0,2.0,2.0,45.0
800.0,2.0,1.0,29.0
1225.0,2.0,2.0,47.0
1020.0,2.0,2.0,45.0
750.0,2.0,2.0,27.0
3000.0,3.0,3.0,550.0
535.0,1.0,1.0,35.0
1035.0,2.0,2.0,60.0
1020.0,2.0,2.0,29.45
1315.0,3.0,3.0,64.0
1350.0,3.0,2.0,130.0
1075.0,3.0,2.0,48.0
1450.0,3.0,2.0,50.0
1806.0,1.0,1.0,150.0
1350.0,2.0,2.0,99.0
1282.0,3.0,3.0,178.0
1929.0,3.0,3.0,103.0
1100.0,2.0,2.0,72.0
1800.0,3.0,3.0,110.0
1223.0,2.0,2.0,42.81
1664.0,3.0,3.0,69.89
1360.0,3.0,2.0,47.59
1158.0,2.0,2.0,67.0
1420.0,3.0,3.0,58.0
1268.0,2.0,2.0,127.0
1308.0,2.0,2.0,75.0
1485.0,3.0,3.0,140.0
1067.0,2.0,2.0,33.99
2000.0,4.0,4.0,100.0
2450.0,3.0,3.0,330.0
1152.0,2.0,2.0,42.0
1525.0,3.0,2.0,62.82
935.0,2.0,2.0,32.72
1465.0,3.0,2.0,88.0
1198.0,2.0,2.0,65.0
1145.0,2.0,2.0,63.0
1000.0,2.0,2.0,42.0
400.0,1.0,1.0,11.5
3420.0,4.0,3.0,410.0
1310.0,3.0,3.0,63.22
1861.0,3.0,3.0,92.0
1265.0,3.0,2.0,65.0
1280.0,2.0,2.0,75.0
1279.0,3.0,2.0,53.76
1200.0,3.0,2.0,66.0
680.0,2.0,3.0,60.0
1590.0,3.0,3.0,57.0
1837.0,3.0,3.0,142.0
1703.0,3.0,3.0,130.0
1293.0,3.0,2.0,80.0
700.0,2.0,2.0,35.0
1450.0,3.0,3.0,75.0
1030.0,2.0,2.0,57.0
1570.0,3.0,3.0,65.93
1000.0,2.0,2.0,60.0
1075.0,3.0,2.0,37.0
1091.0,2.0,2.0,33.82
2210.0,3.0,3.0,165.0
1738.0,3.0,3.0,110.0
1640.0,3.0,3.0,262.0
1205.0,2.0,2.0,56.58
1009.0,2.0,2.0,30.27
1200.0,5.0,4.0,240.0
3362.0,4.0,5.0,249.0
1560.0,3.0,2.0,83.3
1600.0,4.0,3.0,140.0
960.0,2.0,2.0,55.0
1330.0,3.0,2.0,46.55
1024.0,2.0,2.0,32.0
1196.0,2.0,2.0,40.54
800.0,1.0,1.0,29.5
2650.0,3.0,3.0,260.0
1080.0,2.0,2.0,60.0
1150.0,2.0,2.0,55.0
1286.0,3.0,2.0,68.0
2990.0,4.0,3.0,198.0
1150.0,2.0,2.0,90.0
1310.0,2.0,2.0,111.0
1352.0,2.0,2.0,72.0
1307.0,2.0,2.0,50.0
1500.0,4.0,4.0,89.45
1500.0,3.0,3.0,90.0
1131.0,2.0,2.0,55.975
1600.0,3.0,3.0,69.1
2835.0,4.0,4.0,241.0
682.0,1.0,1.0,36.23
2500.0,4.0,4.0,420.0
1650.0,3.0,3.0,85.5
1850.0,3.0,3.0,120.0
2000.0,4.0,4.0,85.0
982.0,2.0,2.0,25.0
2015.0,2.0,4.0,325.0
1702.0,3.0,3.0,115.0
1250.0,2.0,2.0,79.0
1240.0,2.0,2.0,40.54
1050.0,2.0,2.0,110.0
1023.0,2.0,2.0,52.59
1541.0,2.0,2.0,181.0
1275.0,2.0,2.0,105.0
1260.0,2.0,2.0,71.195
1580.0,3.0,3.0,125.0
1343.0,2.0,2.0,75.0
1365.0,3.0,3.0,52.81
1047.0,2.0,2.0,72.0
1187.0,2.0,2.0,42.0
1050.0,4.0,3.0,147.0
560.0,1.0,1.0,90.0
1000.0,3.0,2.0,120.0
1200.0,5.0,5.0,260.0
1075.0,2.0,2.0,45.0
2048.0,3.0,3.0,206.0
1090.0,2.0,2.0,57.0
1119.0,3.0,2.0,48.5
1355.0,3.0,2.0,58.25
1445.0,3.0,2.0,86.69
1314.0,6.0,5.0,120.0
6500.0,4.0,4.0,1400.0
1165.0,2.0,2.0,64.08
1081.5,2.0,2.0,38.665
1787.0,3.0,3.0,107.0
3600.0,4.0,4.0,330.0
1200.0,6.0,6.0,100.0
1020.0,2.0,2.0,29.45
1797.0,3.0,4.0,95.0
1205.0,2.0,2.0,58.0
1095.0,2.0,2.0,55.85
1560.0,3.0,2.0,98.0
1200.0,2.0,2.0,68.0
1200.0,2.0,1.0,200.0
1450.0,3.0,3.0,65.0
1496.0,3.0,2.0,718.0
1935.0,3.0,4.0,122.0
1016.0,2.0,2.0,45.0
1816.0,3.0,3.0,119.0
1680.0,3.0,3.0,125.0
2065.5,4.0,4.0,91.915
1220.0,2.0,2.0,63.0
3000.0,4.0,4.0,160.0
980.0,2.0,2.0,86.0
1200.0,4.0,4.0,210.0
1250.0,2.0,2.0,60.0
1424.0,2.0,2.0,80.0
1297.0,2.0,2.0,49.9
1300.0,3.0,3.0,170.0
1290.0,2.0,2.0,89.9
1720.0,3.0,2.0,130.0
1200.0,7.0,7.0,199.0
2320.0,3.0,2.0,160.0
1237.0,3.0,3.0,78.0
1720.0,3.0,3.0,98.97
1224.0,2.0,2.0,45.0
1780.0,3.0,3.0,107.0
4700.0,4.0,5.0,800.0
1800.0,3.0,3.0,93.0
1139.0,2.0,2.0,56.5
588.0,1.0,1.0,88.2
700.0,2.0,2.0,35.0
1150.0,1.0,1.0,52.0
1330.0,3.0,2.0,51.83
2732.0,4.0,4.0,194.0
965.0,2.0,2.0,38.0
1600.0,3.0,3.0,95.0
1464.0,2.0,2.0,56.0
3100.0,3.0,3.0,400.0
1075.0,3.0,2.0,45.0
1840.0,2.0,1.0,95.0
1223.0,3.0,3.0,39.14
1170.0,2.0,2.0,44.0
3630.0,4.0,6.0,207.0
950.0,2.0,2.0,35.0
5400.0,3.0,3.0,400.0
865.0,2.0,2.0,40.0
2400.0,4.0,4.0,89.0
1169.0,2.0,2.0,75.0
1206.0,2.0,2.0,40.0
10961.0,4.0,4.0,80.0
1683.0,3.0,3.0,110.0
1250.0,3.0,2.0,44.0
3150.0,4.0,4.0,218.0
1200.0,4.0,2.0,140.0
1234.6,3.0,3.0,104.0
492.0,1.0,1.0,40.0
600.0,2.0,1.0,27.0
1902.0,3.0,3.0,89.0
1200.0,6.0,6.0,125.0
1639.0,3.0,3.0,77.89
1214.0,2.0,2.0,67.0
565.0,2.0,2.0,15.0
2520.0,5.0,4.0,378.0
1386.0,2.0,2.0,85.0
1535.0,3.0,3.0,60.0
1720.0,3.0,3.0,175.0
1370.0,3.0,2.0,54.79
1655.0,3.0,3.0,90.0
1200.0,2.0,2.0,52.0
1610.0,3.0,3.0,68.0
2200.0,4.0,4.0,130.0
1200.0,3.0,2.0,66.0
1105.0,2.0,2.0,80.0
753.0,2.0,3.0,59.5
1655.0,3.0,3.0,108.0
1700.0,3.0,3.0,250.0
770.0,2.0,2.0,30.0
1210.0,2.0,2.0,69.0
965.0,2.0,2.0,37.15
700.0,2.0,1.0,41.0
1740.0,3.0,3.0,95.0
1310.0,3.0,2.0,37.84
1763.25,3.0,3.0,98.0
1900.0,3.0,3.0,150.0
1000.0,6.0,6.0,150.0
1450.0,3.0,2.0,55.0
1836.0,3.0,3.0,148.0
1160.0,2.0,2.0,75.0
1153.0,2.0,2.0,43.0
1285.0,2.0,2.0,55.0
2500.0,3.0,3.0,400.0
1194.0,2.0,2.0,47.0
1257.0,2.0,2.0,105.0
1200.0,3.0,3.0,56.72
583.0,1.0,1.0,28.275
1240.0,3.0,2.0,79.0
1294.0,3.0,2.0,52.0
1095.0,2.0,2.0,45.0
1145.0,2.0,2.0,46.0
1826.0,3.0,3.0,130.0
1314.0,2.0,2.0,60.0
1900.0,3.0,2.0,120.0
1040.0,2.0,2.0,36.84
1290.0,2.0,2.0,85.0
1200.0,4.0,4.0,130.0
1325.0,3.0,2.0,47.0
2600.0,3.0,3.0,195.0
1129.0,2.0,2.0,44.0
790.5,1.0,1.0,42.295
1075.0,2.0,2.0,52.0
1108.0,2.0,2.0,48.0
810.0,2.0,2.0,25.5
1155.0,2.0,2.0,65.0
3900.0,6.0,6.0,260.0
2367.0,3.0,3.0,375.0
1550.0,3.0,2.0,98.0
1100.0,2.0,2.0,38.0
1452.0,3.0,3.0,54.2
1141.0,2.0,2.0,54.0
1464.0,3.0,3.0,56.0
1500.0,3.0,3.0,67.49
456.0,1.0,1.0,15.0
1200.0,4.0,4.0,125.0
3122.0,4.0,6.0,245.0
760.0,2.0,2.0,37.49
2400.0,6.0,6.0,480.0
800.0,2.0,2.0,32.0
1180.0,2.0,2.0,71.22
775.0,2.0,2.0,29.5
1145.0,2.0,2.0,49.5
1060.0,2.0,2.0,42.5
3900.0,4.0,5.0,415.0
1420.0,3.0,2.0,75.0
2439.0,4.0,4.0,190.0
1200.0,4.0,4.0,300.0
1111.0,2.0,2.0,49.43
984.0,2.0,2.0,125.0
1200.0,2.0,2.0,42.0
1247.0,2.0,2.0,47.39
1050.0,2.0,2.0,77.47
1550.0,3.0,3.0,85.0
1270.0,2.0,2.0,80.0
1012.0,2.0,2.0,65.0
970.0,2.0,2.0,34.0
933.0,2.0,2.0,55.0
1200.0,3.0,3.0,76.13
1148.0,2.0,2.0,69.0
1463.0,3.0,2.0,61.45
1719.0,3.0,3.0,110.0
1350.0,2.0,2.0,88.0
1250.0,3.0,2.0,47.0
1700.0,8.0,3.0,50.0
4320.0,9.0,7.0,821.0
1200.0,2.0,2.0,75.0
1030.0,2.0,2.0,44.0
1420.0,3.0,3.0,70.0
9600.0,5.0,6.0,1800.0
1703.0,3.0,3.0,126.0
1210.0,2.0,2.0,80.0
1210.0,2.0,2.0,50.0
3000.0,4.0,4.0,264.0
1398.0,3.0,3.0,51.0
1335.0,2.0,2.0,110.0
1255.0,2.0,2.0,52.32
540.0,4.0,4.0,85.0
1213.0,3.0,2.0,36.37
1240.0,2.0,2.0,42.04
1076.0,2.0,2.0,78.0
1320.0,2.0,2.0,90.0
1216.0,2.0,2.0,80.0
1100.0,2.0,2.0,42.0
1183.0,2.0,2.0,77.3
656.0,1.0,1.0,38.77
534.0,1.0,1.0,19.65
1285.0,3.0,2.0,45.0
2087.01,3.0,4.0,135.0
1161.0,2.0,2.0,59.0
1306.0,2.0,2.0,65.0
2249.81,4.0,4.0,245.0
1504.0,3.0,3.0,67.0
645.0,1.0,1.0,39.0
1230.0,2.0,2.0,68.0
1100.0,2.0,2.0,42.0
1000.0,1.0,1.0,14.0
1260.0,2.0,2.0,62.0
1817.0,3.0,3.0,102.0
3626.0,4.0,5.0,785.0
1180.0,2.0,2.0,124.0
1050.0,2.0,2.0,55.0
2900.0,4.0,4.0,225.0
2110.0,3.0,4.0,120.0
500.0,1.0,1.0,17.5
1930.0,3.0,3.0,75.0
4560.0,4.0,5.0,430.0
1505.0,3.0,3.0,64.0
2400.0,4.0,3.0,750.0
890.0,2.0,2.0,27.0
1200.0,2.0,1.0,36.0
849.0,2.0,2.0,25.4
1555.0,3.0,3.0,100.0
600.0,3.0,2.0,85.0
1057.0,2.0,2.0,30.0
1680.0,3.0,3.0,122.0
799.0,2.0,2.0,35.0
1450.0,3.0,2.0,75.0
1819.0,3.0,3.0,100.0
1135.0,2.0,2.0,56.74
2020.0,3.0,3.0,160.0
2700.0,5.0,4.0,170.0
1730.0,3.0,3.0,72.6
1950.0,3.0,3.0,125.0
1077.0,2.0,2.0,34.46
1706.0,3.0,3.0,115.0
3000.0,5.0,4.0,300.0
1093.0,2.0,2.0,37.0
2750.0,4.0,4.0,142.0
1340.0,2.0,2.0,101.0
984.0,2.0,2.0,59.0
1135.0,2.0,2.0,68.0
2400.0,4.0,4.0,344.0
1155.0,2.0,2.0,39.0
700.0,1.0,1.0,35.0
1150.0,2.0,2.0,42.0
1385.0,3.0,2.0,69.25
2061.0,3.0,4.0,175.0
1335.0,3.0,2.0,73.43
1015.0,2.0,2.0,60.0
3000.0,6.0,6.0,150.0
1108.0,2.0,2.0,63.0
1180.0,2.0,2.0,105.0
1445.0,3.0,2.0,83.0
1500.0,2.0,2.0,65.0
1085.0,2.0,2.0,46.5
1050.0,2.0,2.0,52.08
2760.0,4.0,4.0,290.0
1330.0,3.0,2.0,49.0
845.0,2.0,2.0,45.82
1762.0,3.0,3.0,112.0
1303.0,2.0,2.0,80.0
1560.0,3.0,2.0,125.0
1110.0,3.0,2.0,29.97
1290.0,3.0,3.0,45.33
1237.5,2.0,2.0,49.49
1780.0,3.0,3.0,88.0
1636.0,3.0,3.0,83.0
2557.0,4.0,2.0,170.0
1332.0,2.0,2.0,101.0
7500.0,5.0,5.0,1500.0
1012.0,2.0,2.0,59.0
1192.0,2.0,2.0,53.5
795.0,2.0,2.0,32.54
1213.0,2.0,2.0,48.0
1489.0,3.0,3.0,88.0
1200.0,2.0,2.0,62.0
1140.0,2.0,2.0,28.5
1200.0,3.0,2.0,55.08
1200.0,2.0,2.0,36.0
2640.0,5.0,6.0,225.0
1650.0,3.0,3.0,94.0
1245.0,2.0,2.0,120.0
1224.0,2.0,2.0,67.0
1235.0,2.0,2.0,52.76
1200.0,2.0,2.0,45.6
1342.0,3.0,2.0,75.0
600.0,3.0,3.0,79.0
1800.0,2.0,2.0,80.0
2280.0,4.0,4.0,615.0
2440.0,4.0,2.0,415.0
1130.0,2.0,2.0,46.33
1186.0,2.0,2.0,72.0
1295.0,2.0,2.0,64.0
1535.0,3.0,3.0,85.0
905.0,2.0,2.0,65.0
1447.0,2.0,2.0,75.97
1165.0,2.0,2.0,40.0
1328.0,2.0,2.0,107.0
1485.0,3.0,2.0,110.0
1475.0,3.0,2.0,59.0
1175.0,2.0,2.0,35.0
1245.0,2.0,2.0,100.0
720.0,4.0,4.0,95.0
985.0,2.0,2.0,49.97
4000.0,5.0,5.0,800.0
1395.0,3.0,2.0,63.0
711.0,1.0,1.0,42.65
630.0,1.0,1.0,40.5
2400.0,4.0,4.0,88.0
1170.0,2.0,2.0,40.0
2500.0,4.0,5.0,181.0
1100.0,2.0,2.0,49.5
3560.0,4.0,5.0,318.0
900.0,2.0,2.0,55.0
1160.0,2.0,2.0,33.51
1180.0,2.0,2.0,55.0
1441.0,3.0,2.0,95.0
1115.0,2.0,2.0,50.0
1825.0,3.0,3.0,145.0
1489.0,2.0,2.0,101.0
2800.0,4.0,4.0,365.0
1278.0,3.0,3.0,62.71
1223.0,3.0,2.0,42.81
1065.0,2.0,2.0,50.92
1190.0,2.0,2.0,64.0
1130.0,2.0,2.0,63.0
1430.0,2.0,2.0,87.8
1900.0,4.0,3.0,90.0
1104.0,2.0,2.0,34.22
1240.0,2.0,2.0,45.88
1140.0,2.0,2.0,62.0
1194.0,2.0,2.0,47.0
1464.0,3.0,3.0,56.0
3508.0,4.0,6.0,425.0
1700.0,3.0,3.0,105.0
2658.0,4.0,5.0,189.0
1600.0,3.0,2.0,90.0
3400.0,4.0,4.0,275.0
1508.0,3.0,3.0,75.0
645.0,1.0,1.0,41.0
1046.0,2.0,2.0,60.0
1200.0,10.0,8.0,230.0
1500.0,1.0,1.0,300.0
3000.0,6.0,6.0,300.0
1079.0,2.0,2.0,32.37
975.0,2.0,2.0,50.0
1050.0,2.0,2.0,51.0
1200.0,9.0,9.0,350.0
1903.0,3.0,3.0,165.0
1200.0,2.0,2.0,38.0
2996.0,4.0,4.0,200.0
3400.0,4.0,4.0,200.0
2000.0,4.0,4.0,312.0
1453.0,4.0,4.0,160.0
1092.0,2.0,2.0,43.0
1400.0,2.0,2.0,75.0
1416.0,3.0,2.0,85.0
1602.0,3.0,2.0,75.0
1100.0,2.0,2.0,41.0
1760.0,3.0,3.0,110.0
3800.0,4.0,4.0,235.0
1037.0,2.0,2.0,36.28
1384.0,3.0,2.0,76.18
551.0,1.0,1.0,30.0
2400.0,4.0,5.0,1250.0
500.0,1.0,1.0,70.0
900.0,2.0,2.0,27.98
1415.0,3.0,2.0,74.0
1400.0,2.0,2.0,44.8
1300.0,7.0,4.0,52.0
2850.0,3.0,4.0,460.0
1030.0,2.0,2.0,75.0
883.0,2.0,2.0,39.0
550.0,1.0,1.0,16.0
1800.0,4.0,4.0,55.0
10000.0,5.0,5.0,1950.0
1210.0,2.0,2.0,77.0
2000.0,4.0,3.0,90.0
1100.0,3.0,3.0,58.0
1780.0,3.0,3.0,100.0
950.0,5.0,5.0,55.0
1050.0,2.0,2.0,60.0
1370.0,3.0,3.0,38.36
3951.0,4.0,4.0,230.0
2500.0,3.0,4.0,112.0
1050.0,2.0,2.0,49.5
1843.0,3.0,3.0,87.54
1200.0,4.0,4.0,175.0
1186.0,2.0,2.0,76.0
560.0,1.0,1.0,45.0
2357.0,3.0,3.0,135.0
1200.0,4.0,3.0,160.0
1823.0,3.0,3.0,103.0
1310.0,3.0,3.0,90.0
1520.0,3.0,2.0,60.0
1610.0,3.0,3.0,74.03
1500.0,3.0,3.0,78.57
1400.0,3.0,2.0,80.0
1625.0,3.0,3.0,120.0
1500.0,5.0,5.0,265.0
900.0,2.0,2.0,24.0
1100.0,2.0,2.0,32.0
1000.0,2.0,2.0,50.0
2774.0,4.0,4.0,197.0
994.0,1.0,2.0,54.67
1455.0,3.0,3.0,75.0
1200.0,5.0,3.0,79.0
1172.0,2.0,2.0,75.0
1935.0,3.0,3.0,102.0
1856.0,3.0,3.0,106.0
2392.0,3.0,3.0,249.0
900.0,2.0,2.0,35.0
1757.0,3.0,3.0,98.0
1027.0,2.0,2.0,44.0
1626.0,3.0,3.0,85.0
1200.0,2.0,2.0,54.0
1559.0,3.0,3.0,81.55
1190.0,2.0,2.0,50.0
1200.0,2.0,2.0,72.0
1174.0,2.0,2.0,74.0
1140.0,2.0,2.0,65.0
1603.0,3.0,2.0,125.0
1278.0,3.0,3.0,70.0
2180.0,3.0,3.0,285.0
1085.0,2.0,2.0,50.0
1195.0,2.0,2.0,61.36
450.0,1.0,1.0,30.0
6500.0,4.0,5.0,1400.0
550.0,1.0,1.0,11.5
1165.0,2.0,2.0,45.0
3000.0,4.0,4.0,301.0
1452.0,3.0,3.0,60.0
702.0,1.0,1.0,52.0
1020.0,2.0,2.0,42.83
1340.0,2.0,2.0,65.0
1125.0,2.0,2.0,54.8
1160.0,2.0,2.0,40.53
1050.0,2.0,2.0,50.0
1960.0,3.0,3.0,138.0
1200.0,2.0,3.0,52.0
1200.0,3.0,4.0,220.0
3496.0,4.0,4.0,262.0
975.0,2.0,2.0,32.0
1700.0,3.0,3.0,125.0
1800.0,4.0,4.0,230.0
612.0,4.0,3.0,47.0
1275.0,2.0,2.0,69.0
650.0,1.0,1.0,40.0
1495.0,2.0,2.0,110.0
1200.0,2.0,2.0,48.0
3750.0,5.0,6.0,295.0
1679.0,3.0,3.0,94.86
1450.0,3.0,3.0,75.0
1210.0,2.0,2.0,82.0
1300.0,3.0,2.0,51.0
1165.0,2.0,2.0,49.61
1623.0,3.0,3.0,155.0
1115.0,2.0,2.0,35.8
450.0,1.0,1.0,20.0
1170.0,2.0,2.0,62.0
2065.0,4.0,4.0,248.0
1700.0,3.0,3.0,126.0
1080.0,6.0,5.0,160.0
1245.0,2.0,2.0,55.0
1017.0,2.0,2.0,66.0
650.0,6.0,6.0,80.0
1242.0,2.0,2.0,75.0
1792.0,3.0,3.0,104.0
1275.0,3.0,3.0,55.0
1200.0,6.0,6.0,260.0
2400.0,3.0,3.0,408.0
605.0,1.0,1.0,22.0
1200.0,4.0,4.0,115.0
1450.0,3.0,3.0,79.0
1232.0,3.0,3.0,96.0
1800.0,5.0,5.0,70.0
900.0,1.0,1.0,52.3
1200.0,2.0,2.0,40.0
2100.0,4.0,3.0,204.0
1065.0,2.0,2.0,42.6
1075.0,2.0,2.0,48.38
1508.0,6.0,5.0,240.0
780.0,2.0,2.0,31.0
1070.0,2.0,2.0,42.79
1464.0,3.0,3.0,56.0
1910.0,3.0,3.0,150.0
1280.0,2.0,2.0,120.0
1530.0,3.0,3.0,64.0
2439.0,4.0,5.0,170.0
1088.0,2.0,2.0,43.5
1174.0,2.0,2.0,78.0
1587.0,3.0,3.0,73.8
1045.0,2.0,2.0,55.0
1304.0,2.0,2.0,69.97
1100.0,2.0,2.0,65.0
1482.0,3.0,2.0,68.9
2125.0,3.0,3.0,107.0
1000.0,5.0,4.0,65.0
1194.0,2.0,2.0,45.0
1200.0,2.0,2.0,42.0
1070.0,2.0,2.0,32.99
1100.0,2.0,2.0,46.5
1270.0,3.0,2.0,65.0
1000.0,2.0,2.0,31.0
1246.0,2.0,2.0,69.0
1529.0,3.0,3.0,51.77
1185.0,2.0,2.0,42.0
1060.0,2.0,2.0,46.0
1319.0,3.0,3.0,37.75
991.0,2.0,2.0,64.0
662.0,1.0,1.0,38.0
1200.0,2.0,2.0,110.0
1400.0,3.0,2.0,78.0
1575.0,3.0,3.0,80.0
600.0,2.0,2.0,65.0
717.0,5.0,5.0,78.0
1319.0,3.0,3.0,42.0
2000.0,3.0,3.0,300.0
600.0,3.0,3.0,85.0
940.0,2.0,2.0,48.0
600.0,1.0,1.0,45.0
985.0,2.0,2.0,25.12
500.0,2.0,1.0,55.0
1349.0,2.0,2.0,56.7
3117.0,3.0,3.0,261.0
1844.0,3.0,3.0,95.0
1830.0,3.0,4.0,150.0
2275.0,3.0,4.0,185.0
2895.5,4.0,2.0,246.0
1140.0,2.0,2.0,49.11
900.0,3.0,3.0,79.0
2648.0,3.0,3.0,238.0
5400.0,5.0,4.0,700.0
1372.0,3.0,2.0,48.02
1455.0,3.0,2.0,45.0
1100.0,2.0,2.0,38.0
1295.0,2.0,2.0,55.47
1475.0,3.0,3.0,80.0
1788.0,3.0,3.0,164.0
1243.0,2.0,2.0,46.0
1855.0,3.0,3.0,140.0
1850.0,3.0,3.0,120.0
1315.0,3.0,2.0,60.0
1216.0,2.0,2.0,73.0
1721.0,3.0,3.0,93.0
1059.0,2.0,2.0,62.0
1184.0,2.0,2.0,55.0
1400.0,7.0,5.0,175.0
2223.0,3.0,3.0,300.0
1480.0,3.0,3.0,75.0
635.0,2.0,1.0,28.0
2400.0,2.0,2.0,228.0
1500.0,4.0,2.0,87.0
1143.0,2.0,2.0,34.2
3200.0,4.0,4.0,350.0
3170.0,4.0,4.0,250.0
4800.0,4.0,4.0,420.0
1485.0,3.0,2.0,59.4
1640.0,3.0,3.0,251.0
1655.0,3.0,2.0,70.5
900.0,2.0,2.0,41.0
1600.0,3.0,3.0,69.0
1163.0,2.0,2.0,68.0
1654.0,3.0,3.0,97.8
801.0,1.0,1.0,33.645
2100.0,4.0,3.0,1000.0
1685.0,3.0,3.0,101.0
1540.0,3.0,3.0,80.0
1265.0,2.0,2.0,72.0
1200.0,3.0,2.0,38.4
1300.0,3.0,2.0,80.0
1009.0,2.0,2.0,65.0
1540.0,3.0,3.0,65.0
1735.0,3.0,3.0,105.0
2500.0,4.0,4.0,300.0
497.0,2.0,1.0,20.0
2480.0,3.0,4.0,265.0
1142.0,2.0,2.0,35.0
1215.0,3.0,2.0,46.8
1070.0,2.0,2.0,48.0
1125.0,2.0,2.0,32.49
1125.0,2.0,2.0,32.49
1575.0,2.0,2.0,85.0
1360.0,2.0,2.0,77.61
1710.0,3.0,3.0,85.0
1200.0,2.0,2.0,34.65
2185.0,4.0,3.0,120.0
2400.0,4.0,4.0,135.0
1195.0,2.0,2.0,35.84
1246.0,2.0,2.0,67.0
1012.0,2.0,2.0,45.0
998.0,2.0,2.0,65.0
2400.0,3.0,3.0,250.0
1130.0,2.0,2.0,85.0
1744.0,3.0,4.0,210.0
2733.0,4.0,5.0,259.0
1354.0,3.0,2.0,98.0
3300.0,10.0,9.0,450.0
1389.0,2.0,2.0,94.0
2970.0,4.0,3.0,130.0
2560.0,3.0,4.0,310.0
1172.0,2.0,2.0,75.0
500.0,3.0,2.0,75.0
1495.0,3.0,3.0,60.0
1738.0,2.0,2.0,57.35
1315.0,2.0,2.0,50.0
1270.0,2.0,2.0,73.0
1160.0,2.0,2.0,52.2
1450.0,3.0,2.0,67.0
470.0,1.0,1.0,21.0
1040.0,2.0,2.0,78.0
1205.0,2.0,2.0,29.0
1215.0,3.0,2.0,50.0
1135.0,2.0,2.0,58.0
1224.0,3.0,2.0,48.95
664.0,1.0,1.0,34.0
1160.0,3.0,2.0,42.0
1200.0,2.0,2.0,105.0
1220.0,3.0,2.0,35.2
1328.0,2.0,2.0,69.0
975.0,2.0,2.0,45.0
1907.0,3.0,2.0,200.0
900.0,2.0,2.0,72.0
1330.0,2.0,2.0,80.0
2330.0,4.0,5.0,175.0
1222.0,3.0,3.0,95.0
4446.0,3.0,3.0,410.0
2100.0,3.0,3.0,135.0
3335.0,4.0,4.0,290.0
3150.0,3.0,3.0,290.0
1320.0,3.0,2.0,95.0
820.0,7.0,7.0,140.0
8000.0,5.0,5.0,550.0
2400.0,4.0,5.0,500.0
1330.0,3.0,2.0,46.55
2000.0,4.0,4.0,130.0
1244.0,2.0,2.0,55.0
1000.0,2.0,2.0,50.0
1400.0,3.0,3.0,45.0
1000.0,2.0,2.0,35.0
1056.0,2.0,1.0,250.0
1250.0,3.0,2.0,50.0
2630.0,4.0,5.0,188.0
1225.0,2.0,2.0,48.0
2790.0,4.0,5.0,198.0
2800.0,4.0,4.0,365.0
1683.0,3.0,3.0,80.0
1250.0,2.0,2.0,54.0
1305.0,3.0,2.0,110.0
3009.0,3.0,3.0,331.0
1150.0,3.0,2.0,57.5
1654.0,3.0,3.0,70.0
4500.0,4.0,3.0,225.0
1890.0,3.0,4.0,125.0
1069.0,2.0,2.0,55.0
750.0,2.0,1.0,18.5
675.0,4.0,4.0,140.0
2400.0,3.0,3.0,177.0
1200.0,5.0,4.0,240.0
1410.0,4.0,2.0,280.0
1680.0,3.0,3.0,130.0
3500.0,3.0,4.0,500.0
1700.0,3.0,3.0,93.5
2200.0,4.0,2.0,150.0
1595.0,3.0,3.0,105.0
1480.0,3.0,3.0,100.0
1092.0,3.0,3.0,95.0
1866.0,3.0,4.0,245.0
3895.0,3.0,3.0,390.0
1683.0,3.0,3.0,115.0
545.0,2.0,2.0,22.34
1340.0,2.0,2.0,73.0
1100.0,3.0,3.0,53.0
2000.0,1.0,1.0,200.0
1185.0,2.0,2.0,56.0
1025.0,2.0,2.0,27.68
1730.0,3.0,3.0,95.0
1450.0,3.0,3.0,88.6
1862.0,3.0,4.0,110.0
4000.0,4.0,5.0,578.0
2430.0,3.0,5.0,180.0
863.0,1.0,1.0,40.55
1170.0,2.0,2.0,50.0
1075.0,2.0,2.0,50.0
1060.0,2.0,2.0,34.0
850.0,2.0,2.0,32.0
935.0,2.0,2.0,45.9
1905.0,4.0,3.0,86.0
2000.0,6.0,6.0,300.0
1125.0,2.0,2.0,47.0
600.0,6.0,6.0,75.0
1500.0,4.0,4.0,105.0
1725.0,3.0,3.0,85.0
1120.0,2.0,2.0,36.0
1750.0,3.0,2.0,75.0
2000.0,3.0,3.0,77.0
1745.0,3.0,3.0,98.0
750.0,5.0,3.0,95.0
1270.0,3.0,2.0,55.25
5384.0,5.0,5.0,420.0
1180.0,2.0,2.0,72.0
1130.0,2.0,2.0,75.0
2774.0,4.0,4.0,197.0
1723.0,3.0,3.0,95.0
1175.0,2.0,2.0,70.5
1607.0,3.0,2.0,112.0
1334.0,2.0,2.0,62.0
2800.0,5.0,5.0,130.0
1138.0,3.0,3.0,128.0
1113.0,2.0,2.0,70.0
1300.0,3.0,2.0,58.0
2400.0,4.0,4.0,350.0
1200.0,2.0,2.0,60.0
1900.0,3.0,3.0,190.0
5150.0,4.0,4.0,559.0
1200.0,5.0,5.0,290.0
2956.0,4.0,5.0,234.0
1100.0,5.0,5.0,165.0
1398.0,2.0,2.0,97.0
1152.0,2.0,1.0,66.0
1200.0,4.0,5.0,325.0
1110.0,2.0,2.0,44.95
1116.0,2.0,2.0,47.0
1061.0,2.0,2.0,33.84
620.0,1.0,1.0,86.8
1300.0,3.0,2.0,52.0
1270.0,2.0,2.0,57.0
966.0,2.0,2.0,50.0
1200.0,4.0,4.0,110.0
1320.0,4.0,4.0,249.0
3596.0,4.0,5.0,297.0
1630.0,3.0,3.0,131.0
600.0,5.0,6.0,72.0
600.0,4.0,4.0,60.0
1202.0,2.0,2.0,65.0
1200.0,4.0,4.0,250.0
1300.0,2.0,2.0,80.0
1200.0,6.0,6.0,330.0
1360.0,3.0,2.0,70.0
1155.0,2.0,2.0,69.18
2378.0,3.0,3.0,310.0
1011.0,2.0,2.0,38.0
1203.0,2.0,2.0,72.0
1645.0,3.0,3.0,113.0
1364.0,3.0,2.0,50.0
1200.0,2.0,1.0,36.0
1050.0,1.0,2.0,41.0
1365.0,3.0,3.0,66.0
1252.0,3.0,3.0,70.0
1221.0,3.0,3.0,65.0
1065.0,2.0,2.0,58.0
1270.0,3.0,2.0,55.25
1032.0,2.0,2.0,45.0
2900.0,4.0,4.0,325.0
1515.0,3.0,2.0,69.0
1427.0,2.0,2.0,52.0
940.0,2.0,2.0,50.0
800.0,5.0,5.0,95.0
1460.0,3.0,2.0,80.0
2275.0,3.0,4.0,175.0
1522.0,3.0,3.0,90.0
3210.0,3.0,4.0,380.0
1185.0,2.0,2.0,42.67
5425.0,13.0,13.0,275.0
1800.0,3.0,3.0,125.0
940.0,2.0,2.0,44.0
1200.0,4.0,4.0,135.0
1530.0,3.0,3.0,71.0
1050.0,2.0,2.0,48.0
929.0,2.0,2.0,49.0
3750.0,4.0,5.0,145.0
1530.0,3.0,3.0,75.0
900.0,2.0,2.0,48.0
978.0,2.0,2.0,34.22
4041.0,4.0,4.0,345.0
770.0,1.0,1.0,43.82
1066.0,2.0,2.0,55.0
635.0,1.0,1.0,28.0
1015.0,2.0,2.0,45.0
1175.0,2.0,2.0,54.05
1200.0,4.0,4.0,130.0
1188.0,2.0,2.0,50.0
2400.0,5.0,5.0,700.0
620.0,1.0,1.0,25.0
1210.0,2.0,2.0,75.0
1000.0,3.0,3.0,90.0
1500.0,3.0,2.0,99.0
1800.0,4.0,3.0,190.0
1185.0,2.0,2.0,43.66
1600.0,3.0,3.0,130.0
1100.0,2.0,2.0,28.0
1300.0,2.0,2.0,69.23
1100.0,2.0,2.0,68.0
860.0,2.0,2.0,28.93
1007.0,2.0,2.0,64.0
1100.0,2.0,2.0,48.0
1187.0,2.0,2.0,38.0
1150.0,2.0,2.0,72.0
2400.0,3.0,3.0,252.0
1180.0,2.0,2.0,41.94
1820.0,3.0,3.0,85.2
1200.0,6.0,6.0,180.0
2400.0,3.0,6.0,775.0
3628.0,4.0,4.0,246.0
1430.0,3.0,3.0,70.0
700.0,2.0,2.0,40.0
1200.0,2.0,1.0,70.0
1165.0,2.0,2.0,40.77
1569.0,3.0,3.0,118.0
1950.0,3.0,4.0,95.0
1200.0,2.0,3.0,70.0
2437.0,3.0,3.0,125.0
950.0,2.0,2.0,46.7
1685.0,3.0,3.0,115.0
3270.0,4.0,4.0,205.0
1314.0,2.0,2.0,110.0
1250.0,3.0,3.0,40.0
1130.0,2.0,2.0,68.0
1200.0,6.0,9.0,122.0
890.0,6.0,5.0,160.0
857.0,3.0,3.0,95.0
2247.0,3.0,3.0,145.0
1550.0,3.0,3.0,85.0
1715.0,3.0,2.0,100.0
1053.0,2.0,2.0,53.0
1200.0,3.0,3.0,50.0
1800.0,3.0,2.0,230.0
2400.0,5.0,4.0,97.0
1245.0,2.0,1.0,60.0
1320.0,2.0,2.0,160.0
3940.0,4.0,5.0,265.0
1241.0,3.0,2.0,65.0
2980.0,3.0,4.0,260.0
600.0,6.0,5.0,130.0
1090.0,2.0,2.0,57.0
1390.0,3.0,2.0,50.0
600.0,8.0,4.0,175.0
2750.0,3.0,5.0,275.0
1100.0,3.0,2.0,52.97
1350.0,2.0,2.0,103.0
800.0,2.0,2.0,55.0
1787.0,3.0,3.0,116.0
2400.0,3.0,3.0,220.0
3700.0,4.0,4.0,325.0
1691.0,3.0,3.0,93.01
2119.0,4.0,4.0,111.0
2325.0,3.0,3.0,95.0
570.0,5.0,5.0,80.0
1896.0,3.0,3.0,102.0
1540.0,3.0,3.0,48.51
1244.0,2.0,2.0,95.0
1365.0,3.0,2.0,65.0
580.0,1.0,1.0,27.5
1355.0,3.0,3.0,83.87
1500.0,3.0,4.0,180.0
1513.0,2.0,2.0,62.0
1175.0,2.0,2.0,41.13
2087.0,3.0,4.0,139.0
2273.0,3.0,3.0,145.0
2050.0,3.0,3.0,150.0
1200.0,2.0,2.0,75.0
1190.0,2.0,2.0,59.0
600.0,4.0,3.0,85.0
1019.0,2.0,2.0,49.86
1830.0,3.0,3.0,133.0
4278.0,7.0,7.0,299.0
1028.0,2.0,2.0,56.0
1300.0,2.0,2.0,100.0
1160.0,2.0,2.0,67.0
1505.0,3.0,3.0,78.0
1250.0,2.0,2.0,55.55
400.0,1.0,2.0,50.0
1175.0,2.0,2.0,41.68
1100.0,2.0,2.0,57.6
2159.0,3.0,3.0,120.0
1230.0,2.0,2.0,56.45
1200.0,3.0,4.0,180.0
3100.0,5.0,6.0,165.0
5020.0,5.0,7.0,287.0
1200.0,1.0,1.0,48.0
1340.0,2.0,2.0,71.0
1750.0,3.0,2.0,89.0
1400.0,2.0,2.0,100.0
1350.0,3.0,3.0,60.0
1675.0,3.0,3.0,62.0
1340.0,2.0,2.0,66.33
600.0,2.0,1.0,68.0
1276.0,2.0,2.0,76.0
1738.0,3.0,2.0,76.0
1190.0,2.0,2.0,59.9
1128.0,2.0,2.0,65.45
1250.0,2.0,2.0,55.0
1450.0,2.0,2.0,90.0
1084.0,2.0,2.0,53.0
2150.0,4.0,4.0,90.0
6000.0,4.0,4.0,625.0
600.0,4.0,3.0,77.0
1250.0,2.0,2.0,65.0
2400.0,3.0,4.0,240.0
1304.0,3.0,3.0,65.0
1640.0,3.0,3.0,268.0
980.0,2.0,2.0,77.44
1275.0,2.0,2.0,49.5
10030.0,1.0,1.0,150.0
2500.0,3.0,4.0,140.0
3600.0,4.0,4.0,225.0
2400.0,3.0,4.0,95.0
2300.0,3.0,3.0,280.0
1450.0,3.0,2.0,70.18
890.0,2.0,2.0,40.0
1340.0,2.0,2.0,85.0
1100.0,3.0,2.0,75.0
750.0,2.0,2.0,40.0
700.0,4.0,4.0,125.0
1300.0,2.0,2.0,66.0
1301.0,2.0,2.0,120.0
3200.0,9.0,8.0,130.0
1900.0,3.0,2.0,92.0
1299.0,2.0,2.0,105.0
1250.0,3.0,3.0,40.0
1600.0,4.0,4.0,300.0
925.0,2.0,2.0,55.0
3900.0,3.0,3.0,250.0
1107.0,2.0,2.0,45.0
1400.0,2.0,2.0,160.0
1300.0,2.0,2.0,67.0
570.0,2.0,2.0,62.0
1715.0,3.0,3.0,95.0
1200.0,2.0,2.0,55.0
1200.0,6.0,5.0,280.0
703.0,2.0,2.0,60.0
921.0,2.0,2.0,29.47
1144.0,2.0,2.0,65.0
525.0,1.0,1.0,26.01
1400.0,3.0,2.0,56.0
661.0,1.0,1.0,33.0
1200.0,6.0,6.0,160.0
1200.0,5.0,5.0,70.0
1705.0,3.0,3.0,91.0
1035.0,5.0,5.0,170.0
1430.0,3.0,2.0,55.0
1240.0,2.0,2.0,55.0
1325.0,3.0,2.0,60.8
1230.0,2.0,2.0,44.0
1000.0,2.0,2.0,28.0
740.0,4.0,2.0,24.5
1330.0,3.0,2.0,46.45
3005.0,4.0,5.0,275.0
1300.0,3.0,3.0,170.0
1243.0,2.0,2.0,46.0
936.0,4.0,2.0,60.84
1500.0,3.0,2.0,100.0
1200.0,3.0,4.0,156.0
1073.0,2.0,2.0,72.0
1300.0,2.0,2.0,56.0
4201.0,4.0,4.0,435.0
1065.0,2.0,2.0,30.75
1216.0,2.0,2.0,66.88
1252.0,3.0,3.0,59.0
1196.0,2.0,2.0,44.8
1027.0,2.0,2.0,44.0
610.0,3.0,2.0,75.0
1270.0,3.0,2.0,57.15
1171.0,2.0,2.0,39.0
1215.0,3.0,2.0,48.6
600.0,1.0,1.0,20.0
1180.0,2.0,2.0,77.0
1160.0,2.0,2.0,33.51
4382.0,4.0,4.0,400.0
2140.0,3.0,3.0,139.0
1500.0,3.0,3.0,100.0
1008.0,2.0,2.0,52.0
1921.0,3.0,4.0,129.0
1127.0,2.0,2.0,32.0
1621.0,3.0,3.0,124.0
2400.0,3.0,3.0,360.0
1030.0,3.0,2.0,77.25
1314.0,2.0,2.0,84.0
1220.0,3.0,3.0,56.0
600.0,4.0,3.0,97.0
1590.0,3.0,2.0,85.0
703.0,2.0,2.0,49.5
1795.0,3.0,3.0,64.62
3000.0,4.0,3.0,132.0
4395.0,4.0,4.0,242.0
825.0,2.0,2.0,35.0
4025.0,4.0,6.0,350.0
1254.0,3.0,2.0,70.0
2040.0,3.0,3.0,114.0
2215.0,3.0,4.0,154.0
1478.0,2.0,2.0,125.0
2475.0,3.0,4.0,337.0
1669.0,3.0,3.0,298.0
1820.0,3.0,3.0,79.5
1623.0,3.0,3.0,89.0
1243.0,2.0,2.0,46.0
1200.0,2.0,2.0,40.5
1613.0,3.0,3.0,72.0
1293.0,2.0,2.0,80.0
1065.0,2.0,2.0,28.5
940.0,2.0,2.0,69.57
1181.0,3.0,2.0,65.0
2215.0,3.0,3.0,275.0
1100.0,1.0,2.0,75.0
1050.0,2.0,2.0,36.0
1260.0,3.0,2.0,75.0
2800.0,5.0,3.0,425.0
1500.0,3.0,3.0,56.0
1200.0,6.0,6.0,132.0
1000.0,2.0,2.0,66.0
1530.0,3.0,3.0,73.0
1140.0,2.0,2.0,46.0
1864.0,3.0,3.0,115.0
1575.0,3.0,3.0,55.0
1200.0,3.0,3.0,105.0
945.0,2.0,2.0,45.0
1691.0,3.0,3.0,100.0
1200.0,2.0,2.0,135.0
1220.0,3.0,3.0,35.25
600.0,1.0,1.0,35.0
1160.0,2.0,2.0,39.0
1950.0,3.0,2.0,89.5
1650.0,3.0,3.0,85.0
2400.0,4.0,4.0,150.0
795.0,2.0,1.0,32.6
800.0,5.0,5.0,95.0
1400.0,5.0,5.0,97.0
2285.0,3.0,4.0,165.0
1243.0,2.0,2.0,46.0
1263.0,2.0,2.0,51.5
1200.0,5.0,4.0,115.0
1345.0,3.0,2.0,69.0
4400.0,5.0,5.0,240.0
1360.0,3.0,2.0,58.0
1026.0,2.0,2.0,60.55
1050.0,2.0,2.0,38.0
1460.0,3.0,3.0,76.0
1525.0,3.0,2.0,91.48
1843.0,3.0,3.0,85.0
1000.0,2.0,2.0,25.0
1642.0,3.0,2.0,115.0
1200.0,3.0,2.0,66.0
975.0,2.0,2.0,60.0
1075.0,3.0,2.0,44.0
1210.0,2.0,2.0,77.93
2000.0,3.0,3.0,100.0
1225.0,2.0,2.0,68.0
1290.0,2.0,2.0,80.04
1220.0,2.0,2.0,56.0
1500.0,1.0,2.0,85.0
1361.0,2.0,2.0,79.0
2801.25,5.0,4.0,462.0
1394.0,2.0,2.0,85.0
870.0,2.0,2.0,27.0
5000.0,4.0,5.0,300.0
1222.0,2.0,2.0,98.0
1420.0,2.0,2.0,99.39
1846.0,3.0,3.0,135.0
1688.12,2.0,2.0,270.0
1167.0,2.0,2.0,64.08
902.0,2.0,2.0,25.0
2422.0,4.0,4.0,135.0
1050.0,2.0,2.0,52.5
1000.0,2.0,2.0,50.0
1260.0,2.0,2.0,58.0
3000.0,3.0,3.0,450.0
939.0,2.0,2.0,39.0
1590.0,9.0,6.0,150.0
600.0,1.0,1.0,37.0
1298.0,2.0,2.0,59.0
1710.0,3.0,3.0,135.0
1000.0,2.0,2.0,45.0
3350.0,3.0,3.0,150.0
1200.0,2.0,4.0,138.0
1100.0,2.0,2.0,68.0
615.0,1.0,1.0,46.0
1350.0,2.0,2.0,85.0
5000.0,4.0,5.0,325.0
2700.0,3.0,3.0,501.0
4000.0,6.0,6.0,460.0
1718.0,3.0,3.0,130.0
1680.0,3.0,3.0,112.0
1500.0,2.0,2.0,90.0
1157.0,3.0,2.0,72.0
1179.0,2.0,2.0,51.0
1315.0,2.0,2.0,60.48
1105.0,2.0,2.0,28.18
1800.0,3.0,3.0,175.0
1010.0,2.0,2.0,52.0
630.0,1.0,1.0,46.0
1200.0,2.0,2.0,36.1
1025.0,2.0,2.0,60.0
1195.0,2.0,2.0,59.0
1012.0,2.0,2.0,58.0
1884.0,3.0,4.0,118.0
1090.0,2.0,2.0,37.0
1300.0,3.0,3.0,77.99
2950.0,4.0,4.0,250.0
1710.0,3.0,3.0,85.0
1500.0,3.0,3.0,68.0
1310.0,3.0,2.0,53.0
674.0,2.0,1.0,19.9
1350.0,3.0,3.0,70.0
1464.0,3.0,2.0,115.0
715.0,3.0,2.0,29.0
1400.0,3.0,2.0,40.45
1625.0,3.0,2.0,48.75
1065.0,2.0,2.0,30.76
510.0,6.0,4.0,70.0
1385.0,3.0,3.0,90.0
1040.0,2.0,2.0,50.0
1817.0,3.0,3.0,110.0
1205.0,2.0,2.0,47.0
1070.0,2.0,2.0,33.43
1070.0,2.0,2.0,52.0
1340.0,2.0,2.0,75.0
980.0,2.0,2.0,35.0
1006.0,2.0,2.0,44.0
1098.0,2.0,2.0,71.0
1200.0,2.0,2.0,53.5
4190.0,4.0,4.0,325.0
1019.0,2.0,2.0,62.0
1150.0,2.0,2.0,40.21
1733.5,3.0,3.0,120.0
1415.0,2.0,2.0,120.0
1750.0,3.0,3.0,58.0
1537.0,3.0,3.0,81.0
1050.0,2.0,2.0,45.0
1452.0,3.0,3.0,55.6
1246.0,2.0,2.0,95.0
1890.0,3.0,4.0,85.0
972.0,2.0,2.0,40.0
10624.0,4.0,4.0,2340.0
1500.0,4.0,5.0,160.0
630.0,1.0,1.0,33.7
1050.0,8.0,5.0,80.0
1255.0,3.0,2.0,60.0
1900.0,4.0,4.0,185.0
2440.0,3.0,3.0,142.0
1938.0,3.0,3.0,92.69
1711.0,3.0,3.0,125.0
1200.0,5.0,4.0,240.0
1392.0,2.0,2.0,95.0
1225.0,2.0,2.0,77.0
3418.0,4.0,3.0,235.0
1750.0,3.0,3.0,120.0
1260.0,3.0,2.0,80.0
691.0,1.0,1.0,31.1
2400.0,4.0,3.0,400.0
1285.0,2.0,2.0,78.0
1590.0,3.0,3.0,96.0
1571.0,3.0,3.0,65.0
2800.0,5.0,5.0,220.0
1060.0,2.0,2.0,48.66
1255.0,2.0,2.0,58.0
702.0,4.0,4.0,65.0
2400.0,3.0,2.0,185.0
1520.0,3.0,2.0,81.0
1530.0,3.0,2.0,70.99
1170.0,2.0,2.0,45.51
1580.0,3.0,3.0,75.0
1777.26,3.0,3.0,89.0
1303.0,2.0,2.0,55.78
1680.0,2.0,2.0,59.0
1495.0,3.0,2.0,70.0
1835.0,3.0,3.0,108.0
610.0,3.0,3.0,60.0
1080.0,2.0,2.0,38.0
1025.0,2.0,2.0,29.61
1225.0,2.0,2.0,67.48
656.0,1.0,1.0,34.77
994.0,2.0,2.0,45.0
1025.0,2.0,2.0,65.0
1156.0,2.0,2.0,52.0
1250.0,2.0,2.0,60.0
3092.0,4.0,4.0,230.0
1930.0,3.0,4.0,122.0
1020.0,2.0,2.0,70.0
1310.0,3.0,2.0,70.0
612.5,1.0,1.0,27.565
1322.0,2.0,2.0,70.0
1160.0,2.0,2.0,57.0
1100.0,2.0,2.0,48.0
1720.0,3.0,3.0,150.0
1689.0,3.0,3.0,103.0
1090.0,2.0,2.0,47.42
2000.0,2.0,2.0,75.0
1155.0,2.0,2.0,69.0
4000.0,6.0,6.0,230.0
3913.0,4.0,5.0,176.0
3520.0,3.0,5.0,320.0
1125.0,2.0,2.0,39.98
1847.0,3.0,3.0,92.0
1515.0,3.0,2.0,76.0
3450.0,8.0,7.0,225.0
2500.0,5.0,3.0,120.0
1130.0,2.0,2.0,55.0
1049.0,2.0,2.0,51.0
2650.0,3.0,4.0,175.0
850.0,2.0,2.0,25.4
1842.0,3.0,3.0,115.0
2600.0,5.0,5.0,370.0
1282.0,2.0,2.0,72.0
800.0,2.0,2.0,40.0
1200.0,4.0,4.0,240.0
1190.0,3.0,2.0,30.35
1318.0,3.0,2.0,68.0
1698.0,2.0,2.0,105.0
2030.0,3.0,2.0,182.0
1276.0,3.0,2.0,31.9
1555.0,3.0,2.0,67.0
1881.0,3.0,3.0,145.0
2900.0,3.0,3.0,325.0
1890.0,3.0,3.0,109.0
900.0,5.0,5.0,135.0
935.0,2.0,2.0,32.0
1000.0,2.0,2.0,58.0
1510.0,3.0,3.0,75.0
1120.0,2.0,2.0,50.0
930.0,2.0,2.0,25.99
1160.0,3.0,2.0,42.0
1419.0,2.0,2.0,48.1
1175.0,2.0,2.0,62.0
1350.0,3.0,2.0,63.0
2215.0,3.0,3.0,330.0
996.0,2.0,2.0,24.9
1076.0,2.0,2.0,30.13
2180.0,4.0,4.0,115.0
1715.0,3.0,3.0,112.0
1072.0,2.0,2.0,45.0
1230.0,2.0,2.0,80.0
1600.0,3.0,2.0,65.0
1411.0,3.0,3.0,93.25
3600.0,5.0,5.0,145.0
2404.0,3.0,3.0,138.0
1200.0,4.0,4.0,190.0
1200.0,3.0,3.0,226.0
1208.0,3.0,3.0,45.0
1700.0,5.0,5.0,300.0
1225.0,2.0,2.0,69.84
1162.0,2.0,2.0,69.0
1262.0,3.0,2.0,65.0
1050.0,2.0,2.0,35.0
1160.0,2.0,2.0,33.51
1500.0,3.0,3.0,61.95
1610.0,3.0,3.0,85.0
1340.0,2.0,2.0,41.0
2275.0,3.0,4.0,182.0
1162.0,2.0,2.0,58.0
1500.0,2.0,2.0,145.0
3150.0,4.0,3.0,135.0
1170.0,2.0,2.0,65.0
980.0,2.0,2.0,25.0
1800.0,3.0,3.0,60.0
1423.0,3.0,2.0,71.73
1106.0,2.0,2.0,40.0
1105.0,2.0,2.0,27.6
7500.0,4.0,6.0,1800.0
1255.0,2.0,2.0,56.7
1525.0,3.0,2.0,65.0
1061.0,2.0,2.0,38.95
600.0,2.0,2.0,29.5
1400.0,3.0,2.0,40.45
2100.0,3.0,3.0,145.0
660.0,2.0,1.0,16.5
633.0,2.0,1.0,18.0
1260.0,2.0,2.0,120.0
907.0,2.0,2.0,55.43
2047.0,3.0,3.0,67.55
2597.0,4.0,4.0,189.0
1211.0,2.0,2.0,63.0
1904.0,3.0,3.0,129.0
1205.0,2.0,2.0,73.87
1164.0,2.0,2.0,64.08
1410.0,2.0,2.0,73.0
1150.0,2.0,2.0,42.0
1170.0,2.0,2.0,53.11
1420.0,2.0,2.0,62.0
1125.0,2.0,2.0,45.0
1789.0,3.0,3.0,75.0
1021.0,2.0,2.0,76.0
1074.0,2.0,2.0,26.85
1222.0,2.0,2.0,48.0
1981.0,3.0,3.0,134.0
1103.0,2.0,2.0,55.0
1201.0,2.0,2.0,65.0
970.0,2.0,2.0,36.0
920.0,2.0,2.0,33.0
1520.0,3.0,3.0,85.0
675.0,3.0,3.0,75.0
1268.0,3.0,2.0,75.0
660.0,1.0,1.0,30.0
1755.0,3.0,3.0,115.0
945.0,2.0,2.0,35.0
500.0,1.0,1.0,33.0
2820.0,4.0,4.0,153.5
1632.0,4.0,3.0,140.0
1167.0,2.0,2.0,37.5
1276.0,2.0,2.0,80.0
1234.0,2.0,2.0,51.0
1180.0,2.0,2.0,75.0
1370.0,3.0,2.0,87.0
1015.0,2.0,2.0,25.88
1200.0,9.0,9.0,230.0
1400.0,3.0,3.0,90.0
1500.0,5.0,6.0,155.0
1050.0,2.0,2.0,40.0
1251.0,2.0,2.0,46.0
1677.0,3.0,3.0,92.13
1346.0,2.0,2.0,67.38
1090.0,2.0,2.0,31.48
1200.0,5.0,4.0,240.0
1290.0,3.0,2.0,51.1
7514.0,5.0,7.0,1500.0
1881.0,3.0,3.0,145.0
1150.0,2.0,2.0,52.0
2690.0,3.0,3.0,295.0
1200.0,3.0,2.0,42.0
2735.0,3.0,4.0,340.0
950.0,2.0,2.0,65.0
1491.0,3.0,3.0,40.5
1050.0,2.0,2.0,51.66
1660.0,3.0,3.0,131.0
1134.0,2.0,2.0,55.0
1100.0,2.0,2.0,60.0
800.0,4.0,4.0,60.0
1200.0,2.0,2.0,36.1
1200.0,4.0,4.0,240.0
980.0,3.0,3.0,80.0
1080.0,2.0,2.0,37.8
705.0,1.0,2.0,50.0
1200.0,3.0,2.0,35.0
1200.0,2.0,2.0,50.0
1804.0,3.0,3.0,127.0
750.0,2.0,2.0,20.0
420.0,2.0,1.0,25.0
2800.0,4.0,4.0,252.0
1090.0,2.0,2.0,38.37
1500.0,2.0,2.0,230.0
1287.0,3.0,3.0,55.0
2215.0,3.0,4.0,157.0
2800.0,4.0,4.0,375.0
1045.0,2.0,2.0,42.15
1263.0,2.0,2.0,47.36
1431.0,3.0,3.0,85.0
999.0,2.0,2.0,32.9
1650.0,3.0,3.0,85.5
1535.0,3.0,3.0,72.0
2524.0,4.0,5.0,180.0
1300.0,3.0,3.0,69.0
600.0,3.0,3.0,125.0
2095.0,3.0,3.0,150.0
284.0,1.0,1.0,8.0
500.0,1.0,1.0,14.0
1265.0,2.0,2.0,68.0
1215.0,2.0,2.0,44.96
2200.0,2.0,2.0,180.0
1028.0,2.0,2.0,51.0
1835.0,3.0,2.0,92.0
1800.0,3.0,3.0,65.0
2077.0,3.0,3.0,175.0
2880.0,4.0,3.0,211.0
499.0,6.0,5.0,89.0
708.0,2.0,2.0,31.15
1200.0,2.0,2.0,120.0
925.0,2.0,2.0,46.25
2826.0,3.0,3.0,148.0
458.0,1.0,1.0,33.66
3500.0,4.0,4.0,150.0
5400.0,4.0,4.0,250.0
1000.0,4.0,5.0,200.0
1450.0,3.0,2.0,90.0
1100.0,2.0,2.0,65.0
1185.0,2.0,2.0,55.0
1900.0,4.0,4.0,80.0
1200.0,2.0,2.0,70.0
660.0,1.0,1.0,35.0
1920.0,3.0,4.0,121.0
1200.0,2.0,2.0,130.0
3418.0,4.0,2.0,222.0
4550.0,4.0,2.0,240.0
1205.0,2.0,2.0,68.32
1200.0,2.0,2.0,46.0
1421.0,3.0,2.0,73.0
1250.0,3.0,3.0,48.9
524.0,1.0,1.0,29.0
4200.0,5.0,5.0,245.0
1540.0,3.0,3.0,90.0
984.0,2.0,2.0,45.91
985.0,2.0,2.0,50.17
2830.0,4.0,4.0,161.0
1140.0,2.0,2.0,60.0
3600.0,5.0,5.0,130.0
1410.0,3.0,2.0,44.42
1700.0,3.0,2.0,86.0
1360.0,2.0,2.0,62.425
1800.0,4.0,3.0,700.0
1333.0,2.0,2.0,86.65
1258.0,2.0,2.0,85.5
1458.0,3.0,2.0,87.0
1386.0,2.0,2.0,85.0
1140.0,2.0,2.0,32.92
550.0,1.0,1.0,27.0
1200.0,2.0,2.0,83.0
1081.0,2.0,2.0,39.0
2135.0,4.0,3.0,149.0
2500.0,4.0,4.0,100.0
1178.0,2.0,2.0,80.0
991.0,2.0,2.0,40.0
1493.0,3.0,2.0,90.0
2495.0,3.0,3.0,130.0
1080.0,2.0,2.0,31.99
814.0,2.0,2.0,53.0
1025.0,2.0,2.0,50.0
1115.0,2.0,2.0,61.0
3075.0,4.0,2.0,188.0
1900.0,7.0,3.0,162.0
1760.0,3.0,3.0,160.0
4000.0,7.0,8.0,150.0
3090.0,4.0,4.0,350.0
2700.0,4.0,4.0,295.0
1175.0,2.0,2.0,52.86
4235.0,4.0,5.0,364.0
1100.0,2.0,2.0,45.0
1200.0,8.0,7.0,175.0
1450.0,2.0,2.0,50.75
1810.0,3.0,3.0,131.0
1426.0,3.0,2.0,71.0
2400.0,3.0,2.0,195.0
1100.0,2.0,2.0,70.0
650.0,1.0,1.0,35.0
1350.0,3.0,3.0,47.25
900.0,2.0,2.0,27.0
1360.0,2.0,2.0,110.0
674.0,1.0,1.0,36.85
1655.0,3.0,3.0,110.0
1300.0,2.0,2.0,95.0
936.0,1.0,1.0,53.0
1277.0,2.0,2.0,92.0
1200.0,2.0,2.0,54.0
1015.0,2.0,2.0,39.08
1153.0,2.0,2.0,60.0
1035.0,2.0,2.0,51.5
3300.0,5.0,3.0,255.0
1150.0,2.0,2.0,46.0
1020.0,2.0,2.0,80.0
3715.0,4.0,6.0,212.5
1160.0,2.0,2.0,95.0
1075.0,3.0,2.0,31.0
1225.0,2.0,2.0,72.0
5000.0,4.0,5.0,950.0
1600.0,2.0,2.0,160.0
600.0,2.0,1.0,90.0
1350.0,3.0,3.0,60.0
1300.0,3.0,3.0,69.0
830.0,2.0,2.0,36.28
1155.0,2.0,2.0,69.18
3126.0,4.0,5.0,345.0
905.0,2.0,2.0,55.0
1375.0,3.0,2.0,75.0
1140.0,2.0,2.0,33.84
1550.0,3.0,2.0,60.0
957.0,2.0,2.0,55.0
890.0,2.0,2.0,45.0
3000.0,4.0,4.0,235.0
1070.0,2.0,2.0,55.0
2400.0,5.0,5.0,150.0
2400.0,4.0,4.0,595.0
925.0,2.0,2.0,37.0
1415.0,2.0,2.0,60.0
500.0,1.0,2.0,80.0
1225.0,2.0,2.0,37.0
2000.0,4.0,4.0,90.0
840.0,1.0,1.0,57.0
1560.0,9.0,9.0,200.0
1732.0,3.0,3.0,112.0
1200.0,1.0,1.0,45.0
1260.0,2.0,2.0,69.9
1092.0,2.0,2.0,49.0
827.0,2.0,2.0,34.0
1357.0,2.0,2.0,54.0
650.0,2.0,1.0,40.0
1370.0,3.0,2.0,54.79
1725.0,3.0,3.0,106.0
1000.0,2.0,2.0,70.0
1350.0,1.0,1.0,55.0
3200.0,4.0,4.0,350.0
1717.0,3.0,3.0,110.0
700.0,2.0,2.0,34.0
800.0,2.0,2.0,32.0
2367.0,3.0,4.0,340.0
1415.0,3.0,2.0,65.0
1976.0,3.0,3.0,145.0
883.0,2.0,2.0,37.01
700.0,1.0,1.0,38.0
1445.0,3.0,3.0,50.0
2082.0,3.0,3.0,104.0
1140.0,2.0,2.0,46.0
933.0,2.0,2.0,66.0
800.0,4.0,5.0,95.5
1155.0,2.0,2.0,57.0
1130.0,2.0,2.0,36.0
1200.0,2.0,2.0,73.2
1055.0,2.0,2.0,43.0
1555.0,3.0,3.0,125.0
1420.0,3.0,3.0,62.0
2214.0,3.0,3.0,350.0
658.0,1.0,1.0,26.91
896.9,2.0,2.0,78.74
4000.0,4.0,3.0,750.0
1035.0,2.0,2.0,40.0
2064.0,4.0,5.0,225.0
1839.0,3.0,3.0,160.0
1200.0,2.0,2.0,44.0
488.0,1.0,1.0,20.0
1200.0,3.0,2.0,198.0
2760.0,5.0,5.0,140.0
993.0,2.0,2.0,42.0
1225.0,2.0,2.0,45.0
900.0,2.0,2.0,55.0
1200.0,9.0,13.0,150.0
825.0,2.0,2.0,32.0
3596.0,4.0,4.0,359.0
1350.0,6.0,4.0,203.0
1800.0,3.0,3.0,92.0
925.0,2.0,2.0,100.0
1167.0,2.0,2.0,63.0
1150.0,2.0,2.0,41.0
650.0,1.0,1.0,50.0
675.0,1.0,1.0,27.0
2260.0,2.0,3.0,90.0
720.0,1.0,1.0,32.39
4800.0,3.0,4.0,600.0
1100.0,2.0,2.0,58.0
550.0,2.0,1.0,20.0
1330.0,3.0,2.0,58.0
1320.0,2.0,2.0,160.0
1685.0,3.0,4.0,185.0
2400.0,6.0,5.0,75.0
1770.0,3.0,3.0,108.0
2100.0,3.0,3.0,125.0
1000.0,2.0,2.0,42.0
600.0,4.0,5.0,105.0
2916.0,4.0,5.0,230.0
1419.59,3.0,2.0,65.0
1400.0,3.0,3.0,81.0
750.0,2.0,2.0,37.49
1070.0,2.0,2.0,87.0
1536.0,3.0,3.0,107.0
1710.0,3.0,3.0,210.0
2400.0,3.0,3.0,196.0
1773.5,3.0,2.0,102.92
1342.0,2.0,2.0,72.0
1600.0,3.0,3.0,130.0
938.0,1.0,1.0,50.0
1820.0,3.0,3.0,99.0
2439.0,4.0,4.0,170.0
1665.0,3.0,3.0,78.0
1850.0,3.0,3.0,150.0
1091.0,2.0,2.0,40.0
1346.0,2.0,2.0,74.03
1720.0,3.0,3.0,224.0
3675.0,4.0,4.0,176.0
1060.0,2.0,2.0,33.95
1059.0,2.0,2.0,57.0
1299.0,2.0,2.0,97.0
1491.0,3.0,3.0,85.0
1200.0,2.0,2.0,85.0
2088.0,4.0,5.0,110.0
581.0,1.0,1.0,29.0
1296.0,2.0,2.0,70.0
1125.0,2.0,2.0,55.0
1275.0,3.0,3.0,70.0
1095.0,2.0,2.0,55.0
10000.0,5.0,4.0,975.0
1330.0,2.0,2.0,74.0
1135.0,2.0,2.0,60.0
516.0,1.0,1.0,39.0
1194.0,2.0,2.0,51.0
2250.0,5.0,5.0,240.0
770.0,2.0,1.0,38.0
3930.0,4.0,5.0,330.0
1355.0,3.0,3.0,54.2
3000.0,8.0,8.0,150.0
2569.0,4.0,4.0,175.0
3758.0,4.0,4.0,450.0
1116.0,2.0,2.0,51.91
1707.0,3.0,3.0,115.0
1200.0,5.0,5.0,225.0
1070.0,2.0,2.0,49.0
6000.0,4.0,4.0,410.0
1240.0,3.0,2.0,83.0
1300.0,2.0,2.0,91.65
1700.0,2.0,2.0,76.0
1383.0,3.0,2.0,76.18
3000.0,5.0,4.0,170.0
1200.0,2.0,2.0,34.65
935.0,2.0,2.0,45.0
2072.0,3.0,4.0,151.0
2200.0,4.0,3.0,225.0
615.0,1.0,1.0,46.0
1116.0,2.0,2.0,45.0
1639.0,3.0,3.0,107.0
1839.0,3.0,3.0,130.0
1300.0,2.0,2.0,63.0
625.0,1.0,1.0,27.0
933.0,1.0,1.0,61.0
2289.0,3.0,3.0,180.0
2316.0,3.0,3.0,125.0
1005.0,2.0,2.0,39.77
1080.0,2.0,2.0,38.0
1200.0,7.0,5.0,185.0
910.0,2.0,2.0,36.0
1200.0,2.0,2.0,73.0
1110.0,2.0,2.0,39.9
1142.0,2.0,2.0,56.0
4000.0,5.0,4.0,240.0
1800.0,3.0,3.0,204.0
1005.0,2.0,2.0,55.0
1626.6,3.0,3.0,133.0
1074.0,2.0,2.0,54.0
1230.0,2.0,2.0,80.0
660.0,2.0,1.0,23.0
1007.0,2.0,2.0,48.0
1050.0,4.0,6.0,74.0
1820.0,3.0,3.0,113.0
1100.0,2.0,2.0,60.0
1348.0,2.0,2.0,100.0
1230.0,2.0,2.0,66.25
1176.0,3.0,2.0,37.62
1590.0,3.0,3.0,57.0
1200.0,2.0,2.0,78.0
1298.0,2.0,2.0,65.0
1161.0,2.0,2.0,55.15
1350.0,4.0,4.0,175.0
1200.0,5.0,5.0,138.0
1285.0,2.0,2.0,60.0
1644.0,3.0,3.0,92.59
1819.0,3.0,3.0,150.0
1205.0,2.0,2.0,85.0
2350.0,3.0,3.0,300.0
1050.0,2.0,2.0,42.0
1270.0,2.0,2.0,62.0
1240.0,3.0,2.0,39.89
1221.0,3.0,3.0,70.0
840.0,3.0,2.0,35.0
1339.0,2.0,2.0,63.0
4303.0,4.0,5.0,300.0
1315.0,2.0,2.0,85.0
1250.0,2.0,2.0,68.0
850.0,2.0,2.0,27.0
1600.0,3.0,2.0,110.0
1250.0,2.0,2.0,62.0
1312.0,3.0,2.0,56.5
3000.0,4.0,4.0,134.0
1300.0,2.0,2.0,28.0
1990.0,3.0,3.0,98.0
760.0,2.0,2.0,38.5
5000.0,4.0,4.0,536.0
1614.0,3.0,2.0,59.0
1500.0,4.0,3.0,162.0
1182.0,3.0,2.0,60.1
1053.0,2.0,2.0,46.29
750.0,1.0,1.0,105.0
2000.0,3.0,3.0,125.0
1940.0,3.0,4.0,116.0
1590.0,3.0,3.0,105.0
1035.0,2.0,2.0,52.79
1075.0,2.0,2.0,53.0
900.0,2.0,2.0,55.0
1260.0,3.0,2.0,62.0
1200.0,6.0,5.0,260.0
1702.0,3.0,3.0,107.0
1080.0,3.0,2.0,65.0
1189.0,2.0,2.0,45.0
1035.0,2.0,2.0,39.0
1200.0,2.0,2.0,36.0
4482.0,8.0,6.0,852.0
1200.0,3.0,3.0,200.0
1300.0,3.0,3.0,69.0
1330.0,2.0,2.0,93.65
1210.0,3.0,2.0,65.0
1350.0,3.0,2.0,54.2
1900.0,3.0,2.0,65.0
1935.0,3.0,4.0,125.0
1410.0,3.0,3.0,90.0
1469.0,2.0,2.0,99.14
986.0,2.0,2.0,30.0
1460.0,3.0,2.0,87.0
1260.0,3.0,2.0,85.05
1345.0,3.0,2.0,39.5
980.0,2.0,2.0,57.0
1164.0,2.0,2.0,75.0
929.0,2.0,1.0,51.0
1065.0,2.0,2.0,70.0
1172.0,2.0,2.0,56.725
3000.0,3.0,3.0,265.0
1020.0,2.0,2.0,30.27
1362.0,3.0,3.0,62.63
672.0,1.0,1.0,36.85
1746.0,3.0,3.0,115.0
1025.0,2.0,2.0,29.6
1532.0,2.0,2.0,65.0
1200.0,3.0,2.0,120.0
1250.0,2.0,2.0,65.0
1188.0,2.0,2.0,39.0
3565.0,4.0,4.0,218.0
1170.0,2.0,2.0,85.0
1800.0,3.0,3.0,150.0
1000.0,2.0,2.0,35.0
2600.0,3.0,3.0,375.0
1200.0,5.0,4.0,240.0
2507.0,4.0,4.0,155.0
1061.0,2.0,2.0,34.0
1290.0,2.0,2.0,69.0
1200.0,2.0,2.0,42.6
1120.0,2.0,2.0,39.29
418.0,1.0,1.0,12.0
1333.0,3.0,3.0,50.0
1691.0,3.0,3.0,119.0
747.0,1.0,1.0,34.355
1700.0,3.0,3.0,250.0
2030.0,3.0,4.0,125.0
1012.0,2.0,2.0,70.0
1245.0,3.0,2.0,60.0
1765.0,3.0,3.0,118.0
1110.0,2.0,2.0,36.25
967.0,2.0,2.0,47.8
1044.0,2.0,2.0,36.0
1518.0,3.0,3.0,80.0
1300.0,3.0,2.0,57.0
1798.0,3.0,3.0,73.0
866.28,2.0,2.0,36.38
3410.0,4.0,5.0,253.0
1179.0,2.0,2.0,56.0
3600.0,5.0,5.0,510.0
1125.0,2.0,2.0,48.0
2098.0,3.0,3.0,210.0
2400.0,3.0,3.0,270.0
1976.0,3.0,3.0,92.0
1190.0,2.0,2.0,61.8
1800.0,3.0,3.0,192.0
1761.0,3.0,3.0,84.52
1700.0,3.0,3.0,120.0
900.0,4.0,4.0,70.0
1128.0,2.0,2.0,64.8
2000.0,3.0,3.0,85.0
1220.0,3.0,2.0,35.25
509.0,1.0,1.0,20.0
1852.0,3.0,4.0,122.0
1045.0,2.0,2.0,40.65
3535.0,4.0,4.0,215.0
1102.0,2.0,2.0,53.67
1800.0,4.0,3.0,82.0
1436.0,3.0,2.0,75.0
1397.0,3.0,2.0,52.0
1140.0,2.0,2.0,56.0
645.0,1.0,1.0,55.0
2350.0,5.0,5.0,325.0
1200.0,3.0,3.0,225.0
2050.0,3.0,3.0,135.0
1335.0,2.0,2.0,95.0
2100.0,2.0,1.0,200.0
1255.0,3.0,3.0,77.68
1140.0,2.0,2.0,59.0
2376.0,3.0,3.0,240.0
663.0,1.0,1.0,46.0
1276.0,2.0,2.0,146.0
1450.0,3.0,3.0,60.9
1400.0,3.0,3.0,66.0
1339.0,2.0,2.0,53.56
1220.0,3.0,2.0,35.23
2200.0,3.0,3.0,275.0
1305.0,2.0,2.0,52.0
1740.0,3.0,3.0,80.0
680.0,2.0,1.0,21.0
1154.0,2.0,2.0,47.0
1200.0,2.0,2.0,40.0
1155.0,2.0,2.0,54.5
1525.0,3.0,2.0,63.0
600.0,1.0,1.0,125.0
2470.0,4.0,5.0,192.0
1100.0,2.0,2.0,60.0
1250.0,2.0,2.0,65.0
1400.0,2.0,2.0,70.0
1600.0,3.0,3.0,100.0
1060.0,2.0,2.0,55.0
1272.0,2.0,2.0,50.0
1296.0,2.0,2.0,105.0
2100.0,4.0,3.0,280.0
1945.0,3.0,3.0,115.0
1033.0,3.0,2.0,30.47
2300.0,3.0,2.0,69.0
1235.0,2.0,2.0,52.76
2100.0,3.0,3.0,270.0
850.0,2.0,2.0,42.5
1880.0,3.0,3.0,110.0
2450.0,4.0,4.0,368.0
1060.0,2.0,2.0,52.0
2041.0,3.0,3.0,138.0
1050.0,2.0,2.0,125.0
1037.0,2.0,2.0,36.28
1150.0,2.0,2.0,39.0
1184.0,2.0,2.0,62.0
1680.0,3.0,3.0,126.0
1411.0,3.0,3.0,100.0
900.0,5.0,5.0,55.0
900.0,2.0,2.0,41.0
3500.0,4.0,4.0,320.0
1702.0,3.0,3.0,120.0
1185.0,2.0,2.0,45.0
1300.0,3.0,3.0,64.0
1545.0,3.0,3.0,65.0
1515.0,3.0,2.0,135.0
1300.0,3.0,3.0,55.0
1107.0,2.0,2.0,57.0
1720.0,3.0,3.0,106.0
1540.0,3.0,3.0,150.0
1000.0,2.0,2.0,44.5
710.0,1.0,1.0,40.42
1100.0,2.0,2.0,38.0
3200.0,4.0,4.0,270.0
900.0,2.0,2.0,160.0
1250.0,2.0,2.0,48.0
2400.0,5.0,4.0,130.0
1584.01,3.0,3.0,104.0
875.0,4.0,4.0,150.0
1200.0,4.0,6.0,60.0
1485.0,3.0,2.0,70.0
1100.0,3.0,2.0,78.0
1245.0,2.0,2.0,59.0
1880.0,4.0,4.0,154.0
2214.0,3.0,3.0,350.0
1050.0,2.0,2.0,45.0
600.0,4.0,4.0,95.0
1640.0,3.0,3.0,105.0
1165.0,2.0,2.0,65.0
1110.0,2.0,2.0,43.0
1200.0,7.0,5.0,200.0
4000.0,4.0,4.0,630.0
4500.0,4.0,4.0,150.0
600.0,4.0,4.0,65.0
1300.0,2.0,2.0,75.0
1200.0,2.0,1.0,42.0
1232.0,2.0,2.0,69.61
1704.0,3.0,3.0,94.36
1275.0,3.0,2.0,88.0
1222.0,3.0,2.0,68.0
1155.0,2.0,2.0,39.0
1000.0,2.0,2.0,29.95
1200.0,2.0,2.0,45.0
1517.0,3.0,3.0,71.28
1166.0,2.0,2.0,37.29
870.0,2.0,2.0,24.0
4000.0,5.0,5.0,170.0
1350.0,4.0,4.0,230.0
3019.0,4.0,6.0,190.0
1345.0,3.0,3.0,58.0
900.0,3.0,3.0,75.0
3800.0,4.0,5.0,170.0
971.0,3.0,2.0,38.0
1255.0,2.0,2.0,52.32
1810.0,2.0,2.0,65.0
1300.0,2.0,2.0,58.0
1185.0,2.0,2.0,45.0
1350.0,2.0,2.0,68.0
1590.0,3.0,3.0,76.16
3000.0,7.0,6.0,180.0
1560.0,4.0,3.0,149.0
1650.0,3.0,3.0,126.0
1645.0,3.0,3.0,87.0
1748.0,3.0,3.0,103.0
1200.0,3.0,3.0,67.77
1170.0,2.0,2.0,50.0
3420.0,4.0,4.0,225.0
1320.0,3.0,2.0,65.0
1610.0,3.0,3.0,84.53
1870.0,3.0,3.0,180.0
1510.0,3.0,2.0,110.0
2700.0,6.0,7.0,110.0
1305.0,3.0,2.0,45.68
1500.0,3.0,2.0,70.0
1149.0,2.0,2.0,130.0
1948.0,4.0,4.0,129.0
1448.0,3.0,3.0,70.0
1242.0,2.0,2.0,78.0
1268.0,2.0,2.0,58.0
1101.0,2.0,2.0,50.0
1255.0,2.0,2.0,65.0
1362.0,3.0,3.0,62.63
984.0,3.0,3.0,140.0
1089.0,2.0,2.0,32.67
800.0,2.0,1.0,95.0
1345.0,3.0,2.0,57.0
3600.0,8.0,9.0,125.0
1650.0,4.0,2.0,140.0
950.0,2.0,2.0,45.0
1068.0,2.0,2.0,43.0
860.0,2.0,1.0,31.0
3000.0,8.0,5.0,130.0
1756.0,3.0,3.0,66.73
1205.0,2.0,2.0,41.0
1120.0,8.0,8.0,155.0
1800.0,3.0,3.0,125.0
8321.0,4.0,5.0,2912.0
1604.0,3.0,3.0,68.0
2732.0,4.0,4.0,204.0
1015.0,2.0,2.0,25.88
1200.0,3.0,2.0,42.0
1010.0,2.0,2.0,38.0
1250.0,2.0,3.0,170.0
1010.0,2.0,2.0,41.0
1050.0,2.0,2.0,33.1
1710.0,3.0,3.0,85.0
1248.52,3.0,3.0,115.0
410.0,1.0,1.0,10.0
1656.0,3.0,2.0,62.93
1451.0,3.0,3.0,68.0
1200.0,6.0,3.0,175.0
1250.0,2.0,2.0,93.0
4395.0,3.0,3.0,240.0
4600.0,4.0,6.0,650.0
1340.0,3.0,2.0,42.0
1100.0,2.0,2.0,38.5
6000.0,4.0,6.0,700.0
1700.0,3.0,3.0,71.0
1200.0,6.0,5.0,150.0
1096.0,2.0,2.0,43.0
1160.0,2.0,2.0,33.5
1936.0,3.0,3.0,139.0
1269.0,3.0,2.0,63.0
3500.0,3.0,3.0,630.0
1586.0,3.0,3.0,125.0
1376.0,2.0,2.0,124.0
1452.0,3.0,3.0,56.5
1538.0,3.0,3.0,107.0
1427.0,3.0,2.0,130.0
935.0,2.0,2.0,40.0
1220.0,2.0,2.0,65.0
1197.0,2.0,2.0,77.0
674.0,2.0,1.0,19.9
410.0,1.0,1.0,15.0
1573.0,3.0,3.0,90.0
1135.0,2.0,2.0,58.0
1400.0,3.0,2.0,40.43
1200.0,1.0,1.0,65.0
1800.0,3.0,3.0,95.0
2045.0,3.0,3.0,108.0
1268.0,2.0,2.0,56.0
883.0,2.0,2.0,39.0
1600.0,3.0,3.0,100.0
1056.0,2.0,2.0,70.0
1200.0,10.0,11.0,105.0
4500.0,4.0,4.0,330.0
1204.0,2.0,2.0,58.0
1410.0,3.0,2.0,54.0
1460.0,2.0,2.0,80.3
1100.0,2.0,2.0,41.18
1310.0,2.0,2.0,88.0
1600.0,3.0,3.0,90.0
1250.0,2.0,2.0,55.0
1665.0,3.0,3.0,74.93
1345.0,3.0,2.0,57.0
2000.0,5.0,5.0,240.0
1416.0,2.0,2.0,67.0
1145.0,2.0,2.0,46.0
7200.0,10.0,10.0,200.0
1231.0,3.0,3.0,58.0
1664.0,3.0,3.0,73.95
2000.0,3.0,3.0,76.0
972.0,2.0,2.0,43.0
4500.0,4.0,4.0,345.0
1185.0,2.0,2.0,47.39
1750.0,3.0,3.0,81.0
3155.0,3.0,4.0,316.0
1007.0,2.0,2.0,68.0
1700.0,3.0,3.0,200.0
1250.0,2.0,2.0,85.0
1200.0,2.0,2.0,54.0
994.0,2.0,2.0,42.28
1150.0,2.0,2.0,40.0
1220.0,2.0,2.0,46.0
1441.0,2.0,2.0,115.0
1157.0,2.0,2.0,47.32
1300.0,6.0,6.0,150.0
1400.0,2.0,2.0,105.0
1370.07,3.0,3.0,65.0
1200.0,5.0,4.0,130.0
900.0,2.0,2.0,40.0
418.0,1.0,1.0,17.0
1200.0,3.0,3.0,80.0
1200.0,2.0,2.0,43.0
1062.0,2.0,2.0,42.48
1120.0,2.0,2.0,51.0
1012.0,2.0,2.0,44.0
1500.0,3.0,2.0,200.0
950.0,4.0,4.0,180.0
675.0,2.0,2.0,13.5
1430.0,2.0,2.0,78.0
1195.0,3.0,2.0,56.0
2640.0,3.0,5.0,150.0
1075.0,3.0,2.0,42.0
1570.0,3.0,3.0,75.99
782.0,6.0,4.0,85.0
1011.0,2.0,2.0,59.0
1450.0,3.0,2.0,102.0
1129.0,2.0,2.0,69.0
1126.0,2.0,2.0,36.0
1200.0,3.0,3.0,110.0
1180.0,3.0,2.0,45.0
600.0,3.0,4.0,125.0
940.0,4.0,4.0,45.0
1933.0,3.0,3.0,140.0
1082.0,2.0,2.0,64.0
2400.0,8.0,8.0,250.0
610.0,1.0,1.0,28.0
1560.0,4.0,4.0,160.0
1300.0,3.0,3.0,77.99
3850.0,4.0,6.0,205.0
1125.0,2.0,2.0,46.0
2400.0,6.0,7.0,107.0
777.4,2.0,2.0,25.0
2500.0,4.0,3.0,65.0
1798.0,3.0,3.0,150.0
1864.0,3.0,3.0,120.0
1115.0,2.0,2.0,51.91
400.0,1.0,1.0,25.0
1200.0,2.0,2.0,70.0
992.0,2.0,2.0,24.8
950.0,2.0,2.0,57.0
1500.0,4.0,4.0,185.0
1200.0,2.0,2.0,62.0
1735.0,3.0,3.0,70.0
1750.0,3.0,3.0,172.0
1009.0,2.0,2.0,56.0
1470.0,3.0,2.0,102.0
1527.0,3.0,3.0,115.0
985.0,2.0,2.0,45.0
3300.0,4.0,4.0,135.0
1277.0,2.0,2.0,77.0
1100.0,2.0,2.0,62.0
1820.0,3.0,3.0,140.0
1530.0,4.0,3.0,87.0
1886.0,3.0,3.0,205.0
1200.0,3.0,2.0,190.0
1880.0,3.0,4.0,110.0
1255.0,2.0,2.0,52.35
700.0,2.0,2.0,36.0
1140.0,2.0,2.0,46.0
1025.0,2.0,2.0,29.6
3453.0,4.0,4.0,247.0
1490.0,3.0,2.0,59.6
1200.0,4.0,4.0,165.0
1850.0,3.0,3.0,140.0
1250.0,2.0,2.0,78.0
2400.0,4.0,3.0,108.0
3522.0,4.0,5.0,716.0
1244.0,2.0,2.0,88.0
623.0,4.0,4.0,75.0
1025.0,2.0,2.0,28.57
1034.0,2.0,2.0,38.0
1191.0,3.0,2.0,33.34
1719.0,3.0,3.0,71.0
1035.0,2.0,2.0,39.33
1500.0,4.0,3.0,230.0
1470.0,3.0,2.0,84.22
1140.0,2.0,2.0,50.66
1752.12,3.0,3.0,125.0
600.0,6.0,6.0,80.0
600.0,4.0,3.0,84.0
2990.0,3.0,3.0,170.0
1660.0,3.0,3.0,85.0
1275.0,3.0,3.0,63.43
1365.0,3.0,3.0,52.81
1200.0,3.0,2.0,90.0
2546.0,3.0,3.0,170.0
1392.0,3.0,3.0,69.46
1245.0,2.0,2.0,59.76
1200.0,5.0,3.0,65.0
1162.0,2.0,2.0,64.08
1476.0,3.0,2.0,73.0
700.0,1.0,1.0,21.5
3600.0,6.0,6.0,170.0
943.0,2.0,2.0,48.0
1150.0,2.0,2.0,170.0
1113.0,2.0,2.0,44.5
1615.0,3.0,3.0,69.43
1279.0,2.0,2.0,100.0
1256.0,2.0,2.0,60.0
1805.0,3.0,3.0,280.0
1350.0,3.0,3.0,65.0
1525.0,3.0,3.0,68.63
1357.0,2.0,2.0,123.0
1645.0,3.0,3.0,117.0
1777.26,3.0,3.0,92.0
845.0,2.0,2.0,32.0
900.0,2.0,2.0,25.0
1210.0,2.0,2.0,64.15
829.0,2.0,2.0,22.8
1879.0,3.0,3.0,155.0
1250.0,3.0,2.0,50.0
1200.0,4.0,2.0,35.0
1108.0,3.0,2.0,60.0
1401.0,3.0,3.0,69.0
1157.0,3.0,2.0,75.0
1185.0,2.0,2.0,42.66
1751.0,3.0,3.0,115.0
1550.0,5.0,3.0,250.0
1880.0,3.0,3.0,96.5
1322.5,3.0,3.0,40.985
1175.0,2.0,2.0,38.0
1407.0,2.0,2.0,98.49
1000.0,2.0,2.0,50.0
1518.0,3.0,3.0,75.0
3600.0,4.0,4.0,300.0
1027.0,2.0,2.0,67.0
3730.0,4.0,6.0,430.0
1145.0,2.0,2.0,46.0
1260.0,2.0,2.0,113.0
1500.0,3.0,2.0,47.25
1737.0,3.0,2.0,57.32
3517.0,4.0,2.0,161.5
1600.0,3.0,4.0,120.0
1500.0,3.0,3.0,135.0
1120.0,2.0,2.0,60.0
1200.0,3.0,4.0,240.0
1030.0,2.0,2.0,46.5
2500.0,6.0,6.0,88.0
1057.0,2.0,2.0,35.0
2774.0,4.0,4.0,208.0
1460.0,2.0,2.0,38.5
1075.0,2.0,2.0,53.7
1080.0,3.0,2.0,60.0
3626.0,4.0,5.0,788.0
5100.0,6.0,7.0,225.0
1139.7,2.0,2.0,45.0
1074.0,2.0,2.0,42.8
1200.0,2.0,2.0,46.13
2425.0,4.0,5.0,175.0
1323.0,2.0,2.0,74.0
1232.0,2.0,2.0,69.61
900.0,2.0,2.0,40.0
740.0,1.0,1.0,23.65
1920.0,3.0,3.0,134.0
1550.0,3.0,3.0,96.0
1588.0,3.0,2.0,90.0
2300.0,3.0,4.0,240.0
3600.0,9.0,8.0,165.0
1308.0,2.0,2.0,86.0
1340.0,3.0,2.0,54.27
3280.0,10.0,9.0,450.0
2170.0,4.0,3.0,265.0
1719.0,3.0,3.0,135.0
1107.83,2.0,2.0,41.51
1200.0,2.0,2.0,45.84
1090.0,1.0,2.0,31.48
1500.0,5.0,5.0,210.0
1660.0,3.0,3.0,104.0
1247.0,2.0,2.0,58.56
1595.0,3.0,3.0,96.0
1175.0,2.0,2.0,50.0
1200.0,8.0,8.0,135.0
1184.0,2.0,2.0,78.0
1100.0,2.0,2.0,55.0
935.0,2.0,2.0,78.0
1200.0,2.0,2.0,60.0
2400.0,5.0,5.0,408.0
1000.0,2.0,2.0,45.0
1000.0,2.0,2.0,52.0
1705.0,3.0,3.0,85.0
1060.0,3.0,2.0,58.3
2325.0,4.0,4.0,120.0
1347.0,3.0,2.0,55.0
1200.0,8.0,8.0,250.0
1402.0,2.0,2.0,95.0
2280.0,3.0,4.0,125.0
1225.0,2.0,2.0,71.05
1080.0,2.0,2.0,53.0
4000.0,7.0,7.0,90.0
1919.0,3.0,3.0,300.0
1100.0,2.0,2.0,42.6
2500.0,4.0,4.0,225.0
1200.0,2.0,2.0,78.0
1565.0,3.0,2.0,57.91
1200.0,2.0,3.0,78.0
1581.0,3.0,3.0,76.0
2882.0,4.0,5.0,200.0
1440.0,5.0,5.0,97.0
2180.0,3.0,3.0,273.0
7000.0,4.0,8.0,450.0
985.0,2.0,2.0,38.92
950.0,2.0,2.0,35.0
1339.0,2.0,2.0,55.0
1449.0,3.0,3.0,72.0
1200.0,4.0,4.0,180.0
1100.0,2.0,2.0,38.68
1003.5,2.0,2.0,28.095
2700.0,3.0,3.0,200.0
1100.0,2.0,2.0,55.0
1140.0,2.0,2.0,32.92
3009.0,3.0,3.0,330.0
3300.0,8.0,8.0,310.0
800.0,2.0,1.0,30.0
2000.0,5.0,4.0,65.0
1200.0,4.0,4.0,190.0
1300.0,2.0,2.0,95.0
1220.0,2.0,2.0,60.0
2289.0,3.0,3.0,178.0
1170.0,2.0,2.0,56.0
1350.0,2.0,2.0,89.5
883.0,2.0,2.0,45.0
1698.0,3.0,3.0,125.0
2187.5,4.0,4.0,105.0
1060.0,2.0,2.0,58.5
1185.0,2.0,2.0,75.0
2051.0,3.0,3.0,180.0
1404.0,2.0,2.0,72.0
1252.0,2.0,2.0,67.0
1885.0,3.0,3.0,125.0
3381.0,6.0,6.0,225.0
980.0,2.0,2.0,42.0
2500.0,3.0,3.0,340.0
1420.0,3.0,3.0,66.0
1166.0,6.0,6.0,135.0
2312.0,3.0,3.0,156.0
3000.0,4.0,4.0,130.0
1175.0,2.0,2.0,70.0
1145.0,2.0,2.0,51.0
970.0,2.0,2.0,52.5
1125.0,2.0,2.0,32.49
1639.5,3.0,3.0,92.63
5000.0,4.0,4.0,300.0
2150.0,3.0,3.0,240.0
1635.0,3.0,3.0,57.0
3425.0,3.0,3.0,320.0
2950.0,4.0,4.0,253.0
1200.0,1.0,2.0,66.0
1335.0,3.0,2.0,73.43
4450.0,4.0,6.0,449.0
1166.0,2.0,2.0,64.08
2390.0,3.0,3.0,372.0
1460.0,3.0,2.0,90.0
1690.0,3.0,3.0,50.0
1386.0,4.0,3.0,93.0
1090.0,2.0,2.0,32.0
1732.0,3.0,3.0,85.73
1390.0,2.0,2.0,72.0
1095.0,2.0,2.0,85.41
416.0,1.0,1.0,17.19
2400.0,3.0,2.0,50.0
1350.0,3.0,2.0,85.0
1453.0,3.0,2.0,73.0
1226.0,2.0,2.0,65.0
784.0,4.0,2.0,165.0
1168.0,3.0,2.0,68.0
1776.0,3.0,3.0,124.0
1634.0,3.0,3.0,68.0
860.0,2.0,2.0,56.0
2800.0,3.0,3.0,400.0
1650.0,3.0,3.0,95.0
1190.0,2.0,2.0,70.0
1133.0,2.0,2.0,33.99
1559.0,3.0,3.0,62.0
1448.0,3.0,4.0,118.0
6652.0,4.0,6.0,510.0
976.0,2.0,2.0,50.0
1350.0,4.0,4.0,240.0
1590.0,3.0,2.0,54.0
2940.0,4.0,6.0,201.0
1633.0,3.0,3.0,110.0
1151.0,2.0,2.0,46.0
1400.0,3.0,2.0,42.0
1037.0,2.0,2.0,36.0
1188.0,2.0,2.0,36.0
1060.0,2.0,2.0,52.0
2215.0,3.0,4.0,162.0
1255.0,2.0,2.0,54.5
2500.0,3.0,2.0,300.0
1075.0,2.0,2.0,53.7
2569.0,4.0,5.0,180.0
900.0,2.0,2.0,27.0
1183.0,2.0,2.0,79.54
1100.0,2.0,2.0,44.0
1643.0,3.0,2.0,70.0
1500.0,3.0,2.0,120.0
1291.0,2.0,2.0,75.0
1150.0,3.0,3.0,80.0
1060.0,2.0,2.0,55.0
1575.0,3.0,2.0,110.0
1200.0,5.0,4.0,160.0
1700.0,4.0,3.0,55.0
1236.0,2.0,2.0,58.0
1350.0,3.0,2.0,39.0
2475.0,3.0,4.0,326.0
3800.0,6.0,6.0,175.0
4694.0,4.0,5.0,375.0
1200.0,2.0,2.0,34.66
1200.0,4.0,4.0,75.0
1225.0,2.0,2.0,56.0
1056.0,2.0,2.0,75.0
1240.0,3.0,2.0,42.85
1200.0,3.0,3.0,74.52
1850.0,3.0,3.0,110.0
3150.0,4.0,4.0,180.0
1200.0,1.0,1.0,39.82
1018.0,4.0,4.0,150.0
3520.0,5.0,6.0,460.0
1185.0,3.0,2.0,30.22
918.0,2.0,2.0,56.0
1330.0,3.0,2.0,68.0
1540.0,3.0,2.0,70.0
1200.0,2.0,2.0,80.0
927.0,2.0,2.0,37.0
2585.5,4.0,4.0,115.0
1400.0,3.0,2.0,78.0
1345.0,2.0,2.0,106.0
1900.0,4.0,3.0,400.0
1510.0,2.0,2.0,80.0
302.0,2.0,2.0,25.0
525.0,1.0,2.0,27.0
1500.0,3.0,3.0,61.52
827.5,1.0,1.0,42.535
1100.0,3.0,2.0,72.0
1200.0,3.0,3.0,68.0
1100.0,3.0,3.0,53.0
2282.0,4.0,4.0,115.0
760.0,2.0,2.0,37.49
2172.0,3.0,3.0,100.0
3800.0,6.0,6.0,390.0
600.0,4.0,2.0,72.0
3300.0,3.0,3.0,165.0
1242.0,3.0,3.0,51.0
410.0,1.0,1.0,48.0
1245.0,3.0,2.0,43.58
1088.0,2.0,2.0,44.0
1200.0,2.0,2.0,46.0
1995.0,3.0,3.0,100.0
1309.0,2.0,2.0,82.0
1717.0,3.0,3.0,200.0
2100.0,3.0,3.0,200.0
880.0,2.0,1.0,90.0
1200.0,6.0,6.0,95.0
1250.0,3.0,3.0,42.0
3520.0,3.0,5.0,240.0
1041.0,2.0,2.0,54.0
1505.0,3.0,2.0,60.0
1776.0,3.0,3.0,150.0
1767.0,3.0,3.0,89.0
1293.0,2.0,2.0,80.0
1320.0,2.0,2.0,50.0
1280.0,2.0,2.0,68.48
1245.0,2.0,2.0,83.05
1027.0,2.0,1.0,44.0
1200.0,2.0,2.0,46.17
1100.0,3.0,3.0,58.0
1065.0,3.0,3.0,72.0
1814.0,3.0,3.0,129.0
1610.0,3.0,2.0,112.0
850.0,1.0,1.0,78.0
1600.0,3.0,3.0,79.0
3200.0,3.0,4.0,140.0
1250.0,3.0,2.0,77.13
1243.0,2.0,2.0,46.0
1452.0,3.0,3.0,60.98
1475.0,3.0,3.0,75.0
1353.0,2.0,2.0,75.0
2100.0,4.0,3.0,210.0
1750.0,3.0,3.0,58.0
4800.0,4.0,4.0,550.0
1270.0,2.0,2.0,96.0
2700.0,4.0,3.0,75.0
1200.0,4.0,4.0,270.0
2695.0,4.0,4.0,188.0
1330.0,3.0,3.0,65.0
660.0,2.0,1.0,18.0
1400.0,2.0,2.0,90.0
4000.0,4.0,5.0,195.0
1700.0,3.0,3.0,75.0
1585.0,2.0,2.0,90.0
1385.0,3.0,3.0,67.0
1128.0,2.0,2.0,67.0
60.0,4.0,4.0,218.0
1200.0,18.0,18.0,200.0
1203.0,2.0,2.0,60.0
905.0,2.0,2.0,35.0
1450.0,3.0,3.0,79.0
1105.0,2.0,2.0,38.0
1200.0,2.0,2.0,46.13
1530.0,3.0,2.0,89.0
1105.0,2.0,2.0,35.4
1333.0,2.0,2.0,78.56
1065.0,2.0,2.0,45.0
1243.0,2.0,2.0,46.0
1530.0,3.0,3.0,76.34
1200.0,2.0,2.0,65.0
1270.0,2.0,2.0,94.0
1830.0,3.0,3.0,89.0
900.0,2.0,2.0,35.0
2400.0,4.0,2.0,250.0
7000.0,6.0,6.0,560.0
1450.0,3.0,2.0,78.0
1525.0,3.0,3.0,65.0
1080.0,2.0,2.0,67.0
1220.0,2.0,2.0,72.0
1200.0,2.0,2.0,44.4
1355.0,2.0,2.0,73.17
2400.0,3.0,3.0,348.0
1500.0,2.0,2.0,60.0
1355.0,2.0,2.0,95.0
1070.0,2.0,2.0,57.0
1980.0,3.0,4.0,180.0
842.0,2.0,2.0,30.0
700.0,1.0,1.0,31.2
2500.0,3.0,4.0,65.0
1884.0,3.0,3.0,95.0
1100.0,2.0,2.0,75.0
1196.0,2.0,2.0,40.54
1820.0,3.0,3.0,85.0
1200.0,8.0,8.0,145.0
1185.0,2.0,2.0,43.5
2145.0,3.0,3.0,170.0
1220.0,2.0,2.0,89.0
1116.0,2.0,2.0,51.91
1192.0,2.0,2.0,75.0
1449.0,3.0,3.0,110.0
2500.0,3.0,3.0,250.0
1700.0,3.0,3.0,90.0
1920.0,3.0,3.0,150.0
1350.0,2.0,2.0,90.0
4800.0,4.0,5.0,350.0
1700.0,3.0,3.0,74.0
1447.0,2.0,3.0,76.0
1329.0,2.0,2.0,107.0
1314.0,3.0,2.0,70.44
1200.0,3.0,3.0,110.0
1214.0,6.0,3.0,220.0
1513.0,3.0,3.0,103.0
1246.0,2.0,2.0,67.5
705.0,1.0,1.0,65.0
1220.0,2.0,2.0,62.0
1800.0,3.0,2.0,45.0
1400.0,3.0,3.0,75.0
1245.0,2.0,2.0,80.0
1495.0,3.0,2.0,63.0
2000.0,3.0,2.0,275.0
996.0,2.0,2.0,36.5
1000.0,2.0,2.0,44.0
1250.0,2.0,2.0,75.0
975.0,2.0,2.0,24.86
1261.0,3.0,2.0,80.0
1080.0,2.0,2.0,46.0
1230.0,2.0,2.0,50.0
982.0,2.0,2.0,25.53
1260.0,3.0,3.0,49.36
1590.0,3.0,2.0,135.0
1220.0,2.0,2.0,39.0
1320.0,3.0,2.0,38.12
1750.0,3.0,3.0,105.0
1436.0,3.0,2.0,62.15
1200.0,3.0,2.0,66.0
1500.0,2.0,2.0,140.0
1560.0,3.0,3.0,90.0
3758.0,3.0,3.0,300.0
1275.0,2.0,2.0,59.0
1040.0,2.0,2.0,36.4
2400.0,3.0,3.0,115.0
1500.0,6.0,9.0,230.0
3150.0,4.0,5.0,212.0
1960.0,3.0,3.0,165.0
3200.0,4.0,5.0,309.0
1195.0,2.0,2.0,100.0
1195.0,2.0,2.0,53.105
4500.0,5.0,5.0,145.0
450.0,3.0,3.0,70.0
4304.0,4.0,4.0,699.0
648.0,1.0,1.0,40.0
2100.0,3.0,3.0,130.0
4209.0,4.0,4.0,602.0
1027.0,2.0,2.0,44.0
1575.0,4.0,4.0,250.0
1365.0,3.0,3.0,52.82
650.0,1.0,1.0,18.0
1200.0,3.0,2.0,52.0
1100.0,2.0,2.0,90.0
1075.0,3.0,2.0,57.0
1100.0,2.0,2.0,63.0
1320.0,3.0,2.0,58.0
1500.0,3.0,3.0,65.0
1200.0,4.0,5.0,150.0
1125.0,4.0,3.0,126.0
1246.0,2.0,2.0,67.5
1718.0,3.0,3.0,90.2
1075.0,3.0,2.0,32.0
1480.0,3.0,3.0,75.48
500.0,1.0,1.0,13.0
2400.0,5.0,4.0,325.0
1200.0,4.0,4.0,125.0
1041.0,2.0,2.0,36.44
1128.0,2.0,2.0,48.4
1685.0,3.0,3.0,90.0
1180.0,2.0,2.0,65.0
1200.0,2.0,2.0,60.0
1250.0,3.0,3.0,39.5
900.0,2.0,2.0,41.0
1000.0,2.0,2.0,45.0
600.0,2.0,2.0,80.0
600.0,4.0,3.0,82.0
1404.0,2.0,2.0,70.0
1610.0,3.0,2.0,115.0
1760.0,2.0,2.0,85.0
975.0,2.0,2.0,55.0
1190.0,2.0,2.0,42.0
1110.0,2.0,2.0,46.0
2415.0,3.0,3.0,399.0
1235.0,2.0,2.0,44.5
1275.0,2.0,2.0,55.0
1115.0,2.0,2.0,115.0
1197.0,2.0,2.0,76.0
644.0,1.0,1.0,32.0
1251.0,2.0,2.0,47.0
1105.0,2.0,2.0,30.0
1080.0,2.0,2.0,38.0
2100.0,4.0,3.0,114.0
1600.0,4.0,4.0,200.0
1731.0,3.0,3.0,64.11
1206.0,2.0,2.0,55.0
1560.0,3.0,3.0,78.0
750.0,1.0,1.0,47.0
1035.0,2.0,2.0,90.0
1200.0,7.0,6.0,150.0
702.0,1.0,1.0,35.8
1700.0,3.0,3.0,65.0
1145.0,2.0,2.0,68.5
1208.0,3.0,2.0,43.5
1589.0,3.0,3.0,74.0
560.0,2.0,2.0,22.0
1426.0,3.0,2.0,61.5
1885.0,3.0,3.0,135.0
935.0,2.0,2.0,37.77
1171.0,2.0,2.0,73.0
1465.0,2.0,2.0,60.0
1820.0,3.0,3.0,95.0
1580.0,3.0,2.0,66.85
1452.0,3.0,2.0,46.29
1445.0,3.0,2.0,89.56
1170.0,2.0,2.0,39.0
1070.0,2.0,2.0,50.0
1100.0,3.0,3.0,53.0
1140.0,2.0,2.0,56.0
2600.0,3.0,3.0,160.0
1532.0,3.0,3.0,59.75
1150.0,2.0,2.0,46.0
1473.0,2.0,2.0,85.0
1350.0,3.0,3.0,80.99
4040.0,4.0,4.0,500.0
1980.0,3.0,4.0,166.0
1660.0,3.0,3.0,128.0
2456.0,7.0,7.0,85.0
650.0,2.0,2.0,45.0
4000.0,5.0,5.0,425.0
2475.0,3.0,4.0,340.0
1495.0,3.0,3.0,90.0
1080.0,2.0,2.0,48.0
1521.0,3.0,2.0,57.5
1053.0,2.0,2.0,51.0
2406.0,3.0,5.0,289.0
800.0,4.0,5.0,115.0
1050.0,2.0,2.0,42.0
1430.0,3.0,2.0,51.48
2400.0,3.0,3.0,12.0
1250.0,3.0,3.0,39.0
1200.0,4.0,2.0,75.0
840.0,1.0,1.0,150.0
1000.0,2.0,2.0,39.5
1630.0,3.0,3.0,68.0
985.0,2.0,2.0,40.5
1200.0,2.0,2.0,70.0
1650.0,3.0,3.0,100.0
1670.0,3.0,3.0,59.0
1200.0,5.0,5.0,205.0
1240.0,4.0,4.0,110.0
1000.0,2.0,2.0,60.0
830.0,2.0,2.0,26.0
1200.0,3.0,3.0,56.1
9600.0,5.0,7.0,2736.0
2500.0,4.0,6.0,122.5
1140.0,2.0,2.0,43.0
1635.0,3.0,3.0,85.0
1120.0,2.0,2.0,70.0
2750.0,6.0,6.0,200.0
1760.0,3.0,3.0,185.0
2137.0,3.0,3.0,110.0
973.0,2.0,2.0,50.74
1724.0,3.0,3.0,146.0
1020.0,2.0,2.0,40.79
1200.0,4.0,4.0,375.0
750.0,1.0,1.0,35.0
883.0,2.0,2.0,49.0
660.0,2.0,2.0,76.0
2787.0,4.0,5.0,220.0
1470.0,3.0,2.0,60.0
891.0,2.0,2.0,24.95
1275.0,2.0,2.0,76.0
1787.0,3.0,3.0,120.0
1730.0,5.0,5.0,75.0
1320.0,2.0,2.0,110.0
1692.0,3.0,3.0,108.0
1400.0,3.0,3.0,69.0
1115.0,2.0,2.0,50.0
1370.0,2.0,2.0,56.0
1602.0,3.0,3.0,56.0
793.0,1.0,1.0,40.0
675.0,1.0,1.0,35.0
3250.0,4.0,4.0,136.0
1050.0,2.0,2.0,43.0
1035.0,2.0,2.0,42.5
1200.0,3.0,2.0,44.0
1800.0,3.0,3.0,128.0
1625.0,3.0,3.0,70.0
1032.0,2.0,2.0,31.99
1496.0,3.0,2.0,71.81
1100.0,2.0,2.0,38.0
1500.0,3.0,3.0,50.0
1125.0,2.0,2.0,32.63
1555.0,3.0,3.0,73.0
1025.0,2.0,2.0,42.0
1482.0,3.0,2.0,83.73
1630.0,3.0,2.0,130.0
900.0,2.0,2.0,44.5
1355.0,3.0,2.0,75.0
2360.0,4.0,4.0,601.0
1200.0,2.0,2.0,45.0
1563.0,3.0,3.0,63.0
1344.0,4.0,4.0,84.0
3000.0,3.0,3.0,400.0
812.0,2.0,2.0,42.0
1200.0,2.0,2.0,70.0
3175.0,4.0,4.0,156.0
1360.0,2.0,2.0,101.0
1835.0,3.0,3.0,88.0
1756.0,3.0,3.0,110.0
1296.0,3.0,2.0,51.83
1300.0,2.0,2.0,75.0
1141.0,2.0,2.0,50.0
1270.0,3.0,2.0,50.79
1210.0,2.0,2.0,55.0
1310.0,2.0,2.0,67.0
1356.0,5.0,5.0,139.0
1187.0,3.0,2.0,55.195
1745.0,3.0,3.0,140.0
1200.0,5.0,5.0,125.0
1050.0,2.0,2.0,37.0
2400.0,4.0,4.0,500.0
1140.0,2.0,2.0,34.0
1210.0,2.0,2.0,54.0
2035.0,3.0,3.0,142.0
633.0,1.0,1.0,17.09
485.0,1.0,1.0,19.5
1112.0,2.0,2.0,40.0
1200.0,2.0,2.0,82.0
2275.0,3.0,4.0,187.0
1419.0,3.0,3.0,85.0
1195.0,2.0,2.0,42.4
2020.0,3.0,3.0,270.0
1047.0,2.0,2.0,91.0
1884.0,3.0,4.0,117.0
1200.0,3.0,3.0,149.0
905.0,2.0,2.0,58.0
1500.0,3.0,2.0,108.0
850.0,1.0,1.0,50.0
1125.0,2.0,2.0,32.49
1165.0,2.0,2.0,59.8
933.0,2.0,2.0,55.0
1305.0,3.0,2.0,77.0
1125.0,2.0,2.0,65.0
865.0,2.0,2.0,33.0
1245.0,3.0,3.0,66.0
8840.0,2.0,2.0,300.0
1145.0,3.0,2.0,60.0
2000.0,3.0,3.0,90.0
625.0,1.0,1.0,43.68
1724.0,3.0,3.0,128.0
400.0,1.0,1.0,75.0
1270.0,3.0,2.0,54.0
1250.0,3.0,3.0,39.5
1485.0,3.0,3.0,72.0
823.0,2.0,2.0,80.0
990.0,2.0,2.0,50.0
1200.0,3.0,2.0,66.0
1185.0,2.0,2.0,59.0
1140.0,2.0,2.0,78.0
1950.0,3.0,4.0,120.0
1756.0,3.0,3.0,125.0
2600.0,4.0,4.0,300.0
520.0,1.0,1.0,14.04
1025.0,2.0,2.0,48.0
1216.0,2.0,2.0,72.0
1026.0,2.0,2.0,60.8
3335.0,4.0,4.0,300.0
2700.0,5.0,4.0,125.0
1411.0,3.0,2.0,60.0
1320.0,3.0,2.0,39.6
1320.0,2.0,2.0,50.0
615.0,4.0,4.0,110.0
1804.0,3.0,3.0,155.0
1140.0,2.0,2.0,46.0
1200.0,4.0,4.0,105.0
2375.0,4.0,4.0,189.0
1750.0,3.0,3.0,120.0
960.0,9.0,5.0,130.0
1152.0,2.0,2.0,55.0
965.0,2.0,2.0,54.0
1684.0,3.0,3.0,120.0
1672.0,3.0,3.0,86.0
1075.0,2.0,2.0,60.0
1500.0,3.0,5.0,95.0
1464.0,3.0,3.0,56.0
1420.0,2.0,2.0,99.26
750.0,2.0,2.0,40.0
1169.0,2.0,2.0,64.08
1290.0,3.0,2.0,62.0
1160.0,2.0,2.0,40.6
2800.0,7.0,5.0,95.0
1500.0,3.0,3.0,70.0
1850.0,3.0,3.0,180.0
1300.0,3.0,3.0,46.0
1310.0,3.0,2.0,37.84
2750.0,3.0,5.0,550.0
2150.0,3.0,3.0,170.0
5100.0,6.0,5.0,300.0
1300.0,3.0,2.0,69.0
1875.0,3.0,2.0,110.0
1260.0,3.0,2.0,82.0
2500.0,5.0,4.0,100.0
1241.0,2.0,2.0,64.0
1025.0,2.0,2.0,45.5
1500.0,2.0,1.0,218.0
1070.0,2.0,2.0,60.0
815.0,2.0,2.0,40.0
2000.0,3.0,3.0,105.0
1400.0,2.0,2.0,190.0
1740.0,4.0,4.0,175.0
5667.5,4.0,5.0,300.0
1216.0,2.0,2.0,70.0
2200.0,3.0,2.0,190.0
3500.0,4.0,5.0,450.0
970.0,6.0,6.0,105.0
3150.0,7.0,7.0,375.0
1200.0,2.0,2.0,62.0
1026.0,2.0,2.0,50.18
450.0,1.0,1.0,20.0
1205.0,2.0,2.0,45.79
1368.0,2.0,2.0,87.0
420.0,1.0,1.0,12.5
1270.0,2.0,2.0,42.0
614.0,2.0,1.0,28.0
1050.0,2.0,2.0,58.0
1408.0,2.0,2.0,58.0
1223.0,3.0,2.0,42.81
1507.0,3.0,3.0,80.0
1160.0,2.0,2.0,57.0
1200.0,3.0,3.0,70.0
960.0,2.0,2.0,50.0
1021.0,2.0,2.0,46.0
2162.03,3.0,4.0,129.0
1065.0,2.0,2.0,36.0
400.0,1.0,1.0,10.25
1465.0,3.0,2.0,75.0
900.0,2.0,2.0,41.0
1800.0,3.0,3.0,95.0
1175.0,2.0,2.0,83.0
6729.0,3.0,4.0,900.0
1500.0,4.0,4.0,360.0
1050.0,2.0,2.0,59.0
1400.0,3.0,2.0,40.43
1650.0,3.0,3.0,150.0
1827.0,3.0,3.0,97.0
1930.0,3.0,4.0,122.0
883.0,2.0,2.0,37.0
550.0,1.0,1.0,16.75
1400.0,3.0,2.0,40.44
1350.0,4.0,4.0,310.0
1290.0,3.0,2.0,38.69
1021.0,3.0,3.0,59.0
1158.0,2.0,2.0,55.0
1200.0,5.0,4.0,99.0
1400.0,3.0,2.0,135.0
2400.0,4.0,3.0,200.0
1200.0,3.0,2.0,57.9
1520.0,3.0,3.0,125.0
777.0,1.0,1.0,38.46
2710.0,3.0,3.0,177.0
1150.0,2.0,2.0,57.0
1101.0,2.0,2.0,37.0
1200.0,3.0,2.0,110.0
1252.0,2.0,2.0,92.0
1650.0,3.0,3.0,85.0
1270.0,2.0,2.0,80.0
992.0,2.0,2.0,70.0
2000.0,3.0,3.0,85.0
893.0,2.0,2.0,34.5
1075.0,3.0,2.0,41.49
3200.0,7.0,7.0,150.0
1190.0,2.0,2.0,42.0
800.0,3.0,2.0,60.0
1814.0,3.0,3.0,63.0
1400.0,3.0,3.0,98.0
1400.0,5.0,6.0,252.0
1344.0,3.0,2.0,56.0
5400.0,4.0,5.0,475.0
1843.0,3.0,3.0,95.0
1138.0,2.0,2.0,32.0
1495.0,3.0,2.0,70.0
880.0,2.0,2.0,19.0
1396.0,3.0,3.0,74.0
1610.0,3.0,2.0,119.0
1050.0,2.0,2.0,55.0
1410.0,3.0,2.0,43.71
1050.0,2.0,2.0,37.8
1310.0,3.0,2.0,85.0
1104.0,2.0,2.0,58.0
1165.0,2.0,2.0,67.0
1027.0,2.0,2.0,44.0
1310.0,2.0,2.0,60.0
1052.0,2.0,2.0,52.0
1464.0,3.0,3.0,56.0
1000.0,2.0,2.0,45.0
2240.0,3.0,3.0,300.0
1150.0,2.0,2.0,38.08
2019.0,3.0,3.0,70.67
986.0,2.0,2.0,31.0
1350.0,1.0,1.0,145.0
800.0,8.0,8.0,140.0
1893.0,3.0,4.0,95.0
1318.0,3.0,3.0,56.0
1325.0,3.0,2.0,58.0
800.0,2.0,2.0,33.0
1300.0,3.0,3.0,42.25
1300.0,3.0,2.0,60.0
1010.0,2.0,2.0,52.0
1260.0,2.0,2.0,75.0
2500.0,4.0,4.0,170.0
1520.0,3.0,3.0,165.0
1665.0,3.0,3.0,85.0
1800.0,3.0,3.0,80.0
1197.0,2.0,2.0,75.0
1050.0,2.0,2.0,45.0
910.0,5.0,4.0,194.0
1241.0,3.0,2.0,68.0
1567.0,3.0,2.0,62.0
1747.0,3.0,3.0,110.0
1475.0,3.0,2.0,55.0
600.0,4.0,4.0,70.0
1524.0,3.0,4.0,400.0
980.0,2.0,2.0,51.0
966.0,2.0,2.0,58.0
2360.0,4.0,3.0,185.0
1112.0,2.0,2.0,62.0
550.0,2.0,1.0,16.0
1760.0,3.0,3.0,90.0
1830.0,3.0,2.0,113.0
1175.0,2.0,2.0,67.77
1175.0,2.0,2.0,41.0
1025.0,2.0,2.0,45.0
1232.0,2.0,2.0,80.0
1010.0,2.0,2.0,57.0
1273.0,2.0,2.0,60.0
1590.0,2.0,2.0,102.0
1100.0,2.0,2.0,58.5
1252.0,3.0,2.0,65.0
2615.0,4.0,5.0,222.0
1200.0,5.0,6.0,140.0
1322.0,2.0,2.0,77.9
1000.0,1.0,1.0,60.0
1755.0,3.0,3.0,117.0
1135.0,2.0,2.0,46.0
1200.0,8.0,10.0,180.0
1200.0,4.0,4.0,125.0
1260.0,2.0,2.0,85.5
3250.0,5.0,5.0,395.0
3500.0,4.0,4.0,550.0
1200.0,5.0,6.0,110.0
1100.0,3.0,2.0,53.0
1305.0,3.0,3.0,65.0
1236.0,2.0,2.0,50.0
1125.0,2.0,1.0,45.0
1075.0,2.0,2.0,32.25
2000.0,3.0,3.0,85.0
772.0,8.0,5.0,60.0
2999.97,6.0,6.0,110.0
1150.0,2.0,2.0,42.0
1440.0,4.0,4.0,240.0
1085.0,2.0,2.0,43.4
1785.0,3.0,3.0,165.0
2475.0,3.0,4.0,300.0
1930.0,3.0,4.0,120.0
600.0,2.0,4.0,70.0
800.0,2.0,1.0,45.0
2450.0,4.0,3.0,110.0
1200.0,4.0,4.0,120.0
1920.0,3.0,3.0,122.0
1085.0,2.0,2.0,34.2
760.0,1.0,1.0,50.4
1201.0,2.0,2.0,80.0
1615.0,3.0,3.0,97.0
1289.0,2.0,2.0,70.0
1991.0,3.0,4.0,100.0
1377.0,2.0,2.0,80.0
2880.0,3.0,3.0,560.0
1892.0,3.0,3.0,200.0
2176.0,3.0,3.0,348.0
663.0,1.0,1.0,32.82
1165.0,2.0,2.0,33.65
3554.0,3.0,4.0,340.0
1260.0,2.0,2.0,45.5
1095.0,2.0,2.0,39.0
1050.0,2.0,2.0,65.0
1176.0,2.0,2.0,50.0
1801.0,3.0,3.0,115.0
1315.0,2.0,2.0,55.0
1194.0,2.0,2.0,46.0
2400.0,2.0,2.0,125.0
1308.0,3.0,2.0,53.0
4250.0,4.0,4.0,610.0
1806.0,3.0,6.0,116.0
3671.0,4.0,4.0,220.0
2144.0,3.0,3.0,140.0
1065.0,2.0,2.0,33.75
1205.0,2.0,2.0,67.0
1160.0,2.0,2.0,40.58
750.0,4.0,4.0,90.0
1194.0,2.0,2.0,47.0
1200.0,3.0,3.0,56.53
1681.0,3.0,3.0,69.0
1130.0,2.0,2.0,32.64
3633.0,4.0,5.0,335.0
1843.0,3.0,3.0,90.0
1065.0,2.0,2.0,30.75
1885.0,3.0,3.0,85.52
1500.0,2.0,2.0,45.0
1210.0,2.0,2.0,69.0
1126.0,2.0,2.0,39.4
1357.0,3.0,2.0,59.0
1451.0,3.0,2.0,46.4
1600.0,4.0,3.0,185.0
950.0,2.0,2.0,55.0
960.0,2.0,2.0,48.0
1625.0,3.0,3.0,92.0
2200.0,3.0,4.0,150.0
1607.0,3.0,2.0,112.0
900.0,2.0,2.0,46.29
1080.0,2.0,2.0,38.0
2300.0,3.0,3.0,250.0
1708.0,4.0,3.0,64.05
2500.0,6.0,5.0,185.0
1690.0,3.0,2.0,116.0
2100.0,5.0,3.0,145.0
1269.0,2.0,2.0,97.0
1243.0,2.0,2.0,46.0
1890.0,3.0,3.0,84.0
1165.0,2.0,2.0,33.64
1196.0,2.0,2.0,56.81
1194.0,2.0,2.0,47.0
1630.0,3.0,3.0,110.0
1063.0,2.0,2.0,42.52
1025.0,2.0,2.0,39.98
1067.0,2.0,2.0,38.0
1299.0,2.0,2.0,89.63
1343.0,2.0,2.0,76.0
1330.0,3.0,2.0,44.0
1524.0,3.0,2.0,72.0
2236.0,4.0,4.0,153.0
2955.0,3.0,3.0,235.0
1410.0,3.0,2.0,45.12
1581.0,3.0,3.0,76.0
1205.0,2.0,2.0,79.0
1270.0,3.0,2.0,95.25
1353.0,3.0,2.0,110.0
1200.0,2.0,2.0,68.0
1250.0,3.0,2.0,70.0
1950.2,3.0,3.0,261.0
1157.0,3.0,2.0,69.0
825.0,1.0,1.0,35.475
1000.0,2.0,2.0,40.0
602.0,1.0,1.0,33.0
3000.0,5.0,4.0,900.0
1108.0,2.0,2.0,66.46
1040.0,2.0,2.0,68.0
1451.0,2.0,2.0,87.0
1196.0,2.0,2.0,40.54
850.0,1.0,1.0,37.32
2171.66,3.0,3.0,298.0
900.0,2.0,2.0,40.0
720.0,1.0,1.0,33.0
1573.0,3.0,3.0,115.0
1026.0,2.0,2.0,60.8
1400.0,3.0,2.0,78.0
1400.0,3.0,2.0,40.44
2100.0,4.0,3.0,147.0
1150.0,2.0,2.0,48.5
1500.0,3.0,3.0,88.0
2400.0,3.0,3.0,380.0
1200.0,3.0,3.0,240.0
1790.0,3.0,3.0,105.0
1125.0,2.0,2.0,75.0
1830.5,3.0,3.0,84.205
1100.0,2.0,2.0,50.0
1105.0,2.0,2.0,57.0
1110.0,2.0,2.0,46.5
708.0,1.0,1.0,41.0
1027.0,2.0,2.0,44.0
1600.0,3.0,3.0,100.0
3122.0,4.0,6.0,250.0
1205.0,2.0,2.0,37.0
1450.0,3.0,2.0,73.0
750.0,4.0,4.0,125.0
540.0,1.0,1.0,22.0
1200.0,2.0,2.0,42.0
1200.0,5.0,5.0,260.0
1837.0,3.0,2.0,95.0
1346.0,2.0,2.0,76.01
1012.0,2.0,2.0,68.0
1950.2,3.0,3.0,193.0
1125.0,2.0,2.0,55.0
1500.0,3.0,2.0,60.0
1197.0,2.0,2.0,79.9
1230.0,3.0,2.0,31.37
1100.0,2.0,2.0,47.0
1563.0,3.0,2.0,52.0
2240.0,7.0,4.0,700.0
3729.0,4.0,4.0,384.0
1600.0,3.0,3.0,120.0
1715.0,3.0,3.0,120.0
2400.0,4.0,4.0,180.0
1151.0,2.0,2.0,42.5
1200.0,6.0,6.0,220.0
1123.0,2.0,2.0,60.0
1276.0,2.0,2.0,69.5
1315.0,2.0,2.0,77.0
1270.0,3.0,2.0,50.79
1325.0,2.0,2.0,52.0
1600.0,3.0,3.0,63.2
1660.0,3.0,3.0,104.0
1299.0,2.0,2.0,58.0
953.0,2.0,2.0,90.0
1457.0,2.0,2.0,60.0
1000.0,2.0,1.0,65.0
1100.0,3.0,2.0,76.3
1075.0,3.0,2.0,33.53
1450.0,3.0,3.0,51.0
5515.0,5.0,6.0,425.0
950.0,1.0,1.0,40.0
1200.0,5.0,3.0,180.0
1013.0,2.0,2.0,60.0
1140.0,2.0,2.0,56.0
2100.0,3.0,3.0,220.0
1430.0,3.0,3.0,61.0
600.0,4.0,3.0,95.0
1600.0,3.0,3.0,77.0
1190.0,2.0,2.0,48.0
1625.0,3.0,3.0,95.0
1210.0,2.0,2.0,53.0
1615.0,3.0,3.0,150.0
1180.0,2.0,2.0,85.0
1500.0,2.0,2.0,91.0
850.0,2.0,2.0,45.0
1130.0,2.0,2.0,55.0
907.0,2.0,2.0,38.0
1300.0,2.0,2.0,90.0
1891.0,3.0,3.0,110.0
1735.0,3.0,3.0,78.0
1075.0,3.0,2.0,33.0
2040.0,7.0,4.0,123.0
1590.0,3.0,3.0,57.0
1600.0,5.0,5.0,140.0
1160.0,2.0,2.0,55.0
930.0,2.0,1.0,55.0
1010.0,2.0,2.0,58.0
1221.0,2.0,2.0,68.0
2400.0,4.0,4.0,470.0
1108.0,2.0,2.0,87.48
1000.0,4.0,4.0,120.0
1370.0,2.0,2.0,70.0
920.0,2.0,2.0,41.5
1277.0,2.0,2.0,79.89
1213.0,2.0,2.0,38.1
1653.0,3.0,3.0,85.0
2400.0,4.0,3.0,140.0
3000.0,4.0,5.0,500.0
1600.0,4.0,4.0,250.0
1321.0,3.0,2.0,40.0
1570.0,3.0,3.0,68.0
1150.0,8.0,8.0,70.0
1053.0,2.0,2.0,44.0
1325.0,3.0,2.0,56.0
1169.0,2.0,2.0,50.11
1274.0,2.0,2.0,90.0
1317.0,2.0,2.0,52.0
1195.0,2.0,2.0,75.0
2858.0,4.0,4.0,137.0
940.0,2.0,2.0,35.0
1820.0,3.0,3.0,95.5
1450.0,3.0,3.0,53.6
1615.0,3.0,3.0,96.9
2200.0,3.0,2.0,99.0
985.0,2.0,2.0,62.5
1116.0,2.0,2.0,33.0
656.0,2.0,2.0,25.0
1105.0,2.0,2.0,39.5
1220.0,2.0,2.0,55.0
1400.0,3.0,3.0,74.0
2400.0,4.0,3.0,185.0
850.0,3.0,3.0,63.0
1000.0,2.0,2.0,35.0
1660.0,3.0,3.0,80.0
1330.0,3.0,2.0,57.0
1165.0,2.0,2.0,52.0
1153.0,2.0,2.0,56.0
1270.0,2.0,2.0,45.0
1070.0,2.0,2.0,38.0
1427.0,3.0,2.0,85.0
1420.0,3.0,2.0,95.0
1600.0,4.0,5.0,130.0
2031.0,2.0,2.0,200.0
1454.0,2.0,2.0,90.0
1116.0,2.0,2.0,48.76
2000.0,4.0,3.0,180.0
1346.0,2.0,2.0,74.03
1062.0,2.0,2.0,50.0
700.0,1.0,1.0,25.5
1405.0,2.0,2.0,99.0
1100.0,2.0,2.0,50.0
2153.0,3.0,4.0,120.0
1200.0,3.0,3.0,120.0
2135.0,3.0,3.0,170.0
1125.0,2.0,2.0,47.0
1350.0,3.0,2.0,47.25
1068.0,2.0,2.0,48.0
940.0,2.0,2.0,32.9
1063.0,2.0,2.0,32.79
1382.0,2.0,2.0,84.5
936.0,2.0,2.0,45.0
1400.0,3.0,2.0,60.0
475.0,1.0,1.0,26.0
1200.0,2.0,2.0,115.0
1450.0,3.0,3.0,65.0
1162.0,2.0,2.0,52.0
1161.0,2.0,2.0,48.75
1623.29,3.0,2.0,105.0
1260.0,2.0,2.0,70.0
1672.0,4.0,3.0,190.0
3000.0,3.0,4.0,240.0
1500.0,3.0,2.0,70.0
705.0,1.0,1.0,34.545
1650.0,5.0,6.0,200.0
2000.0,3.0,3.0,200.0
1675.0,1.0,1.0,241.0
1200.0,3.0,3.0,150.0
1100.0,2.0,2.0,46.2
1400.0,3.0,2.0,56.0
2257.0,3.0,3.0,155.0
1153.0,2.0,2.0,56.5
1197.0,2.0,2.0,56.86
1150.0,2.0,2.0,90.0
595.0,1.0,1.0,40.0
1837.0,3.0,3.0,110.0
3750.0,4.0,4.0,190.0
1830.0,3.0,3.0,91.86
1715.0,3.0,3.0,115.0
970.0,2.0,2.0,35.0
1200.0,4.0,3.0,148.0
2700.0,4.0,5.0,95.75
5480.0,3.0,4.0,400.0
2400.0,4.0,5.0,135.0
3040.0,4.0,4.0,135.0
1168.0,2.0,2.0,66.0
1160.0,2.0,2.0,36.54
1500.0,3.0,3.0,75.0
600.0,2.0,2.0,72.0
1200.0,8.0,7.0,250.0
850.0,2.0,2.0,25.4
935.0,2.0,2.0,39.0
1200.0,5.0,5.0,235.0
654.0,1.0,1.0,49.0
1650.0,3.0,3.0,180.0
5656.0,3.0,5.0,499.0
1300.0,2.0,2.0,33.0
950.0,2.0,2.0,60.0
1250.0,3.0,3.0,54.0
1072.0,2.0,2.0,42.87
1425.0,3.0,2.0,65.0
1165.0,2.0,1.0,42.09
1390.0,3.0,2.0,69.49
1510.0,3.0,3.0,78.0
1305.0,2.0,2.0,90.0
1200.0,6.0,6.0,170.0
866.0,2.0,2.0,32.0
1231.0,2.0,2.0,84.5
1360.0,3.0,2.0,45.0
2500.0,3.0,3.0,138.0
1140.0,2.0,2.0,55.0
525.0,1.0,1.0,30.0
1295.0,2.0,2.0,64.5
1020.0,2.0,2.0,45.75
3504.0,4.0,4.0,262.0
1200.0,2.0,1.0,50.0
1100.0,2.0,2.0,41.0
4723.0,4.0,4.0,500.0
820.0,2.0,2.0,37.0
3508.0,4.0,4.0,386.0
3700.0,4.0,4.0,400.0
1354.0,2.0,2.0,70.0
2453.0,4.0,3.0,250.0
1154.0,2.0,2.0,51.8
1680.0,3.0,2.0,92.0
1205.0,2.0,2.0,60.0
1400.0,3.0,2.0,86.0
1625.0,3.0,3.0,150.0
1500.0,3.0,3.0,73.0
1520.0,3.0,2.0,80.0
1300.0,2.0,3.0,65.0
1150.0,2.0,2.0,47.0
1762.0,3.0,3.0,109.0
1153.0,2.0,2.0,58.0
2650.0,4.0,4.0,223.0
1350.0,3.0,2.0,47.0
950.0,2.0,2.0,56.0
3295.0,3.0,3.0,310.0
1515.0,3.0,3.0,80.5
1100.0,2.0,2.0,30.0
1250.0,2.0,2.0,65.0
1200.0,2.0,2.0,120.0
2500.0,7.0,8.0,95.0
1200.0,4.0,4.0,100.0
1355.0,3.0,2.0,51.5
1115.0,3.0,3.0,39.14
1275.0,3.0,3.0,45.0
2051.0,3.0,3.0,170.0
1470.0,3.0,2.0,99.0
1550.0,3.0,2.0,70.0
1270.0,3.0,2.0,73.0
2119.0,4.0,4.0,111.0
1600.0,3.0,3.0,170.0
1320.0,3.0,2.0,50.0
2505.0,3.0,3.0,165.0
1410.0,3.0,2.0,54.0
1200.0,2.0,2.0,70.0
1705.0,3.0,2.0,86.96
995.0,2.0,2.0,48.0
1081.0,2.0,2.0,52.0
1194.0,2.0,2.0,46.0
605.0,1.0,1.0,30.24
567.0,1.0,1.0,25.0
1718.0,2.0,3.0,275.0
1410.5,3.0,2.0,70.385
600.0,3.0,5.0,135.0
1715.0,3.0,3.0,105.0
3206.0,4.0,5.0,270.0
1500.0,4.0,4.0,235.0
1846.0,3.0,3.0,120.0
600.0,3.0,3.0,90.0
1015.0,2.0,2.0,56.0
4350.0,4.0,8.0,2600.0
1100.0,2.0,2.0,36.0
1965.0,3.0,4.0,125.0
1021.0,2.0,2.0,45.9
1230.0,2.0,2.0,67.65
1260.0,2.0,2.0,55.0
2400.0,4.0,4.0,700.0
1894.0,3.0,4.0,114.0
1500.0,6.0,4.0,233.0
1950.0,3.0,3.0,131.0
1231.0,2.0,2.0,66.0
1236.0,2.0,2.0,58.0
1800.0,4.0,3.0,120.0
1650.0,3.0,3.0,135.0
750.0,5.0,3.0,88.0
1443.0,3.0,2.0,70.0
886.0,4.0,4.0,120.0
925.0,2.0,2.0,68.0
1305.0,3.0,3.0,33.28
1190.0,2.0,2.0,46.41
1284.0,2.0,2.0,53.36
350.0,4.0,3.0,45.0
875.0,3.0,3.0,115.0
1325.0,2.0,2.0,59.0
2400.0,6.0,5.0,750.0
1183.0,2.0,2.0,79.54
1750.0,3.0,3.0,100.0
16335.0,4.0,4.0,149.0
747.0,1.0,1.0,27.0
1342.0,2.0,2.0,90.0
1113.0,2.0,2.0,52.0
1738.0,3.0,3.0,110.0
1206.0,2.0,2.0,90.0
2790.0,4.0,4.0,198.0
1162.0,2.0,2.0,59.0
1194.0,2.0,2.0,46.0
1857.0,3.0,4.0,155.0
3500.0,6.0,6.0,115.0
1763.0,2.0,3.0,240.0
1150.0,2.0,2.0,45.99
2400.0,4.0,5.0,550.0
1290.0,2.0,2.0,72.0
3408.0,4.0,5.0,145.0
900.0,2.0,2.0,145.0
1150.0,2.0,2.0,70.0
1040.0,3.0,2.0,109.0
1160.0,2.0,2.0,64.08
900.0,2.0,2.0,27.0
1750.0,4.0,3.0,185.0
1320.0,3.0,2.0,38.12
2240.0,4.0,4.0,160.0
891.0,2.0,2.0,26.0
1000.0,5.0,4.0,80.0
1852.0,3.0,3.0,125.0
1323.0,3.0,2.0,42.0
1404.0,2.0,2.0,67.5
1370.0,2.0,2.0,60.0
1385.0,3.0,2.0,48.48
1129.0,2.0,2.0,50.0
1876.0,3.0,3.0,150.0
1720.0,3.0,3.0,95.0
1200.0,4.0,4.0,80.0
1175.0,2.0,2.0,86.68
500.0,1.0,1.0,51.0
1200.0,5.0,5.0,85.0
1200.0,1.0,1.0,295.0
1893.0,3.0,3.0,130.0
1430.0,3.0,3.0,52.0
850.0,2.0,2.0,45.0
1392.0,2.0,2.0,110.0
1938.0,3.0,3.0,105.0
1020.0,2.0,2.0,52.0
2400.0,3.0,2.0,360.0
1832.0,3.0,3.0,160.0
1423.0,3.0,2.0,85.0
1432.0,2.0,2.0,85.0
1350.0,4.0,4.0,235.0
1500.0,8.0,6.0,270.0
1480.0,3.0,3.0,65.0
1843.0,3.0,3.0,96.2
760.0,3.0,4.0,95.0
1916.0,3.0,2.0,150.0
1255.0,2.0,2.0,55.5
1160.0,2.0,2.0,44.08
2640.0,2.0,2.0,170.0
1160.0,2.0,2.0,53.0
1200.0,2.0,2.0,80.0
1100.0,2.0,2.0,44.0
1500.0,3.0,3.0,100.0
1336.0,3.0,2.0,50.35
1065.0,2.0,2.0,46.0
1294.0,2.0,2.0,115.0
1550.0,3.0,3.0,68.5
1216.0,2.0,2.0,75.0
1005.0,2.0,2.0,40.0
1430.0,3.0,2.0,102.0
4100.0,4.0,4.0,660.0
1660.0,3.0,3.0,125.0
1430.0,3.0,2.0,56.0
1470.0,3.0,2.0,75.0
1045.0,2.0,2.0,76.77
4225.0,4.0,6.0,359.0
950.0,2.0,2.0,30.0
1382.0,3.0,3.0,65.0
930.0,2.0,2.0,46.0
1660.0,3.0,2.0,116.0
1290.0,2.0,2.0,71.95
1010.0,3.0,2.0,45.0
3050.0,4.0,4.0,130.0
1200.0,2.0,2.0,71.0
1650.0,3.0,3.0,140.0
1636.0,3.0,3.0,88.0
2367.0,3.0,3.0,320.0
1153.0,2.0,2.0,56.55
2087.01,3.0,4.0,160.0
1200.0,2.0,2.0,47.0
1844.0,3.0,3.0,89.0
1215.0,2.0,2.0,43.75
1194.0,2.0,2.0,57.0
1220.0,2.0,2.0,52.0
3150.0,4.0,4.0,150.0
525.0,1.0,1.0,26.0
955.0,2.0,2.0,37.97
2000.0,5.0,5.0,75.0
884.0,2.0,2.0,48.0
1250.0,2.0,2.0,68.75
7000.0,2.0,2.0,135.0
2400.0,3.0,4.0,300.0
2990.0,4.0,4.0,225.0
1195.0,2.0,2.0,52.0
2559.0,1.0,1.0,55.0
1200.0,2.0,2.0,33.0
984.0,2.0,2.0,45.75
1089.0,2.0,2.0,40.0
1165.0,2.0,2.0,52.0
410.0,1.0,1.0,10.0
1482.0,3.0,3.0,110.0
1200.0,2.0,2.0,68.0
1938.0,3.0,3.0,113.0
1166.0,3.0,2.0,34.97
1275.0,3.0,2.0,55.46
1140.0,2.0,2.0,43.0
3734.0,4.0,5.0,430.0
720.0,1.0,1.0,28.0
1200.0,3.0,3.0,228.0
1100.0,2.0,2.0,90.0
1162.0,2.0,2.0,98.77
540.0,1.0,1.0,35.0
1550.0,3.0,2.0,73.5
1300.0,3.0,3.0,145.0
1200.0,5.0,5.0,130.0
1220.0,2.0,2.0,60.0
964.0,2.0,2.0,62.0
1500.0,3.0,3.0,50.0
1347.0,3.0,2.0,44.0
5000.0,4.0,5.0,250.0
3000.0,4.0,4.0,140.0
1120.0,2.0,2.0,42.5
600.0,1.0,1.0,22.8
2321.0,3.0,4.0,157.0
540.0,1.0,1.0,24.0
1150.0,2.0,2.0,57.0
1484.0,3.0,3.0,75.0
1680.0,3.0,2.0,68.0
620.0,2.0,2.0,23.0
1650.0,3.0,3.0,78.0
1250.0,3.0,3.0,44.0
2072.0,3.0,3.0,108.0
1105.0,2.0,2.0,40.0
1200.0,2.0,2.0,60.5
3100.0,7.0,7.0,145.0
4007.0,4.0,4.0,530.0
550.0,2.0,2.0,16.0
1340.0,3.0,2.0,53.6
2409.0,3.0,3.0,395.0
1194.0,2.0,2.0,46.0
1246.0,2.0,2.0,65.0
1055.0,2.0,2.0,75.0
1541.0,3.0,3.0,69.61
1370.0,2.0,2.0,88.0
1224.0,2.0,2.0,75.0
650.0,4.0,2.0,58.0
883.0,2.0,2.0,39.0
1676.0,3.0,3.0,92.13
1154.0,2.0,2.0,57.0
1610.0,3.0,3.0,78.5
1057.0,2.0,2.0,42.0
1157.0,2.0,2.0,65.0
1200.0,4.0,4.0,85.0
1500.0,7.0,7.0,130.0
980.0,2.0,2.0,35.0
1140.0,2.0,2.0,40.0
1206.0,2.0,2.0,40.7
575.0,1.0,1.0,16.75
1600.0,3.0,3.0,170.0
2400.0,4.0,4.0,500.0
1300.0,3.0,2.0,52.0
1270.0,3.0,2.0,35.56
1128.0,2.0,2.0,63.5
640.0,1.0,1.0,45.0
2400.0,3.0,3.0,185.0
1200.0,3.0,2.0,66.0
1090.0,2.0,2.0,38.15
589.0,1.0,1.0,29.0
1125.0,2.0,2.0,28.13
1140.0,2.0,2.0,50.66
3150.0,4.0,4.0,500.0
1315.0,2.0,2.0,74.0
1435.0,3.0,2.0,115.0
1092.0,2.0,2.0,44.0
1314.0,2.0,2.0,80.0
1260.0,2.0,2.0,100.0
1875.0,7.0,5.0,192.0
1080.0,2.0,2.0,49.0
4000.0,8.0,8.0,160.0
1082.0,3.0,2.0,45.0
1150.0,3.0,3.0,65.0
1052.0,2.0,2.0,34.72
1045.0,2.0,2.0,45.0
1442.0,3.0,3.0,80.0
1500.0,3.0,2.0,75.0
497.0,2.0,1.0,20.0
1255.0,2.0,2.0,53.57
1432.0,3.0,3.0,79.0
2100.0,3.0,3.0,150.0
1450.0,2.0,2.0,80.0
1346.0,2.0,2.0,69.61
1200.0,2.0,2.0,29.0
925.0,3.0,2.0,49.82
1160.0,2.0,2.0,49.0
1768.0,3.0,3.0,81.31
1094.0,2.0,2.0,54.0
1500.0,3.0,3.0,90.0
1745.0,3.0,3.0,130.0
2875.0,7.0,7.0,85.0
3500.0,4.0,3.0,425.0
1550.0,3.0,3.0,50.0
2340.0,4.0,5.0,160.0
1655.0,3.0,3.0,113.0
2024.0,3.0,3.0,103.0
3100.0,4.0,5.0,425.0
1575.0,3.0,4.0,100.0
1920.0,3.0,3.0,130.0
6200.0,4.0,4.0,744.0
1082.0,3.0,2.0,55.0
1265.0,3.0,2.0,55.0
1100.0,3.0,2.0,45.0
1160.0,2.0,2.0,65.0
1246.0,2.0,2.0,67.4
615.0,1.0,1.0,43.08
1128.0,2.0,2.0,60.0
1260.0,2.0,2.0,55.0
1830.0,3.0,3.0,89.89
1525.0,3.0,2.0,68.0
602.0,1.0,2.0,30.0
3000.0,7.0,4.0,400.0
1835.0,3.0,3.0,89.0
1250.0,3.0,3.0,62.6
1200.0,4.0,4.0,110.0
1855.0,3.0,3.0,96.0
1450.0,3.0,3.0,60.91
2089.0,3.0,3.0,148.0
1464.0,3.0,3.0,56.0
4800.0,4.0,3.0,200.0
1200.0,2.0,2.0,44.73
1095.0,2.0,2.0,45.0
2900.0,3.0,3.0,297.0
2500.0,3.0,3.0,345.0
1170.0,3.0,3.0,80.0
1280.0,2.0,2.0,88.0
1224.0,2.0,2.0,105.0
1694.0,3.0,3.0,125.0
825.0,2.0,2.0,30.0
1612.0,3.0,3.0,98.38
985.0,2.0,2.0,25.12
1175.0,2.0,2.0,75.0
600.0,1.0,1.0,24.0
1740.0,3.0,3.0,85.0
1770.0,3.0,3.0,99.0
1000.0,8.0,7.0,260.0
1090.0,2.0,2.0,46.0
2295.0,6.0,3.0,650.0
4144.0,5.0,5.0,331.0
1800.0,3.0,3.0,130.0
1221.0,3.0,3.0,65.0
1046.0,2.0,2.0,48.0
1290.0,3.0,2.0,56.12
1065.0,2.0,2.0,30.76
1850.0,3.0,4.0,121.0
1097.0,2.0,2.0,49.0
1200.0,2.0,3.0,70.0
2160.0,3.0,3.0,170.0
1140.0,2.0,2.0,52.0
1297.0,2.0,2.0,98.0
1150.0,2.0,2.0,50.0
1375.0,2.0,2.0,45.0
1245.0,2.0,2.0,58.0
4750.0,4.0,6.0,948.0
1800.0,4.0,3.0,180.0
1594.0,3.0,3.0,140.0
1200.0,3.0,2.0,66.0
645.0,1.0,1.0,16.45
700.0,2.0,2.0,36.0
2500.0,5.0,4.0,650.0
1000.0,2.0,2.0,50.0
4000.0,6.0,5.0,540.0
1160.0,2.0,2.0,42.0
1200.0,6.0,6.0,85.0
600.0,5.0,3.0,140.0
1570.0,3.0,2.0,95.0
1290.0,2.0,2.0,88.0
1200.0,2.0,2.0,44.4
2777.29,3.0,5.0,649.0
2250.0,3.0,3.0,180.0
1270.0,2.0,2.0,172.0
1145.0,2.0,2.0,44.0
1320.0,3.0,2.0,46.0
1065.0,2.0,2.0,30.75
1650.0,3.0,3.0,48.0
1371.0,2.0,2.0,86.0
2700.0,5.0,5.0,150.0
1575.0,3.0,3.0,94.5
1362.0,2.0,2.0,66.0
3210.0,5.0,2.0,353.0
1255.0,3.0,3.0,90.0
925.0,2.0,2.0,35.0
1088.0,2.0,2.0,30.46
1234.0,2.0,2.0,80.0
2140.0,3.0,3.0,139.0
1584.0,3.0,3.0,101.0
1175.0,2.0,2.0,50.0
1555.0,3.0,3.0,52.0
645.0,1.0,1.0,16.45
1585.0,3.0,2.0,79.0
1354.0,2.0,2.0,71.0
1165.0,2.0,2.0,45.0
1200.0,3.0,3.0,75.0
1740.0,3.0,2.0,137.0
1200.0,9.0,9.0,185.0
985.0,2.0,2.0,50.17
1200.0,2.0,2.0,36.0
600.0,3.0,4.0,70.0
1340.0,3.0,2.0,47.0
1583.0,3.0,3.0,95.23
1200.0,4.0,5.0,325.0
1200.0,2.0,1.0,180.0
1122.5,2.0,2.0,61.74
1573.0,3.0,3.0,100.0
1227.0,2.0,2.0,42.88
1210.0,2.0,2.0,60.0
1650.0,3.0,3.0,125.0
1000.0,5.0,4.0,300.0
1485.0,3.0,2.0,63.0
1735.0,3.0,3.0,97.0
1730.0,3.0,3.0,175.0
1684.0,3.0,3.0,86.0
1686.0,3.0,3.0,77.0
1654.0,3.0,3.0,82.0
1600.0,3.0,3.0,105.0
1100.0,2.0,2.0,39.9
1655.0,3.0,3.0,95.0
1830.0,3.0,3.0,121.0
1430.0,3.0,3.0,85.0
1989.0,3.0,4.0,155.0
1044.0,2.0,2.0,55.0
1426.0,3.0,3.0,85.0
1115.0,2.0,2.0,50.0
1000.0,2.0,2.0,29.0
754.0,2.0,2.0,69.99
1140.0,2.0,2.0,33.06
900.0,2.0,2.0,35.0
1200.0,2.0,2.0,50.0
580.0,1.0,1.0,45.0
1200.0,3.0,2.0,66.0
1030.0,2.0,2.0,50.36
1910.0,3.0,4.0,150.0
1950.0,3.0,3.0,132.0
1724.0,3.0,3.0,125.0
1200.0,3.0,2.0,130.0
1314.0,2.0,2.0,225.0
1400.0,2.0,2.0,65.0
1400.0,3.0,2.0,68.0
1115.0,2.0,2.0,44.6
1300.0,2.0,2.0,55.86
2400.0,4.0,4.0,150.0
1332.0,2.0,2.0,108.0
1000.0,2.0,2.0,41.0
1200.0,3.0,3.0,67.75
2444.0,4.0,4.0,145.0
1070.0,2.0,2.0,48.0
1600.0,3.0,3.0,85.0
1196.0,2.0,2.0,57.95
1025.0,2.0,2.0,54.0
1220.0,3.0,3.0,56.0
2180.0,3.0,4.0,180.0
1600.0,3.0,3.0,102.0
1270.0,2.0,2.0,110.0
3290.0,3.0,4.0,460.0
1932.47,3.0,3.0,183.0
2086.0,3.0,3.0,160.0
1165.0,2.0,2.0,51.42
1310.0,3.0,3.0,63.25
1440.0,2.0,2.0,165.0
1900.0,3.0,3.0,85.0
740.0,2.0,1.0,22.0
2503.0,3.0,3.0,138.0
1075.0,2.0,2.0,60.0
1260.0,2.0,2.0,83.5
1282.0,3.0,2.0,48.72
1100.0,4.0,2.0,60.0
1717.0,3.0,3.0,125.0
1088.0,2.0,2.0,46.0
1335.0,3.0,2.0,56.0
1200.0,2.0,2.0,42.0
1325.0,3.0,2.0,60.0
1157.0,2.0,2.0,73.0
2283.0,4.0,2.0,121.0
1200.0,2.0,2.0,54.0
1510.0,3.0,2.0,65.0
1050.0,2.0,2.0,54.0
1200.0,2.0,2.0,45.0
1516.0,3.0,3.0,147.0
2400.0,6.0,6.0,475.0
1050.0,2.0,2.0,44.41
1000.0,2.0,2.0,66.0
1050.0,2.0,2.0,35.0
600.0,4.0,5.0,110.0
1194.0,2.0,2.0,65.0
600.0,4.0,3.0,62.0
1210.0,2.0,2.0,69.0
1660.0,3.0,3.0,110.0
1410.0,2.0,2.0,125.0
1305.0,2.0,2.0,67.0
1800.0,6.0,6.0,101.0
1206.0,2.0,2.0,53.0
883.0,2.0,2.0,49.0
1150.0,2.0,2.0,55.0
1100.0,2.0,2.0,65.0
1245.0,2.0,2.0,125.0
1850.0,3.0,3.0,110.0
3385.0,4.0,4.0,220.0
2150.0,4.0,3.0,85.0
3895.0,3.0,3.0,390.0
1035.0,2.0,2.0,55.0
600.0,2.0,3.0,72.0
1200.0,3.0,3.0,75.0
1155.0,2.0,2.0,69.18
1200.0,7.0,6.0,235.0
755.0,1.0,1.0,30.12
960.0,2.0,2.0,35.0
450.0,1.0,1.0,20.0
4000.0,5.0,5.0,680.0
1571.0,3.0,3.0,53.12
1691.0,3.0,3.0,119.0
1489.0,3.0,2.0,70.0
800.0,2.0,2.0,32.0
980.0,3.0,2.0,60.0
1215.0,2.0,2.0,65.0
911.0,2.0,2.0,26.5
1535.0,3.0,3.0,90.0
1200.0,5.0,5.0,205.0
1500.0,3.0,2.0,70.0
1588.0,2.0,2.0,58.0
675.0,4.0,4.0,68.0
957.0,2.0,2.0,56.0
1200.0,2.0,2.0,34.65
1495.0,3.0,2.0,52.33
845.0,2.0,2.0,34.0
3000.0,4.0,4.0,350.0
2206.0,3.0,4.0,180.0
1181.0,2.0,2.0,61.0
1309.0,2.0,2.0,69.5
1400.0,3.0,3.0,63.0
1650.0,5.0,5.0,450.0
1622.0,3.0,3.0,95.0
1225.0,2.0,2.0,48.0
1719.0,3.0,3.0,95.0
995.0,2.0,2.0,40.8
1120.0,2.0,2.0,53.0
1047.0,2.0,2.0,75.0
1466.0,3.0,3.0,59.96
1691.0,3.0,3.0,100.0
876.0,2.0,2.0,28.47
1659.0,3.0,3.0,135.0
1270.0,2.0,2.0,105.0
1269.0,3.0,2.0,50.75
1200.0,2.0,3.0,80.0
1153.0,2.0,2.0,56.5
1315.0,2.0,2.0,69.5
2485.0,4.0,4.0,198.0
1354.0,3.0,3.0,85.86
1344.0,4.0,3.0,130.0
1180.0,2.0,2.0,55.0
1313.0,2.0,2.0,68.0
1100.0,2.0,2.0,50.0
600.0,4.0,4.0,78.0
1200.0,3.0,3.0,190.0
625.0,6.0,3.0,78.0
890.0,2.0,2.0,37.0
1173.0,2.0,2.0,78.2
1190.0,2.0,2.0,55.0
1250.0,2.0,2.0,75.0
1644.0,3.0,3.0,80.51
1740.0,3.0,3.0,150.0
1710.0,3.0,3.0,110.0
1000.0,4.0,4.0,130.0
1662.0,3.0,3.0,155.0
1162.0,2.0,2.0,48.0
1362.0,2.0,2.0,85.0
540.0,1.0,1.0,22.5
1533.0,3.0,3.0,75.885
900.0,5.0,4.0,62.0
1250.0,4.0,4.0,135.0
1410.0,3.0,2.0,54.99
2665.0,4.0,5.0,125.0
970.0,2.0,2.0,45.0
1799.0,6.0,6.0,101.0
1500.0,6.0,6.0,300.0
1200.0,4.0,4.0,155.0
1810.0,3.0,3.0,97.83
1084.0,2.0,2.0,51.0
1500.0,3.0,3.0,85.0
1328.0,3.0,2.0,56.0
1485.0,3.0,2.0,90.0
1500.0,3.0,2.0,58.0
1100.0,2.0,2.0,85.0
1360.0,3.0,2.0,73.0
900.0,2.0,2.0,75.0
600.0,3.0,3.0,86.0
1031.0,2.0,2.0,54.48
955.0,2.0,2.0,38.19
1040.0,2.0,2.0,36.4
2800.0,7.0,6.0,110.0
1404.0,3.0,2.0,56.15
1200.0,2.0,2.0,46.0
1267.0,2.0,3.0,78.0
1510.0,3.0,2.0,110.0
900.0,2.0,2.0,42.0
1457.0,3.0,2.0,105.0
3596.0,4.0,4.0,268.0
1408.0,3.0,3.0,80.0
1005.0,2.0,2.0,45.0
30400.0,6.0,4.0,1824.0
545.0,2.0,1.0,28.0
1182.0,2.0,2.0,64.0
2038.5,3.0,3.0,122.0
1367.0,2.0,2.0,80.0
1200.0,5.0,4.0,200.0
1100.0,5.0,4.0,199.0
1565.0,3.0,3.0,78.0
1720.0,3.0,3.0,128.0
1107.0,2.0,2.0,44.0
1360.0,2.0,2.0,78.19
625.0,2.0,1.0,25.0
1701.0,2.0,2.0,145.0
1350.0,3.0,1.0,120.0
1016.0,2.0,2.0,39.95
1500.0,3.0,3.0,90.0
900.0,2.0,2.0,45.0
1500.0,3.0,3.0,150.0
2292.0,3.0,2.0,285.0
1280.0,3.0,3.0,42.0
1750.0,4.0,4.0,263.0
1500.0,3.0,2.0,70.0
1500.0,3.0,2.0,64.5
1245.0,2.0,2.0,59.0
1025.0,2.0,2.0,44.0
1945.0,3.0,3.0,135.0
1640.0,3.0,3.0,245.0
1348.0,3.0,2.0,80.5
1100.0,2.0,2.0,55.0
1616.0,3.0,3.0,40.0
1855.0,3.0,3.0,135.0
1255.0,2.0,2.0,56.5
2040.0,5.0,4.0,500.0
2400.0,4.0,4.0,228.0
1195.0,2.0,2.0,59.0
1022.0,2.0,2.0,35.0
760.0,6.0,6.0,98.0
1264.0,2.0,2.0,52.0
1650.0,3.0,3.0,115.0
1020.0,2.0,2.0,40.8
4395.0,4.0,4.0,242.0
950.0,2.0,2.0,25.0
2710.0,4.0,5.0,142.0
1936.0,3.0,3.0,131.0
1075.0,2.0,2.0,58.0
1223.0,2.0,2.0,93.0
1500.0,3.0,3.0,61.9
1050.0,2.0,2.0,42.73
2100.0,3.0,3.0,190.0
1200.0,5.0,4.0,240.0
1650.0,3.0,2.0,130.0
1495.0,2.0,2.0,78.0
1500.0,3.0,2.0,82.0
1605.0,3.0,3.0,260.0
1270.0,2.0,2.0,52.0
1081.0,2.0,2.0,60.0
1600.0,3.0,2.0,140.0
1596.0,3.0,3.0,118.0
600.0,6.0,6.0,65.0
1557.0,3.0,3.0,70.0
1410.0,3.0,3.0,68.0
1984.0,3.0,4.0,148.0
1196.0,2.0,2.0,60.0
2259.0,4.0,3.0,112.0
1720.0,3.0,3.0,100.0
600.0,4.0,5.0,99.0
1256.0,2.0,2.0,62.8
1243.0,2.0,2.0,46.0
1310.0,3.0,2.0,37.83
1140.0,2.0,2.0,57.0
1600.0,3.0,3.0,260.0
1790.0,3.0,3.0,120.0
1335.0,2.0,2.0,72.76
1674.0,3.0,3.0,81.0
1200.0,5.0,2.0,100.0
1786.0,3.0,3.0,79.99
770.0,4.0,3.0,65.25
1035.0,2.0,2.0,47.0
1564.0,3.0,3.0,103.0
1334.0,2.0,2.0,67.76
7150.0,10.0,13.0,3600.0
1365.0,3.0,3.0,53.96
1115.0,2.0,2.0,50.0
1020.0,2.0,2.0,42.48
1369.0,3.0,2.0,72.0
1240.0,2.0,2.0,41.0
600.0,4.0,3.0,100.0
1418.0,2.0,2.0,62.0
2250.0,3.0,3.0,219.0
500.0,2.0,1.0,20.0
1020.0,2.0,2.0,39.0
1290.0,2.0,2.0,70.0
1500.0,3.0,3.0,90.0
1290.0,3.0,3.0,62.0
1881.0,3.0,3.0,115.0
943.0,2.0,2.0,49.5
1140.0,2.0,2.0,32.93
1035.0,2.0,2.0,60.0
1500.0,3.0,3.0,71.0
5665.84,5.0,7.0,988.0
1232.0,2.0,2.0,94.28
1290.0,3.0,2.0,56.12
2610.0,4.0,4.0,306.0
1576.0,3.0,3.0,58.7
980.0,2.0,2.0,41.0
4000.0,4.0,6.0,440.0
1346.0,2.0,2.0,74.03
1181.0,2.0,2.0,55.0
6652.0,4.0,6.0,660.0
1307.0,2.0,2.0,59.0
1215.0,3.0,2.0,49.86
1180.0,2.0,2.0,80.0
600.0,1.0,1.0,55.0
1115.0,2.0,2.0,50.0
1025.0,2.0,2.0,43.04
1910.0,3.0,3.0,131.0
1200.0,2.0,2.0,50.0
2920.0,4.0,4.0,536.0
1349.0,2.0,2.0,98.0
1175.0,2.0,2.0,60.0
1150.0,2.0,2.0,40.25
935.0,2.0,2.0,32.72
1404.0,3.0,2.0,59.0
2700.0,4.0,3.0,230.0
1203.0,2.0,2.0,60.0
440.0,3.0,3.0,35.0
1571.0,3.0,3.0,63.0
1125.0,2.0,2.0,46.0
610.0,1.0,1.0,18.5
1198.0,2.0,2.0,80.0
1200.0,3.0,3.0,65.0
1200.0,2.0,2.0,45.0
6688.0,4.0,6.0,700.0
1830.0,3.0,3.0,95.0
1432.0,3.0,2.0,61.11
2300.0,3.0,2.0,70.0
1331.95,2.0,2.0,69.0
1876.0,3.0,3.0,160.0
1639.0,3.0,3.0,107.0
1200.0,4.0,4.0,125.0
1665.0,3.0,3.0,74.9
1140.0,2.0,2.0,50.66
2093.0,4.0,4.0,134.0
1450.0,3.0,3.0,60.9
1330.0,3.0,3.0,46.56
1200.0,4.0,5.0,350.0
1800.0,3.0,3.0,84.0
2872.0,4.0,4.0,183.0
1486.0,3.0,2.0,65.0
1425.0,3.0,1.0,54.0
1255.0,2.0,2.0,42.54
750.0,2.0,2.0,19.5
1225.0,2.0,2.0,58.0
1274.0,2.0,2.0,90.0
4600.0,9.0,9.0,150.0
1350.0,3.0,3.0,80.99
1100.0,2.0,2.0,64.08
1760.0,3.0,3.0,139.0
1200.0,3.0,3.0,110.0
1800.0,7.0,5.0,65.0
1095.0,3.0,2.0,28.0
1140.0,2.0,2.0,46.0
1530.0,3.0,3.0,64.86
1724.0,3.0,3.0,140.0
1058.0,2.0,2.0,47.0
1464.0,3.0,3.0,56.0
1975.0,3.0,3.0,90.0
1112.0,2.0,2.0,58.0
1600.0,2.0,2.0,90.0
1648.0,3.0,3.0,85.0
1100.0,2.0,2.0,32.0
509.0,1.0,1.0,23.0
2265.0,3.0,3.0,159.0
1200.0,2.0,2.0,46.0
530.0,1.0,1.0,18.0
1010.0,2.0,2.0,41.0
1150.0,2.0,2.0,45.0
1340.0,2.0,2.0,75.0
1850.0,3.0,3.0,98.0
907.0,2.0,2.0,40.0
1688.0,2.0,2.0,280.0
1160.0,2.0,2.0,130.0
1600.0,3.0,2.0,65.0
1800.0,6.0,5.0,140.0
3596.0,4.0,5.0,251.0
1464.0,3.0,3.0,56.0
1295.0,2.0,2.0,62.0
1012.0,2.0,2.0,62.0
1000.0,3.0,2.0,48.0
1010.0,2.0,2.0,32.0
1379.0,2.0,2.0,85.0
1121.0,2.0,2.0,75.0
1200.0,2.0,2.0,75.0
3124.0,4.0,6.0,349.0
1246.0,2.0,2.0,47.35
1420.0,3.0,3.0,90.0
600.0,2.0,1.0,65.0
1090.0,2.0,2.0,55.0
1355.0,2.0,2.0,73.0
1425.0,2.0,2.0,94.0
4000.0,8.0,7.0,110.0
1700.0,3.0,3.0,111.0
2099.0,3.0,3.0,134.0
1330.0,5.0,5.0,210.0
1520.0,3.0,2.0,69.76
1490.0,3.0,3.0,140.0
1000.0,2.0,2.0,50.0
1291.0,2.0,2.0,72.3
1339.0,2.0,2.0,67.0
1330.0,2.0,2.0,56.0
9200.0,4.0,4.0,2600.0
1200.0,8.0,8.0,140.0
1650.0,2.0,1.0,130.0
8000.0,6.0,6.0,2800.0
1125.0,2.0,2.0,44.75
1310.0,2.0,2.0,62.0
1096.0,2.0,2.0,40.0
814.0,2.0,2.0,43.7
3500.0,3.0,3.0,275.0
1140.0,2.0,2.0,44.0
1480.0,3.0,2.0,75.0
4000.0,4.0,6.0,370.0
1500.0,3.0,2.0,78.0
1850.0,3.0,3.0,89.0
745.0,2.0,2.0,36.0
613.0,1.0,1.0,48.0
1200.0,4.0,5.0,325.0
1470.0,3.0,2.0,85.0
896.0,1.0,1.0,100.0
250.0,1.0,2.0,40.0
1200.0,6.0,3.0,125.0
1160.0,2.0,2.0,45.0
1590.0,7.0,9.0,132.0
520.0,1.0,1.0,15.0
1178.0,9.0,9.0,75.0
1360.0,3.0,2.0,64.99
1155.0,2.0,2.0,64.0
520.0,1.0,1.0,14.04
1615.0,3.0,2.0,150.0
6000.0,8.0,8.0,215.0
1140.0,2.0,2.0,39.0
1508.0,3.0,3.0,77.0
2395.0,3.0,4.0,150.0
1590.0,3.0,3.0,57.0
2215.0,3.0,4.0,152.0
1667.0,3.0,3.0,130.0
1903.0,3.0,2.0,293.0
1530.0,2.0,2.0,108.0
1730.0,3.0,3.0,125.0
1048.0,2.0,2.0,44.0
1225.0,2.0,2.0,52.0
1200.0,2.0,2.0,70.0
1175.0,2.0,2.0,65.0
1075.0,1.0,2.0,52.57
1651.0,3.0,3.0,49.53
1500.0,3.0,2.0,55.0
1783.0,3.0,3.0,85.0
1015.0,2.0,2.0,35.0
1800.0,1.0,1.0,200.0
2758.0,4.0,4.0,240.0
1200.0,4.0,5.0,325.0
1132.0,2.0,2.0,70.0
1200.0,2.0,2.0,75.0
1490.0,3.0,3.0,85.0
1917.0,4.0,4.0,130.0
1703.0,3.0,3.0,120.0
1211.0,2.0,2.0,45.0
1310.0,2.0,2.0,53.0
1146.0,2.0,2.0,69.0
1041.0,2.0,2.0,53.0
1453.0,3.0,2.0,58.0
877.0,1.0,1.0,59.0
1477.0,3.0,2.0,69.5
1420.0,2.0,2.0,120.0
2000.0,3.0,2.0,360.0
1140.0,2.0,1.0,185.0
1380.0,3.0,2.0,55.0
1095.0,2.0,2.0,57.0
1258.5,2.0,2.0,59.135
1665.0,3.0,3.0,71.58
1245.0,2.0,2.0,60.0
3360.0,4.0,5.0,221.0
2010.0,3.0,3.0,201.0
1226.0,3.0,2.0,60.0
1075.0,2.0,2.0,46.76
1226.0,2.0,2.0,65.59
510.0,1.0,1.0,22.0
1153.0,2.0,2.0,60.0
1600.0,4.0,4.0,45.0
1000.0,2.0,2.0,49.5
1400.0,7.0,7.0,218.0
1256.0,2.0,2.0,65.0
1200.0,6.0,5.0,130.0
1425.0,3.0,3.0,57.0
1375.0,5.0,5.0,125.0
1919.0,3.0,3.0,117.0
2111.0,3.0,3.0,103.0
970.0,2.0,2.0,57.0
1353.0,2.0,2.0,110.0
1405.0,3.0,2.0,85.0
1285.0,2.0,2.0,90.0
1050.0,2.0,2.0,42.0
1349.0,2.0,2.0,96.8
4050.0,4.0,2.0,450.0
812.0,1.0,1.0,26.0
1440.0,3.0,2.0,63.93
2425.0,4.0,5.0,195.0
2200.0,4.0,3.0,80.0
1810.0,3.0,3.0,112.0
1200.0,2.0,2.0,140.0
1060.0,2.0,2.0,52.0
1015.0,2.0,2.0,60.0
2856.0,4.0,5.0,154.5
1500.0,5.0,6.0,145.0
1454.0,3.0,3.0,71.5
1075.0,2.0,2.0,48.0
774.0,5.0,5.0,70.0
1187.0,2.0,2.0,40.14
500.0,1.0,1.0,220.0
1200.0,4.0,5.0,325.0
1805.0,3.0,3.0,134.0
1527.0,3.0,3.0,142.0
1675.0,3.0,3.0,92.13
1050.0,2.0,2.0,52.71
1500.0,7.0,9.0,250.0
1262.0,2.0,2.0,47.0
1345.0,3.0,2.0,57.0
1715.0,3.0,3.0,112.0
3453.0,5.0,4.0,231.0
3600.0,4.0,5.0,400.0
1141.0,2.0,2.0,60.0
4689.0,4.0,4.0,488.0
550.0,1.0,1.0,17.0
